siteID,lat,lon,oldSiteID,studyChronos,studyCandura,studyDecadal,studySeeWeed,studyEucalyp,coverageData,fragment,treatment,dataCollectors,soilCores,notes,treatmentCandura,plantingYear,areaCandura,spatialLocation,season,date20x20,date5x5,canopyCoverPerc
IPTO_04R,10.35229,76.99331,Iyerpadi Top 04,Yes,No,No,No,No,20x20|Cover|5x5|TreesAbove5x5|OtherSp5x5,Iyerpadi Top,Restored,"MO,SK,MKS,Mur,VD",three cores,Soils from earlier survey,,2004,,Edge,S1,2016-10-04,2018-03-17,100
IPTO_04U,10.35028,76.98968,Iyerpadi Top 04,Yes,No,No,No,No,20x20|Cover|5x5|TreesAbove5x5|OtherSp5x5,Iyerpadi Top,Unrestored,"MO,SK,MKS,Mur",three cores,Soils from earlier survey,,2004,,Edge,S1,2016-10-05,2018-03-19,93.75
IPTO_05R,10.35174,76.99278,Iyerpadi Top 05,Yes,No,No,No,No,20x20|Cover|5x5|TreesAbove5x5|OtherSp5x5,Iyerpadi Top,Restored,"MO,SK,MKS,Mur",three cores,Soils from earlier survey,,2005,,Edge,S1,2016-10-05,2018-03-17,100
IPTO_05U,10.3502,76.98984,Iyerpadi Top 05,Yes,No,No,No,No,20x20|Cover|5x5|TreesAbove5x5|OtherSp5x5,Iyerpadi Top,Unrestored,"MO,SK,MKS,Mur",three cores,Soils from earlier survey,,2005,,Edge,S1,2016-10-05,2018-03-19,98.95833333
VAR2_10R,10.35545,76.93008,Varattuparai 2,Yes,No,No,No,No,20x20|Cover,Varattuparai 2,Restored,"MS, SK, VD, AMO",three cores,,,2010,,Edge,S1,2016-10-06,,
VAR3_10R,10.35278,76.92908,Varattuparai 3,Yes,No,No,No,No,20x20|Cover,Varattuparai 3,Restored,"SK, VD, AMO, Murthy",three cores,,,2010,,Edge,S1,2016-10-06,,
SEL2_07R,10.34262,76.93369,Selaliparai 2,Yes,No,No,No,No,20x20|Cover|5x5|TreesAbove5x5|OtherSp5x5,Selaliparai 2,Restored,"SK, VD, AMO",three cores,Soils from earlier survey,,2007,,Edge,S1,2016-10-08,2018-03-08,100
SEL1_07R,10.33777,76.93587,Selaliparai 1,Yes,No,No,No,No,20x20|Cover|5x5|TreesAbove5x5|OtherSp5x5,Selaliparai 1,Restored,"AMO, SK, VK, VD",three cores,Soils from earlier survey,,2007,,Edge,S1,2016-10-10,2018-03-08,100
SEL1_07U,10.33783,76.93429,Selaliparai 1,Yes,No,No,No,No,20x20|Cover|5x5|TreesAbove5x5|OtherSp5x5,Selaliparai 1,Unrestored,"AMO, SK, VK, VD",three cores,Soils from earlier survey,,2007,,Edge,S1,2016-10-10,2018-03-08,94.79166667
VAR4_10R,10.34515,76.92229,Varattuparai 4,Yes,No,No,No,No,20x20|Cover,Varattuparai 4,Restored,"SK, AMO, VK, Murthy, Sunderraj",three cores,,,2010,,Edge,S1,2016-10-10,,
HP40_05R,10.36807,76.9929,40 HPB 05,Yes,No,No,No,No,20x20|Cover|5x5|TreesAbove5x5|OtherSp5x5,Iyerpadi-Akkamalai,Restored,"SK, AMO, Murthy",three cores,Soils from earlier survey; Datasheet Missing,,2005,,Edge,S1,2016-10-11,2018-03-14,98.95833333
HP40_08R,10.3679,76.99445,40 HPB 07,Yes,No,No,No,No,20x20|Cover,Iyerpadi-Akkamalai,Restored,"SK, AMO, Murthy",three cores,Correct planting date is 2008; Soils from earlier survey; Datasheet Missing,,2008,,Edge,S1,2016-10-11,,
HP40_05U,10.36707,76.99002,40 HPB 05,Yes,No,No,No,No,20x20|Cover|5x5|TreesAbove5x5|OtherSp5x5,Iyerpadi-Akkamalai,Unrestored,"SK, AMO, Murthy",three cores,Soils from earlier survey; Datasheet Missing,,2005,,Edge,S1,2016-10-12,2018-03-17,56.25
HP40_08U,10.36812,76.99062,40 HPB 07,Yes,No,No,No,No,20x20|Cover,Iyerpadi-Akkamalai,Unrestored,"SK, AMO, Murthy",three cores,Correct planting date is 2008; Soils from earlier survey; Datasheet Missing,,2008,,Edge,S1,2016-10-12,,
OLV1_10R,10.34658,76.93341,Old Valparai 1,Yes,No,No,No,No,20x20|Cover|5x5|TreesAbove5x5|OtherSp5x5,Old Valparai,Restored,"SK, MS, AMO, Murthy, VD",three cores,Soils from earlier survey,,2010,,Edge,S1,2016-10-13,2018-03-08,98.95833333
OLV2_08R,10.34881,76.93459,Old Valparai 2,Yes,No,No,No,No,20x20|Cover,Old Valparai,Restored,"SK, MS, AMO, Murthy, VD",three cores,Soils from earlier survey,,2008,,Edge,S1,2016-10-13,,
SEL2_07U,10.34395,76.93364,Selaliparai 2,Yes,No,No,No,No,20x20|Cover|5x5|TreesAbove5x5|OtherSp5x5,Selaliparai 2,Unrestored,"AMO, SK, MS, Murthy, VD",three cores,Soils from earlier survey; Datasheet Missing,,2007,,Edge,S1,2016-10-13,2018-03-08,88.54166667
OLV1_10U,10.35079,76.9368,Old Valparai 1,Yes,No,No,No,No,20x20|Cover|5x5|TreesAbove5x5|OtherSp5x5,Old Valparai,Unrestored,"AMO, SK, Murthy",three cores,Soils from earlier survey; Datasheet Missing,,2010,,Edge,S1,2016-10-15,2018-03-08,84.375
OLV2_08U,10.3517,76.93798,Old Valparai 2,Yes,No,No,No,No,20x20|Cover,Old Valparai,Unrestored,"AMO, SK, Murthy",three cores,Soils from earlier survey,,2008,,Edge,S1,2016-10-15,,
VAR2_10U,10.34901,76.91976,Varattuparai 2,Yes,No,No,No,No,20x20|Cover,Varattuparai 2,Unrestored,"SK, VD, Murthy",three cores,,,2010,,Edge,S1,2016-10-24,,
VAR3_10U,10.34875,76.9193,Varattuparai 3,Yes,No,No,No,No,20x20|Cover,Varattuparai 3,Unrestored,"SK, VD, Murthy",three cores,,,2010,,Edge,S1,2016-10-24,,
VAR4_10U,10.3467,76.92072,Varattuparai 4,Yes,No,No,No,No,20x20|Cover,Varattuparai 4,Unrestored,"SK, VD, Murthy",three cores,,,2010,,Edge,S1,2016-10-24,,
IPCO_07R,10.35868,76.9963,Iyerpadi Colony 07,Yes,No,No,No,No,20x20|Cover|5x5|TreesAbove5x5|OtherSp5x5,Iyerpadi Top,Restored,"MKS, Murthy, Vanidas",three cores,,,2007,,Edge,S1,2016-11-07,2018-03-17,75
IPCO_08R,10.35891,76.99603,Iyerpadi Colony 08,Yes,No,No,No,No,20x20|Cover,Iyerpadi Top,Restored,"MKS, Murthy, Vanidas",three cores,,,2008,,Edge,S1,2016-11-07,,
IPCO_07U,10.35952,76.99557,Iyerpadi Colony 07,Yes,No,No,No,No,20x20|Cover|5x5|TreesAbove5x5|OtherSp5x5,Iyerpadi Top,Unrestored,"Srini, Murthy, Vijaykumar",three cores,,,2007,,Edge,S1,2016-11-09,2018-03-17,53.125
IPCO_08U,10.35956,76.99491,Iyerpadi Colony 08,Yes,No,No,No,No,20x20|Cover,Iyerpadi Top,Unrestored,"Srini, Murthy, Vijaykumar",three cores,,,2008,,Edge,S1,2016-11-09,,
IPTO_07R,10.35036,76.9919,Iyerpadi Top 07,Yes,No,No,No,No,20x20|Cover,Iyerpadi Top,Restored,"Srini, Murthy, Vijaykumar",three cores,,,2007,,Edge,S1,2016-11-09,,
IPTO_06R,10.35122,76.99223,Iyerpadi Top 06,Yes,No,No,No,No,20x20|Cover|5x5|TreesAbove5x5|OtherSp5x5,Iyerpadi Top,Restored,"MKS, Srini, Murthy, Vijaykumar",three cores,,,2006,,Edge,S1,2016-11-12,2018-03-17,100
IPTO_06U,10.34976,76.98991,Iyerpadi Top 06,Yes,No,No,No,No,20x20|Cover|5x5|TreesAbove5x5|OtherSp5x5,Iyerpadi Top,Unrestored,"Srini, Murthy, Vijaykumar",three cores,,,2006,,Edge,S1,2016-11-12,2018-03-19,2.083333333
IPTO_07U,10.34987,76.98985,Iyerpadi Top 07,Yes,No,No,No,No,20x20|Cover,Iyerpadi Top,Unrestored,"Srini, Murthy, Vijaykumar",three cores,,,2007,,Edge,S1,2016-11-12,,
THEN_10R,10.3539,76.93882,Thenmalai 10,Yes,No,No,No,No,20x20|Cover,Thenmalai,Restored,"Sundaraj, Murthy, Srini",three cores,,,2010,,Edge,S1,2016-11-17,,
THEN_10U,10.35466,76.93964,Thenmalai 10,Yes,No,No,No,No,20x20|Cover,Thenmalai,Unrestored,"Sundaraj, Murthy, Srini",three cores,,,2010,,Edge,S1,2016-11-17,,
H05,10.30583,76.83664,Candura H05,Yes,Yes,No,No,No,20x20|Cover|5x5|TreesAbove5x5|OtherSp5x5,Candura,Restored,"AMO, MKS, SK, Murthy, Vanidas",three cores,,Other,2008,Original,Interior,S1,2016-12-22,2018-10-12,100
H06,10.30673,76.83665,Candura H06,Yes,Yes,No,No,No,20x20|Cover|5x5|TreesAbove5x5|OtherSp5x5,Candura,Restored,"AMO, MKS, SK, Murthy, Vanidas",three cores,,Other,2009,Original,Interior,S1,2016-12-22,2018-10-11,96
I07,10.30764,76.83574,CAN_I07,No,Yes,No,No,No,20x20|Cover|5x5|TreesAbove5x5|OtherSp5x5,Candura,Planted,"AMO, MKS, SK, Murthy, Vanidas",three cores,"First planted in 2015, mostly failed76.83573 replaced by 76.83574",Other,2015,Original,Interior,S1,2016-12-22,2018-10-10,56
J06,10.30674,76.83482,Candura J06,Yes,No,No,No,No,20x20|Cover,Candura,Unrestored,"AMO, SK, Murthy, Vanidas",three cores,Control for H05 | site ID changed from CH05_08U to J06,Control,2008,Original,Interior,S1,2016-12-23,,
J07,10.30764,76.83483,CAN_J07,No,Yes,No,No,No,20x20|Cover|5x5|TreesAbove5x5|OtherSp5x5,Candura,NotPlanted,"AMO, SK, Murthy, Vanidas",three cores,Control for I0776.83481 replaced by 76.83483,Other,2015,Original,Interior,S1,2016-12-23,2018-10-10,47
K06,10.30675,76.83391,Candura K06,Yes,Yes,No,No,No,20x20|Cover|5x5|TreesAbove5x5|OtherSp5x5,Candura,Unrestored,"AMO, SK, Murthy, Vanidas",three cores,Control for H06,Other,2009,Original,Dam,S1,2016-12-23,2018-10-11,100
HP37_P1B,10.3727,76.99353,HP 37 B1,Yes,No,No,No,No,20x20|Cover|5x5|TreesAbove5x5|OtherSp5x5,Iyerpadi-Akkamalai,Benchmark,"AMO, SK, Akshay S, Murthy, Vanidas",three cores,,,,,Interior,S1,2016-12-28,2018-03-16,100
HP37_P2B,10.37457,76.99343,HP 37 B2,Yes,No,No,No,No,20x20|Cover|5x5|TreesAbove5x5|OtherSp5x5,Iyerpadi-Akkamalai,Benchmark,"AMO, SK, Akshay S, Murthy, Vanidas",three cores,,,,,Interior,S1,2016-12-28,2018-03-16,100
HP37_P3B,10.37526,76.99171,HP 37 B3,Yes,No,No,No,No,20x20|Cover|5x5|TreesAbove5x5|OtherSp5x5,Iyerpadi-Akkamalai,Benchmark,"AMO, SK, Akshay S, Murthy, Vanidas",three cores,,,,,Interior,S1,2016-12-29,2018-03-16,100
HP37_P4B,10.37456,76.99097,HP 37 B4,Yes,No,No,No,No,20x20|Cover|5x5|TreesAbove5x5|OtherSp5x5,Iyerpadi-Akkamalai,Benchmark,"AMO, SK, Akshay S, Murthy, Vanidas",three cores,,,,,Interior,S1,2016-12-29,2018-03-16,100
HP36_P1B,10.36442,76.99772,HP 36 B1,Yes,No,No,No,No,20x20|Cover|5x5|TreesAbove5x5|OtherSp5x5,Iyerpadi-Akkamalai,Benchmark,"AMO, SK, Akshay S, Murthy, Vanidas",three cores,,,,,Interior,S1,2016-12-30,2018-03-14,100
HP36_P2B,10.3638,76.99726,HP 36 B2,Yes,No,No,No,No,20x20|Cover|5x5|TreesAbove5x5|OtherSp5x5,Iyerpadi-Akkamalai,Benchmark,"AMO, SK, Akshay S, Murthy, Vanidas",three cores,,,,,Interior,S1,2016-12-30,2018-03-14,100
HP36_P3B,10.36657,76.99734,HP 36 B3,Yes,No,No,No,No,20x20|Cover|5x5|TreesAbove5x5|OtherSp5x5,Iyerpadi-Akkamalai,Benchmark,"AMO, SK, Akshay S, Murthy, Vanidas",three cores,,,,,Interior,S1,2016-12-30,2018-03-15,100
HP36_P4B,10.36889,76.99519,HP 36 B4,Yes,No,No,No,No,20x20|Cover|5x5|TreesAbove5x5|OtherSp5x5,Iyerpadi-Akkamalai,Benchmark,"AMO, SK, Akshay S, Murthy, Vanidas",three cores,,,,,Interior,S1,2016-12-30,2018-03-15,100
OLCA_P1B,10.37132,76.97489,OC B1,Yes,No,No,No,No,20x20|Cover|5x5|TreesAbove5x5|OtherSp5x5,Old Kavarkal,Benchmark,"Murthy, Akshay, Vanidas, Dayani and Srini",three cores,Old Cavarkal,,,,Interior,S1,2017-01-03,2018-03-19,100
OLCA_P2B,10.37068,76.97376,OC B2,Yes,No,No,No,No,20x20|Cover|5x5|TreesAbove5x5|OtherSp5x5,Old Kavarkal,Benchmark,"Murthy, Akshay, Vanidas, Dayani and Srini",three cores,Old Cavarkal,,,,Interior,S1,2017-01-03,2018-03-19,100
UPMA_P1B,10.3477,76.89621,UMB B1,Yes,No,No,No,No,20x20|Cover|5x5|TreesAbove5x5|OtherSp5x5,Manamboli,Benchmark,"Murthy, Vanidas and Srini",three cores,,,,,Interior,S1,2017-02-14,2018-03-20,100
UPMA_P2B,10.34762,76.89461,UMB B2,Yes,No,No,No,No,20x20|Cover|5x5|TreesAbove5x5|OtherSp5x5,Manamboli,Benchmark,"Murthy, Vanidas and Srini",three cores,,,,,Interior,S1,2017-02-14,2018-03-20,100
UPMA_P3B,10.34778,76.89386,UMB B3,Yes,No,No,No,No,20x20|Cover|5x5|TreesAbove5x5|OtherSp5x5,Manamboli,Benchmark,"Murthy, Vanidas and Srini",three cores,,,,,Interior,S1,2017-02-14,2018-03-20,100
UPMA_P4B,10.34822,76.89232,UMB B4,Yes,No,No,No,No,20x20|Cover|5x5|TreesAbove5x5|OtherSp5x5,Manamboli,Benchmark,"Murthy, Vanidas and Srini",three cores,,,,,Interior,S1,2017-02-15,2018-03-20,100
UPMA_P5B,10.3486,76.89059,UMB B5,Yes,No,No,No,No,20x20|Cover|5x5|TreesAbove5x5|OtherSp5x5,Manamboli,Benchmark,"Murthy, Vanidas and Srini",three cores,,,,,Interior,S1,2017-02-15,2018-03-20,100
I17,10.31668,76.83579,CAN_I17,No,Yes,No,No,No,20x20|Cover|5x5|TreesAbove5x5|OtherSp5x5,Candura,Planted,"Murthy, Vanidas and Srini",three cores,,Other,2016,Original,Tea Edge,S1,2017-02-16,2018-05-11,89
J17,10.31668,76.83488,CAN_J17,No,Yes,No,No,No,20x20|Cover|5x5|TreesAbove5x5|OtherSp5x5,Candura,Planted,"Murthy, Vanidas and Srini",three cores,,Other,2016,Original,Tea Edge,S1,2017-02-16,2018-05-11,100
K17,10.31669,76.83397,CAN_K17,No,Yes,No,No,No,20x20|Cover|5x5|TreesAbove5x5|OtherSp5x5,Candura,Planted,"Murthy, Vanidas and Srini",three cores,,Other,2016,Original,Tea Edge,S1,2017-02-16,2018-05-11,100
L17,10.3167,76.83305,CAN_L17,No,Yes,No,No,No,20x20|Cover|5x5|TreesAbove5x5|OtherSp5x5,Candura,Control,"Murthy, Vanidas and Srini",three cores,planting year changed from 0 to NA,Control,,Original,Tea Edge,S1,2017-02-16,2018-05-11,100
K16,10.31579,76.83396,CAN_K16,No,Yes,No,No,No,20x20|Cover|5x5|TreesAbove5x5|OtherSp5x5,Candura,Planted,"Murthy, Vanidas and Srini",three cores,,Other,2017,Original,Interior,S1,2017-02-17,2018-05-10,100
L16,10.31579,76.83305,CAN_L16,No,Yes,No,No,No,20x20|Cover|5x5|TreesAbove5x5|OtherSp5x5,Candura,Control,"Murthy, Vanidas and Srini",three cores,planting year changed from 0 to NA,Control,,Original,Interior,S1,2017-02-17,2018-05-10,100
M16,10.3158,76.83213,CAN_M16,No,Yes,No,No,No,20x20|Cover|5x5|TreesAbove5x5|OtherSp5x5,Candura,Planted,"Murthy, Vanidas and Srini",three cores,76.83214 replaced by 76.83213,Other,2017,Original,Interior,S1,2017-02-17,2018-05-10,100
M17,10.3167,76.83214,CAN_M17,No,Yes,No,No,No,20x20|Cover|5x5|TreesAbove5x5|OtherSp5x5,Candura,NotPlanted,"Murthy, Vanidas and Srini",three cores,planting year changed from 0 to NA,Other,,Original,Reserve,S1,2017-02-17,2018-05-11,100
N16,10.3158,76.83122,CAN_N16,No,Yes,No,No,No,20x20|Cover|5x5|TreesAbove5x5|OtherSp5x5,Candura,Planted,"Murthy, Vanidas and Srini",three cores,,Other,2017,Original,Reserve,S1,2017-02-17,2018-05-10,99
J16,10.31578,76.83487,CAN_J16,No,Yes,No,No,No,20x20|Cover|5x5|TreesAbove5x5|OtherSp5x5,Candura,Planted,"Murthy, Vanidas and Srini",three cores,76.83488 replaced by 76.83487,Other,2017,Original,Interior,S1,2017-02-18,2018-05-10,99
K13,10.31307,76.83394,CAN_K13,No,Yes,No,No,No,20x20|Cover|5x5|TreesAbove5x5|OtherSp5x5,Candura,Control,"Murthy, Vanidas and Srini",three cores,planting year changed from 0 to NA76.83395 replaced by 76.83394,Control,,Original,Interior,S1,2017-02-18,2018-09-12,47
K15,10.31488,76.83396,CAN_K15,No,Yes,No,No,No,20x20|Cover|5x5|TreesAbove5x5|OtherSp5x5,Candura,Control,"Murthy, Vanidas and Srini",three cores,planting year changed from 0 to NA,Control,,Original,Interior,S1,2017-02-18,2018-05-09,90
N14,10.31399,76.83121,N14,No,Yes,No,No,No,20x20|Cover|5x5|TreesAbove5x5|OtherSp5x5,Candura,Control,"Murthy, Vanidas and Srini",three cores,planting year changed from 0 to NA and old code from w to NA,Weeding-Seeding,,Original,Reserve,S1,2017-02-18,2018-09-12,99
K11,10.31127,76.83393,CAN_K11,No,Yes,No,No,No,20x20|Cover|5x5|TreesAbove5x5|OtherSp5x5,Candura,Control,"Murthy, Vanidas and Srini",three cores,planting year changed from 0 to NA,Control,,Original,Interior,S1,2017-02-22,2018-09-14,100
L12,10.31218,76.83303,CAN_L12,No,Yes,No,No,No,20x20|Cover|5x5|TreesAbove5x5|OtherSp5x5,Candura,Control,"Murthy, Vanidas and Srini",three cores,planting year changed from 0 to NA76.83302 replaced by 76.83303,Control,,Original,Interior,S1,2017-02-22,2018-09-13,93
N10,10.31038,76.83119,CAN_N10,No,Yes,No,No,No,20x20|Cover|5x5|TreesAbove5x5|OtherSp5x5,Candura,Control,"Murthy, Vanidas and Srini",three cores,planting year changed from 0 to NA,Control,,Original,Reserve,S1,2017-02-22,2018-10-08,93
F03,10.30401,76.83846,CAN_F03,No,Yes,No,No,No,20x20|Cover|5x5|TreesAbove5x5|OtherSp5x5,Candura,Control,"Murthy, Vanidas and Srini",three cores,planting year changed from 0 to NA,Control,,Original,Interior,S1,2017-02-23,2018-10-13,0
J06,10.30674,76.83482,Candura J06,No,Yes,No,No,No,20x20|Cover|5x5|TreesAbove5x5|OtherSp5x5,Candura,Control,"Murthy, Vanidas and Srini",three cores,"Repeat plot as Control for H05 (done separately, entered in Chronosequence data and Compiled Plot files)",Control,,Original,Interior,S2,2017-02-23,2018-10-11,98
K08,10.30855,76.83392,CAN_K08,No,Yes,No,No,No,20x20|Cover|5x5|TreesAbove5x5|OtherSp5x5,Candura,Control,"Murthy, Vanidas and Srini",three cores,planting year changed from 0 to NA,Control,,Original,Interior,S1,2017-02-23,2018-10-10,85
L07,10.30766,76.833,CAN_L07,No,Yes,No,No,No,20x20|Cover|5x5|TreesAbove5x5|OtherSp5x5,Candura,Control,"Murthy, Vanidas and Srini",three cores,planting year changed from 0 to NA,Control,,Original,Dam,S1,2017-02-23,2018-10-10,100
L09,10.30946,76.83301,CAN_L09,No,Yes,No,No,No,20x20|Cover|5x5|TreesAbove5x5|OtherSp5x5,Candura,Control,"Murthy, Vanidas and Srini",three cores,planting year changed from 0 to NA,Control,,Original,Interior,S1,2017-02-23,2018-10-09,100
L05,10.30585,76.83299,CAN_L05,No,Yes,No,No,No,20x20|Cover|5x5|TreesAbove5x5|OtherSp5x5,Candura,Control,"Murthy, Vanidas and Srini",three cores,planting year changed from 0 to NA,Control,,Original,Dam,S1,2017-02-24,2018-10-12,99
D02,10.30309,76.84028,CAN_D02,No,Yes,No,No,No,20x20|Cover|5x5|TreesAbove5x5|OtherSp5x5,Candura,Control,"Murthy, Vanidas and Srini",three cores,planting year changed from 0 to NA,Control,,Original,Dam,S1,2017-02-24,2018-10-15,100
E04,10.30491,76.83937,CAN_E04,No,Yes,No,No,No,20x20|Cover|5x5|TreesAbove5x5|OtherSp5x5,Candura,Control,"Murthy, Vanidas and Srini",three cores,planting year changed from 0 to NA76.83938 replaced by 76.83937,Control,,Original,Tea Edge,S1,2017-02-24,2018-10-11,59
INBS_04R,10.32423,76.92737,INJ BS R04,Yes,No,No,No,No,20x20|Cover|5x5|TreesAbove5x5|OtherSp5x5,Injipara,Restored,"Murthy, Anand, MK, Sunderraj",three cores,,,2004,,Edge,S1,2017-03-24,2018-02-20,100
INDS_03R,10.32348,76.93007,INJ DS R03,Yes,No,No,No,No,20x20|Cover|5x5|TreesAbove5x5|OtherSp5x5,Injipara,Restored,"Murthy, Anand, MK, Sunderraj",three cores,,,2003,,Edge,S1,2017-03-24,2018-02-20,100
INME_03R,10.32031,76.93046,INJ R03,Yes,No,No,No,No,20x20|Cover|5x5|TreesAbove5x5|OtherSp5x5,Injipara,Restored,"Murthy, Anand, MK, Sunderraj",three cores,,,2003,,Edge,S1,2017-03-24,2018-02-20,100
INOA_03R,10.32212,76.92667,INJ OP R03,Yes,No,No,No,No,20x20|Cover|5x5|TreesAbove5x5|OtherSp5x5,Injipara,Restored,"Murthy, Anand, MK, Sunderraj",three cores,Corrected Lat from datasheet,,2003,,Edge,S1,2017-03-24,2018-03-09,100
STM1_02R,10.32985,76.93414,ST MJ R02,Yes,No,No,No,No,20x20|Cover|5x5|TreesAbove5x5|OtherSp5x5,Stanmore,Restored,"Murthy, Anand, MK, Sunderraj",three cores,irregular shaped plot. 15x25m and 5x5m,,2002,,Edge,S1,2017-03-25,2018-02-09,98.95833333
STM2_04R,10.32971,76.93294,ST R04,Yes,No,No,No,No,20x20|Cover|5x5|TreesAbove5x5|OtherSp5x5,Stanmore,Restored,"Murthy, Anand, MK, Sunderraj",three cores,,,2004,,Edge,S1,2017-03-25,2018-02-09,98.95833333
STIN_02R,10.32727,76.93225,ST IN R02,Yes,No,No,No,No,20x20|Cover|5x5|TreesAbove5x5|OtherSp5x5,Stanmore,Restored,"MKS, Nisarg, Murthy, Sunderraj",three cores,,,2002,,Edge,S1,2017-03-28,2018-02-09,100
STM1_02U,10.3301,76.93306,ST MJ U02,Yes,No,No,No,No,20x20|Cover|5x5|TreesAbove5x5|OtherSp5x5,Stanmore,Unrestored,"MKS, Nisarg, Murthy, Sunderraj",three cores,,,2002,,Edge,S1,2017-03-28,2018-02-09,40.625
STM2_04U,10.32936,76.93313,ST U04,Yes,No,No,No,No,20x20|Cover|5x5|TreesAbove5x5|OtherSp5x5,Stanmore,Unrestored,"MKS, Nisarg, Murthy, Sunderraj",three cores,,,2004,,Edge,S1,2017-03-28,2018-02-09,48.95833333
INBS_04U,10.32487,76.92616,INJ BS U04,Yes,No,No,No,No,20x20|Cover|5x5|TreesAbove5x5|OtherSp5x5,Injipara,Unrestored,"MKS, Murthy, Sunderraj",three cores,,,2004,,Edge,S1,2017-05-11,2018-03-09,51.04166667
INDS_03U,10.32414,76.92998,INJ DS U03,Yes,No,No,No,No,20x20|Cover|5x5|TreesAbove5x5|OtherSp5x5,Injipara,Unrestored,"MKS, Murthy, Sunderraj",three cores,irregular shaped plot. 16x25m,,2003,,Edge,S1,2017-05-11,2018-02-20,100
INOA_03U,10.32413,76.92426,INJ OP U03,Yes,No,No,No,No,20x20|Cover|5x5|TreesAbove5x5|OtherSp5x5,Injipara,Unrestored,"MKS, Murthy, Sunderraj",three cores,,,2003,,Edge,S1,2017-05-11,2018-03-09,88.54166667
STIN_02U,10.32914,76.93286,ST IN U02,Yes,No,No,No,No,20x20|Cover|5x5|TreesAbove5x5|OtherSp5x5,Stanmore,Unrestored,"MKS, Murthy, Sunderraj",three cores,,,2002,,Edge,S1,2017-05-11,2018-02-09,64.58333333
PANM_P1B,10.29779,76.8932,PNMD 1,Yes,No,No,No,No,20x20|Cover,Pannimade,Benchmark,"TRSR, MKS, Murthy, Sunderraj",three cores,,,,,Middle,S1,2017-05-12,,
PANM_P2B,10.29697,76.89266,PNMD 2,Yes,No,No,No,No,20x20|Cover,Pannimade,Benchmark,"TRSR, MKS, Murthy, Sunderraj",three cores,,,,,Middle,S1,2017-05-12,,
INME_03U,10.32322,76.92351,INJ U03,Yes,No,No,No,No,20x20|Cover|5x5|TreesAbove5x5|OtherSp5x5,Injipara,Unrestored,"MKS, Murthy, Sunderraj",three cores,INJ 03 U 2 plot,,2003,,Edge,S1,2017-05-17,2018-02-20,98.95833333
L15,10.31489,76.83304,CAN_L15,No,Yes,No,No,No,20x20|Cover|5x5|TreesAbove5x5|OtherSp5x5,Candura,Planted,Vanidas and Srini,three cores,,Other,2018,Original,Interior,S1,2018-05-09,2018-05-09,95
M15,10.31489,76.83213,CAN_M15,No,Yes,No,No,No,20x20|Cover|5x5|TreesAbove5x5|OtherSp5x5,Candura,Planted,Vanidas and Srini,three cores,,Other,2018,Original,Interior,S1,2018-05-09,2018-05-09,88
N15,10.3149,76.83122,CAN_N15,No,Yes,No,No,No,20x20|Cover|5x5|TreesAbove5x5|OtherSp5x5,Candura,Planted,Vanidas and Srini,three cores,,Other,2018,Original,Reserve,S1,2018-05-10,2018-05-10,100
K14,10.31398,76.83395,CAN_K14,No,Yes,No,No,No,20x20|Cover|5x5|TreesAbove5x5|OtherSp5x5,Candura,Control,"Sundarraj, Rajesh and Srini",three cores,planting year changed from 0 to NA,Control,,Original,Interior,S1,2018-09-12,2018-09-12,99
L13,10.31308,76.83303,CAN_L13,No,Yes,No,No,No,20x20|Cover|5x5|TreesAbove5x5|OtherSp5x5,Candura,NotPlanted,"Sundarraj, Rajesh and Srini",three cores,planting year changed from 0 to NA,Weeding-Seeding,,Original,Interior,S1,2018-09-12,2018-09-12,99
L14,10.31398,76.83304,CAN_L14,No,Yes,No,No,No,20x20|Cover|5x5|TreesAbove5x5|OtherSp5x5,Candura,NotPlanted,"Sundarraj, Rajesh and Srini",three cores,planting year changed from 0 to NA,Other,,Original,Interior,S1,2018-09-12,2018-09-12,83
M13,10.31308,76.83212,CAN_M13,No,Yes,No,No,No,20x20|Cover|5x5|TreesAbove5x5|OtherSp5x5,Candura,NotPlanted,"Sundarraj, Rajesh and Srini",three cores,planting year changed from 0 to NA,Weeding-Seeding,,Original,Interior,S1,2018-09-12,2018-09-12,100
M14,10.31399,76.83212,CAN_M14,No,Yes,No,No,No,20x20|Cover|5x5|TreesAbove5x5|OtherSp5x5,Candura,NotPlanted,"Sundarraj, Rajesh and Srini",three cores,planting year changed from 0 to NA,Weeding-Seeding,,Original,Interior,S1,2018-09-12,2018-09-12,100
J12,10.31216,76.83485,CAN_J12,No,Yes,No,No,No,20x20|Cover|5x5|TreesAbove5x5|OtherSp5x5,Candura,NotPlanted,"Sundarraj, Rajesh and Srini",three cores,planting year changed from 0 to NA76.83845 replaced by 76.83485,Other,2024,Original,Tea Edge,S1,2018-09-13,2018-09-13,86
K12,10.31217,76.83394,CAN_K12,No,Yes,No,No,No,20x20|Cover|5x5|TreesAbove5x5|OtherSp5x5,Candura,NotPlanted,"Sundarraj, Rajesh and Srini",three cores,planting year changed from 0 to NA,Other,,Original,Interior,S1,2018-09-13,2018-09-13,73
M12,10.31218,76.83211,CAN_M12,No,Yes,No,No,No,20x20|Cover|5x5|TreesAbove5x5|OtherSp5x5,Candura,NotPlanted,"Sundarraj, Rajesh and Srini",three cores,planting year changed from 0 to NA,Weeding-Seeding,,Original,Interior,S1,2018-09-13,2018-09-13,92
N12,10.31219,76.8312,CAN_N12,No,Yes,No,No,No,20x20|Cover|5x5|TreesAbove5x5|OtherSp5x5,Candura,NotPlanted,"Sundarraj, Rajesh and Srini",three cores,planting year changed from 0 to NA,Weeding-Seeding,,Original,Reserve,S1,2018-09-13,2018-09-13,100
N13,10.31309,76.83121,CAN_N13,No,Yes,No,No,No,20x20|Cover|5x5|TreesAbove5x5|OtherSp5x5,Candura,NotPlanted,"Sundarraj, Rajesh and Srini",three cores,planting year changed from 0 to NA76.82121 replaced by 76.83121,Weeding-Seeding,,Original,Reserve,S1,2018-09-13,2018-09-13,100
J11,10.31126,76.83485,CAN_J11,No,Yes,No,No,No,20x20|Cover|5x5|TreesAbove5x5|OtherSp5x5,Candura,NotPlanted,"Sundarraj, Rajesh and Srini",three cores,planting year changed from 0 to NA,Other,,Original,Tea Edge,S1,2018-09-14,2018-09-14,80
L11,10.31127,76.83302,CAN_L11,No,Yes,No,No,No,20x20|Cover|5x5|TreesAbove5x5|OtherSp5x5,Candura,NotPlanted,"Sundarraj, Rajesh and Srini",three cores,planting year changed from 0 to NA,Other,,Original,Interior,S1,2018-09-14,2018-09-14,100
M11,10.31128,76.83211,CAN_M11,No,Yes,No,No,No,20x20|Cover|5x5|TreesAbove5x5|OtherSp5x5,Candura,NotPlanted,"Sundarraj, Rajesh and Srini",three cores,planting year changed from 0 to NA,Other,,Original,Interior,S1,2018-09-14,2018-09-14,95
N11,10.31128,76.8312,CAN_N11,No,Yes,No,No,No,20x20|Cover|5x5|TreesAbove5x5|OtherSp5x5,Candura,NotPlanted,"Sundarraj, Rajesh and Srini",three cores,planting year changed from 0 to NA,Other,,Original,Reserve,S1,2018-09-14,2018-09-14,66
J10,10.31036,76.83484,CAN_J10,No,Yes,No,No,No,20x20|Cover|5x5|TreesAbove5x5|OtherSp5x5,Candura,Planted,"Sundarraj, Rajesh and Srini",three cores,,Other,2019,Original,Tea Edge,S1,2018-10-08,2018-10-08,29
K10,10.31036,76.83393,CAN_K10,No,Yes,No,No,No,20x20|Cover|5x5|TreesAbove5x5|OtherSp5x5,Candura,NotPlanted,"Sundarraj, Rajesh and Srini",three cores,planting year changed from 0 to NA,Other,,Original,Interior,S1,2018-10-08,2018-10-08,100
L10,10.31037,76.83302,CAN_L10,No,Yes,No,No,No,20x20|Cover|5x5|TreesAbove5x5|OtherSp5x5,Candura,NotPlanted,"Sundarraj, Rajesh and Srini",three cores,planting year changed from 0 to NA,Other,,Original,Interior,S1,2018-10-08,2018-10-08,100
M10,10.31037,76.8321,CAN_M10,No,Yes,No,No,No,20x20|Cover|5x5|TreesAbove5x5|OtherSp5x5,Candura,NotPlanted,"Sundarraj, Rajesh and Srini",three cores,planting year changed from 0 to NA,Other,,Original,Interior,S1,2018-10-08,2018-10-08,100
I09,10.30945,76.83575,CAN_I09,No,Yes,No,No,No,20x20|Cover|5x5|TreesAbove5x5|OtherSp5x5,Candura,Planted,"Sundarraj, Rajesh and Srini",three cores,,Other,2019,Original,Tea Edge,S1,2018-10-09,2018-10-09,79
J09,10.30945,76.83484,CAN_J09,No,Yes,No,No,No,20x20|Cover|5x5|TreesAbove5x5|OtherSp5x5,Candura,Planted,"Sundarraj, Rajesh and Srini",three cores,,Other,2019,Original,Interior,S1,2018-10-09,2018-10-09,76
K09,10.30946,76.83392,CAN_K09,No,Yes,No,No,No,20x20|Cover|5x5|TreesAbove5x5|OtherSp5x5,Candura,NotPlanted,"Sundarraj, Rajesh and Srini",three cores,planting year changed from 0 to NA,Other,,Original,Interior,S1,2018-10-09,2018-10-09,83
M08,10.30856,76.83209,CAN_M08,No,Yes,No,No,No,20x20|Cover|5x5|TreesAbove5x5|OtherSp5x5,Candura,NotPlanted,"Sundarraj, Rajesh and Srini",three cores,planting year changed from 0 to NA,Other,,Original,Interior,S1,2018-10-09,2018-10-09,64
M09,10.30947,76.8321,CAN_M09,No,Yes,No,No,No,20x20|Cover|5x5|TreesAbove5x5|OtherSp5x5,Candura,NotPlanted,"Sundarraj, Rajesh and Srini",three cores,planting year changed from 0 to NA,Other,,Original,Interior,S1,2018-10-09,2018-10-09,74
N08,10.30857,76.83118,CAN_N08,No,Yes,No,No,No,20x20|Cover|5x5|TreesAbove5x5|OtherSp5x5,Candura,NotPlanted,"Sundarraj, Rajesh and Srini",three cores,planting year changed from 0 to NA,Other,,Original,Reserve,S1,2018-10-09,2018-10-09,97
N09,10.30947,76.83119,CAN_N09,No,Yes,No,No,No,20x20|Cover|5x5|TreesAbove5x5|OtherSp5x5,Candura,NotPlanted,"Sundarraj, Rajesh and Srini",three cores,planting year changed from 0 to NA,Other,,Original,Reserve,S1,2018-10-09,2018-10-09,100
O08,10.30857,76.83027,CAN_O08,No,Yes,No,No,No,20x20|Cover|5x5|TreesAbove5x5|OtherSp5x5,Candura,NotPlanted,"Sundarraj, Rajesh and Srini",three cores,planting year changed from 0 to NA,Other,,Original,Reserve,S1,2018-10-09,2018-10-09,62
H08,10.30854,76.83666,CAN_H08,No,Yes,No,No,No,20x20|Cover|5x5|TreesAbove5x5|OtherSp5x5,Candura,NotPlanted,"Sundarraj, Rajesh and Srini",three cores,planting year changed from 0 to NA,Other,,Original,Tea Edge,S1,2018-10-10,2018-10-10,100
I08,10.30854,76.83574,CAN_I08,No,Yes,No,No,No,20x20|Cover|5x5|TreesAbove5x5|OtherSp5x5,Candura,Planted,"Sundarraj, Rajesh and Srini",three cores,"First planted in 2015, mostly failed",Other,2015,Original,Interior,S1,2018-10-10,2018-10-10,25
J08,10.30855,76.83483,CAN_J08,No,Yes,No,No,No,20x20|Cover|5x5|TreesAbove5x5|OtherSp5x5,Candura,NotPlanted,"Sundarraj, Rajesh and Srini",three cores,planting year changed from 0 to NA10.30847 replaced by 10.30855,Other,,Original,Interior,S1,2018-10-10,2018-10-10,100
K07,10.30765,76.83391,CAN_K07,No,Yes,No,No,No,20x20|Cover|5x5|TreesAbove5x5|OtherSp5x5,Candura,NotPlanted,"Sundarraj, Rajesh and Srini",three cores,planting year changed from 0 to NA,Other,,Original,Interior,S1,2018-10-10,2018-10-10,100
L08,10.30856,76.83301,CAN_L08,No,Yes,No,No,No,20x20|Cover|5x5|TreesAbove5x5|OtherSp5x5,Candura,NotPlanted,"Sundarraj, Rajesh and Srini",three cores,planting year changed from 0 to NA,Other,,Original,Interior,S1,2018-10-10,2018-10-10,75
M07,10.30766,76.83209,CAN_M07,No,Yes,No,No,No,20x20|Cover|5x5|TreesAbove5x5|OtherSp5x5,Candura,NotPlanted,"Sundarraj, Rajesh and Srini",three cores,planting year changed from 0 to NA,Other,,Original,Dam,S1,2018-10-10,2018-10-10,88
F04,10.30491,76.83846,CAN_F04,No,Yes,No,No,No,20x20|Cover|5x5|TreesAbove5x5|OtherSp5x5,Candura,NotPlanted,"Sundarraj, Rajesh and Srini",three cores,planting year changed from 0 to NA,Other,,Original,Interior,S1,2018-10-11,2018-10-11,63
F05,10.30582,76.83847,CAN_F05,No,Yes,No,No,No,20x20|Cover|5x5|TreesAbove5x5|OtherSp5x5,Candura,NotPlanted,"Sundarraj, Rajesh and Srini",three cores,planting year changed from 0 to NA,Other,,Original,Tea Edge,S1,2018-10-11,2018-10-11,61
G06,10.30673,76.83756,CAN_G06,No,Yes,No,No,No,20x20|Cover|5x5|TreesAbove5x5|OtherSp5x5,Candura,NotPlanted,"Sundarraj, Rajesh and Srini",three cores,planting year changed from 0 to NA,Other,,Original,Tea Edge,S1,2018-10-11,2018-10-11,48
G07,10.30763,76.83756,CAN_G07,No,Yes,No,No,No,20x20|Cover|5x5|TreesAbove5x5|OtherSp5x5,Candura,NotPlanted,"Sundarraj, Rajesh and Srini",three cores,planting year changed from 0 to NA,Other,,Original,Tea Edge,S1,2018-10-11,2018-10-11,100
H07,10.30763,76.83665,CAN_H07,No,Yes,No,No,No,20x20|Cover|5x5|TreesAbove5x5|OtherSp5x5,Candura,NotPlanted,"Sundarraj, Rajesh and Srini",three cores,planting year changed from 0 to NA,Other,,Original,Interior,S1,2018-10-11,2018-10-11,67
I06,10.30674,76.83573,CAN_I06,No,Yes,No,No,No,20x20|Cover|5x5|TreesAbove5x5|OtherSp5x5,Candura,NotPlanted,"Sundarraj, Rajesh and Srini",three cores,planting year changed from 0 to NA,Other,,Original,Interior,S1,2018-10-11,2018-10-11,100
L06,10.30675,76.833,CAN_L06,No,Yes,No,No,No,20x20|Cover|5x5|TreesAbove5x5|OtherSp5x5,Candura,NotPlanted,"Sundarraj, Rajesh and Srini",three cores,planting year changed from 0 to NA10.30765 replaced by 10.30675,Other,,Original,Dam,S1,2018-10-11,2018-10-11,85
D03,10.304,76.84028,CAN_D03,No,Yes,No,No,No,20x20|Cover|5x5|TreesAbove5x5|OtherSp5x5,Candura,NotPlanted,"Sundarraj, Rajesh and Srini",three cores,planting year changed from 0 to NA,Other,2023,Original,Tea Edge,S1,2018-10-12,2018-10-13,24
G05,10.30582,76.83755,CAN_G05,No,Yes,No,No,No,20x20|Cover|5x5|TreesAbove5x5|OtherSp5x5,Candura,NotPlanted,"Sundarraj, Rajesh and Srini",three cores,planting year changed from 0 to NA,Other,,Original,Interior,S1,2018-10-12,2018-10-12,91
I05,10.30583,76.83573,CAN_I05,No,Yes,No,No,No,20x20|Cover|5x5|TreesAbove5x5|OtherSp5x5,Candura,NotPlanted,"Sundarraj, Rajesh and Srini",three cores,planting year changed from 0 to NA,Other,2010,Original,Interior,S1,2018-10-12,2018-10-12,94
J04,10.30493,76.83481,CAN_J04,No,Yes,No,No,No,20x20|Cover|5x5|TreesAbove5x5|OtherSp5x5,Candura,NotPlanted,"Sundarraj, Rajesh and Srini",three cores,planting year changed from 0 to NA,Other,,Original,Dam,S1,2018-10-12,2018-10-12,94
J05,10.30584,76.83482,CAN_J05,No,Yes,No,No,No,20x20|Cover|5x5|TreesAbove5x5|OtherSp5x5,Candura,NotPlanted,"Sundarraj, Rajesh and Srini",three cores,planting year changed from 0 to NA,Other,,Original,Interior,S1,2018-10-12,2018-10-12,88
K04,10.30494,76.8339,CAN_K04,No,Yes,No,No,No,20x20|Cover|5x5|TreesAbove5x5|OtherSp5x5,Candura,NotPlanted,"Sundarraj, Rajesh and Srini",three cores,planting year changed from 0 to NA,Other,,Original,Dam,S1,2018-10-12,2018-10-12,100
K05,10.30584,76.8339,CAN_K05,No,Yes,No,No,No,20x20|Cover|5x5|TreesAbove5x5|OtherSp5x5,Candura,NotPlanted,"Sundarraj, Rajesh and Srini",three cores,planting year changed from 0 to NA,Other,,Original,Interior,S1,2018-10-12,2018-10-12,100
L04,10.30494,76.83298,CAN_L04,No,Yes,No,No,No,20x20|Cover|5x5|TreesAbove5x5|OtherSp5x5,Candura,NotPlanted,"Sundarraj, Rajesh and Srini",three cores,planting year changed from 0 to NA,Other,,Original,Dam,S1,2018-10-12,2018-10-12,100
C03,10.30399,76.8412,CAN_C03,No,Yes,No,No,No,20x20|Cover|5x5|TreesAbove5x5|OtherSp5x5,Candura,NotPlanted,"Sundarraj, Rajesh and Srini",three cores,planting year changed from 0 to NA,Other,2023,Original,Tea Edge,S1,2018-10-13,2018-10-13,55
E03,10.304,76.83937,CAN_E03,No,Yes,No,No,No,20x20|Cover|5x5|TreesAbove5x5|OtherSp5x5,Candura,NotPlanted,"Sundarraj, Rajesh and Srini",three cores,planting year changed from 0 to NA,Other,,Original,Interior,S1,2018-10-13,2018-10-13,63
G03,10.30401,76.83754,CAN_G03,No,Yes,No,No,No,20x20|Cover|5x5|TreesAbove5x5|OtherSp5x5,Candura,NotPlanted,"Sundarraj, Rajesh and Srini",three cores,planting year changed from 0 to NA,Other,,Original,Dam,S1,2018-10-13,2018-10-13,73
G04,10.30492,76.83755,CAN_G04,No,Yes,No,No,No,20x20|Cover|5x5|TreesAbove5x5|OtherSp5x5,Candura,NotPlanted,"Sundarraj, Rajesh and Srini",three cores,planting year changed from 0 to NA,Other,,Original,Interior,S1,2018-10-13,2018-10-13,91
H03,10.30402,76.83663,CAN_H03,No,Yes,No,No,No,20x20|Cover|5x5|TreesAbove5x5|OtherSp5x5,Candura,NotPlanted,"Sundarraj, Rajesh and Srini",three cores,planting year changed from 0 to NA,Other,,Original,Dam,S1,2018-10-13,2018-10-13,75
H04,10.30492,76.83664,CAN_H04,No,Yes,No,No,No,20x20|Cover|5x5|TreesAbove5x5|OtherSp5x5,Candura,NotPlanted,"Sundarraj, Rajesh and Srini",three cores,planting year changed from 0 to NA,Other,,Original,Dam,S1,2018-10-13,2018-10-13,91
I03,10.30402,76.83572,CAN_I03,No,Yes,No,No,No,20x20|Cover|5x5|TreesAbove5x5|OtherSp5x5,Candura,NotPlanted,"Sundarraj, Rajesh and Srini",three cores,planting year changed from 0 to NA,Other,,Original,Dam,S1,2018-10-13,2018-10-13,100
A01,10.30217,76.84301,CAN_A01,No,Yes,No,No,No,20x20|Cover|5x5|TreesAbove5x5|OtherSp5x5,Candura,NotPlanted,"Sundarraj, Rajesh and Srini",three cores,planting year changed from 0 to NA,Other,,Original,Dam,S1,2018-10-15,2018-10-15,100
A02,10.30308,76.84302,CAN_A02,No,Yes,No,No,No,20x20|Cover|5x5|TreesAbove5x5|OtherSp5x5,Candura,NotPlanted,"Sundarraj, Rajesh and Srini",three cores,planting year changed from 0 to NA,Other,2021,Original,Tea Edge,S1,2018-10-15,2018-10-15,24
B01,10.30218,76.8421,CAN_B01,No,Yes,No,No,No,20x20|Cover|5x5|TreesAbove5x5|OtherSp5x5,Candura,NotPlanted,"Sundarraj, Rajesh and Srini",three cores,planting year changed from 0 to NA,Other,,Original,Dam,S1,2018-10-15,2018-10-15,89
B02,10.30308,76.8421,CAN_B02,No,Yes,No,No,No,20x20|Cover|5x5|TreesAbove5x5|OtherSp5x5,Candura,NotPlanted,"Sundarraj, Rajesh and Srini",three cores,planting year changed from 0 to NA,Other,2021,Original,Tea Edge,S1,2018-10-15,2018-10-15,71
C01,10.30218,76.84118,CAN_C01,No,Yes,No,No,No,20x20|Cover|5x5|TreesAbove5x5|OtherSp5x5,Candura,NotPlanted,"Sundarraj, Rajesh and Srini",three cores,planting year changed from 0 to NA10.3021 replaced by 10.30218,Other,,Original,Dam,S1,2018-10-15,2018-10-15,87
C02,10.30309,76.84119,CAN_C02,No,Yes,No,No,No,20x20|Cover|5x5|TreesAbove5x5|OtherSp5x5,Candura,NotPlanted,"Sundarraj, Rajesh and Srini",three cores,planting year changed from 0 to NA,Other,2023,Original,Interior,S1,2018-10-15,2018-10-15,96
E02,10.3031,76.83936,CAN_E02,No,Yes,No,No,No,20x20|Cover|5x5|TreesAbove5x5|OtherSp5x5,Candura,NotPlanted,"Sundarraj, Rajesh and Srini",three cores,planting year changed from 0 to NA,Other,,Original,Dam,S1,2018-10-15,2018-10-15,100
F02,10.3031,76.83845,CAN_F02,No,Yes,No,No,No,20x20|Cover|5x5|TreesAbove5x5|OtherSp5x5,Candura,NotPlanted,"Sundarraj, Rajesh and Srini",three cores,planting year changed from 0 to NA,Other,,Original,Dam,S1,2018-10-15,2018-10-15,93
PTTM_P1D,10.33952,76.96782,PUT01,No,No,No,No,No,20x20|Cover|5x5|TreesAbove5x5|OtherSp5x5,Puthuthottam,Degraded,"Abhishek, Rajesh, Moorthy, Sreeni",no sample,FragmentExtra,,,,Middle,S1,2018-11-12,2021-03-06,98
PTTM_P2D,10.33872,76.96769,PUT02,No,No,No,No,No,20x20|Cover|5x5|TreesAbove5x5|OtherSp5x5,Puthuthottam,Degraded,"Abhishek, Rajesh, Moorthy, Sreeni",no sample,FragmentExtra,,,,Middle,S1,2018-11-12,2021-03-06,98
SIRK_P1D,10.31167,76.95877,SIRK01,No,No,No,No,No,20x20|Cover|5x5|TreesAbove5x5|OtherSp5x5,Sirikundra,Degraded,"Abhishek, Sreeni, Rajesh, Moorthy",no sample,FragmentExtra,,,,Middle,S1,2018-11-12,2021-03-06,100
SIRK_P2D,10.31081,76.95982,SIRK02,No,No,No,No,No,20x20|Cover|5x5|TreesAbove5x5|OtherSp5x5,Sirikundra,Degraded,"Abhishek, Sreeni, Rajesh, Moorthy",no sample,FragmentExtra,,,,Middle,S1,2018-11-12,2021-03-06,100
SIRK_P3D,10.31213,76.95985,SIRK03,No,No,No,No,No,20x20|Cover|5x5|TreesAbove5x5|OtherSp5x5,Sirikundra,Degraded,"Abhishek, Sreeni, Rajesh, Moorthy",no sample,FragmentExtra,,,,Middle,S1,2018-11-12,2021-03-06,100
UPMA_P6B,10.34717,76.89074,UMB B6,No,No,No,No,No,20x20|Cover|5x5|TreesAbove5x5|OtherSp5x5,Manamboli,Benchmark,"VJR, VJK, Priyanka, Srini, Vanidass",no sample,,,,,Interior,S1,2020-03-24,2020-04-24,100
PANM_P3B,10.29629,76.89201,PNMD 3,No,No,No,No,No,20x20|Cover|5x5|TreesAbove5x5|OtherSp5x5,Pannimade,Benchmark,"VJR, VJK, Priyanka, Srini",no sample,,,,,Middle,S1,2020-04-27,2020-04-27,100
PANM_P4B,10.29793,76.89453,PNMD 4,No,No,No,No,No,20x20|Cover|5x5|TreesAbove5x5|OtherSp5x5,Pannimade,Benchmark,"VJR, VJK, Priyanka, Srini",no sample,,,,,Middle,S1,2020-04-27,2020-04-27,38
OLCA_P3B,10.37043,76.97517,OC B3,No,No,No,No,No,20x20|Cover|5x5|TreesAbove5x5|OtherSp5x5,Old Kavarkal,Benchmark,"Srini, VJK, VJR, Priyanka",no sample,"Old Cavarkal, hence OC",,,,Interior,S1,2020-04-28,2020-04-28,99
OLCA_P4B,10.36989,76.97445,OC B4,No,No,No,No,No,20x20|Cover|5x5|TreesAbove5x5|OtherSp5x5,Old Kavarkal,Benchmark,"Srini, VJK, VJR, Priyanka",no sample,"Old Cavarkal, hence OC",,,,Interior,S1,2020-04-28,2020-04-28,97
OLCA_P5B,10.36953,76.97558,OC B5,No,No,No,No,No,20x20|Cover|5x5|TreesAbove5x5|OtherSp5x5,Old Kavarkal,Benchmark,"Srini, VJK, VJR, Priyanka",no sample,"Old Cavarkal, hence OC",,,,Interior,S1,2020-04-28,2020-04-28,66
LOMAP7B,10.35694,76.88922,LOMAP7B,No,No,Yes,No,No,20x20|Cover,Lower Manamboli,Forest,"Akhil,Kshama,Rajesh, Moorthi",no sample,"From lemon plot gno1,2,19,20 -- added an interim lat-long until lemon's latlong can be derived",,,,,S1,2022-11-07,,
LOMAP8B,10.35726,76.8912,LOMAP8B,No,No,Yes,No,No,20x20|Cover,Lower Manamboli,Forest,"Akhil,Kshama,Rajesh, Moorthi",no sample,"From lemon plot gno 89, 90,91, 92 -- -- added an interim lat-long until lemon's latlong can be derived",,,,,S1,2022-11-11,,
IPTO_04R,10.35229,76.99331,Iyerpadi Top 04,Yes,No,No,No,No,20x20|Cover|5x5|TreesAbove5x5|OtherSp5x5,Iyerpadi Top,Restored,"Akhil, Madhavan, Sundarraj, Srini, Jyotsna and Rajesh",no sample,,,2004,,,S2,2022-11-21,2022-12-21,91
IPTO_05R,10.35174,76.99278,Iyerpadi Top 05,Yes,No,No,No,No,20x20|Cover|5x5|TreesAbove5x5|OtherSp5x5,Iyerpadi Top,Restored,"Akhil, Madhavan, Sundarraj, Srini, Jyotsna and Rajesh",no sample,changed from 10.35179 to 10.351794,,2005,,,S2,2022-11-21,2022-12-21,94
IPTO_06R,10.35122,76.99223,Iyerpadi Top 06,Yes,No,No,No,No,20x20|Cover|5x5|TreesAbove5x5|OtherSp5x5,Iyerpadi Top,Restored,"Akhil, Madhavan, Sundarraj, Srini, Jyotsna and Rajesh",no sample,,,2006,,,S2,2022-11-21,2022-12-21,91
IPTO_07R,10.35036,76.9919,Iyerpadi Top 07,Yes,No,No,No,No,20x20|Cover|5x5|TreesAbove5x5|OtherSp5x5,Iyerpadi Top,Restored,"Akhil, Madhavan, Sundarraj, Srini, Jyotsna and Rajesh",no sample,,,2007,,,S2,2022-11-21,2022-12-21,97
HP40_05R,10.36807,76.9929,40 HPB 05,Yes,No,No,No,No,20x20|Cover|5x5|TreesAbove5x5|OtherSp5x5,Iyerpadi-Akkamalai,Restored,"Akhil, Madhavan, Sundarraj, Srini, Arun, Jyotsna and Rajesh",no sample,,,2005,,,S2,2022-11-22,2022-12-21,95
HP40_05U,10.36707,76.99002,40 HPB 05,Yes,No,No,No,No,20x20|Cover|5x5|TreesAbove5x5|OtherSp5x5,Iyerpadi-Akkamalai,Unrestored,"Akhil, Madhavan, Sundarraj, Srini, Arun, Jyotsna and Rajesh",no sample,,,2005,,,S2,2022-11-22,2022-12-21,86
HP40_08R,10.3679,76.99445,40 HPB 07,Yes,No,No,No,No,20x20|Cover|5x5|TreesAbove5x5|OtherSp5x5,Iyerpadi-Akkamalai,Restored,"Akhil, Madhavan, Sundarraj, Srini, Arun, Jyotsna and Rajesh",no sample,,,2008,,,S2,2022-11-22,2022-12-21,88
HP40_08U,10.36812,76.99062,40 HPB 07,Yes,No,No,No,No,20x20|Cover|5x5|TreesAbove5x5|OtherSp5x5,Iyerpadi-Akkamalai,Unrestored,"Akhil, Madhavan, Sundarraj, Srini, Arun, Jyotsna and Rajesh",no sample,,,2008,,,S2,2022-11-22,2022-12-21,39
OLCA_P1B,10.37132,76.97489,OC B1,Yes,No,No,No,No,20x20|Cover|5x5|TreesAbove5x5|OtherSp5x5,Old Kavarkal,Benchmark,"Sundarraj, Rajesh, Madhavan, Jyotsna, Akhil, Arjun and Srini",no sample,,,,,,S2,2022-11-22,2022-12-23,99
HP37_P1B,10.3727,76.99353,HP 37 B1,Yes,No,Yes,No,No,20x20|Cover|5x5|TreesAbove5x5|OtherSp5x5,Iyerpadi-Akkamalai,Benchmark,"Sundarraj, Rajesh, Madhavan, Jyotsna, Akhil, Arjun and Srini",no sample,,,,,,S2,2022-11-23,2022-12-22,98
HP37_P2B,10.37457,76.99343,HP 37 B2,Yes,No,Yes,No,No,20x20|Cover|5x5|TreesAbove5x5|OtherSp5x5,Iyerpadi-Akkamalai,Benchmark,"Sundarraj, Rajesh, Madhavan, Jyotsna, Akhil, Arjun and Srini",no sample,changed from 10.37957 to 10.37457,,,,,S2,2022-11-23,2022-12-22,94
OLCA_P2B,10.37068,76.97376,OC B2,Yes,No,No,No,No,20x20|Cover|5x5|TreesAbove5x5|OtherSp5x5,Old Kavarkal,Benchmark,"Sundarraj, Rajesh, Madhavan, Jyotsna, Akhil, Arjun and Srini",no sample,,,,,,S2,2022-11-23,2022-12-23,100
OLCA_P3B,10.37043,76.97517,OC B3,Yes,No,No,No,No,20x20|Cover|5x5|TreesAbove5x5|OtherSp5x5,Old Kavarkal,Benchmark,"Sundarraj, Rajesh, Madhavan, Jyotsna, Akhil, Arjun and Srini",no sample,changed from 10.37093 to 10.37043,,,,,S2,2022-11-23,2022-12-23,99
OLCA_P4B,10.36989,76.97445,OC B4,Yes,No,No,No,No,20x20|Cover|5x5|TreesAbove5x5|OtherSp5x5,Old Kavarkal,Benchmark,"Sundarraj, Rajesh, Madhavan, Jyotsna, Akhil, Arjun and Srini",no sample,,,,,,S2,2022-11-23,2022-12-23,99
OLCA_P5B,10.36953,76.97558,OC B5,Yes,No,No,No,No,20x20|Cover|5x5|TreesAbove5x5|OtherSp5x5,Old Kavarkal,Benchmark,"Sundarraj, Rajesh, Madhavan, Jyotsna, Akhil, Arjun and Srini",no sample,,,,,,S2,2022-11-23,2022-12-23,89
HP37_P3B,10.37526,76.99171,HP 37 B3,Yes,No,Yes,No,No,20x20|Cover|5x5|TreesAbove5x5|OtherSp5x5,Iyerpadi-Akkamalai,Benchmark,"Akhil, Madhavan, Sundarraj and Rajesh",no sample,,,,,,S2,2022-11-24,2022-12-22,99
HP37_P4B,10.37456,76.99097,HP 37 B4,Yes,No,Yes,No,No,20x20|Cover|5x5|TreesAbove5x5|OtherSp5x5,Iyerpadi-Akkamalai,Benchmark,"Akhil, Madhavan, Sundarraj and Rajesh",no sample,,,,,,S2,2022-11-24,2022-12-22,95
IPCO_07R,10.35868,76.9963,Iyerpadi Colony 07,Yes,No,No,No,No,20x20|Cover|5x5|TreesAbove5x5|OtherSp5x5,Iyerpadi Top,Restored,"Akhil, Madhavan, Sundarraj, Srini and Rajesh",no sample,,,2007,,,S2,2022-11-24,2022-12-22,8
IPCO_07U,10.35952,76.99557,Iyerpadi Colony 07,Yes,No,No,No,No,20x20|Cover|5x5|TreesAbove5x5|OtherSp5x5,Iyerpadi Top,Unrestored,"Akhil, Madhavan, Sundarraj, Srini and Rajesh",no sample,changed from 76.9957 to 76.99557,,2007,,,S2,2022-11-24,2022-12-22,8
IPCO_08R,10.35891,76.99603,Iyerpadi Colony 08,Yes,No,No,No,No,20x20|Cover|5x5|TreesAbove5x5|OtherSp5x5,Iyerpadi Top,Restored,"Akhil, Madhavan, Sundarraj, Srini and Rajesh",no sample,,,2008,,,S2,2022-11-24,2022-12-22,100
IPCO_08U,10.35956,76.99491,Iyerpadi Colony 08,Yes,No,No,No,No,20x20|Cover|5x5|TreesAbove5x5|OtherSp5x5,Iyerpadi Top,Unrestored,"Akhil, Madhavan, Sundarraj, Srini and Rajesh",no sample,,,2008,,,S2,2022-11-24,2022-12-22,77
HP36_P1B,10.36442,76.99772,HP 36 B1,Yes,No,Yes,No,No,20x20|Cover|5x5|TreesAbove5x5|OtherSp5x5,Iyerpadi-Akkamalai,Benchmark,"Akhil, Madhavan, Sundarraj, Rajesh and Srini",no sample,,,,,,S2,2022-11-25,2022-12-23,99
HP36_P2B,10.3638,76.99726,HP 36 B2,Yes,No,Yes,No,No,20x20|Cover|5x5|TreesAbove5x5|OtherSp5x5,Iyerpadi-Akkamalai,Benchmark,"Akhil, Madhavan, Sundarraj, Rajesh and Srini",no sample,,,,,,S2,2022-11-25,2022-12-23,100
HP36_P3B,10.36657,76.99734,HP 36 B3,Yes,No,Yes,No,No,20x20|Cover|5x5|TreesAbove5x5|OtherSp5x5,Iyerpadi-Akkamalai,Benchmark,"Akhil, Madhavan, Sundarraj and Rajesh",no sample,,,,,,S2,2022-11-25,2022-12-23,99
HP36_P4B,10.36889,76.99519,HP 36 B4,Yes,No,Yes,No,No,20x20|Cover|5x5|TreesAbove5x5|OtherSp5x5,Iyerpadi-Akkamalai,Benchmark,Akhil and Madhavan,no sample,,,,,,S2,2022-11-25,2022-12-23,95
IPTO_04U,10.35028,76.98968,Iyerpadi Top 04,Yes,No,No,No,No,20x20|Cover|5x5|TreesAbove5x5|OtherSp5x5,Iyerpadi Top,Unrestored,"Akhil, Madhavan, Sundarraj, Srini and Rajesh",no sample,,,2004,,,S2,2022-11-25,2022-12-21,91
IPTO_05U,10.3502,76.98984,Iyerpadi Top 05,Yes,No,No,No,No,20x20|Cover|5x5|TreesAbove5x5|OtherSp5x5,Iyerpadi Top,Unrestored,"Akhil, Madhavan, Sundarraj, Srini and Rajesh",no sample,,,2005,,,S2,2022-11-25,2022-12-21,98
IPTO_06U,10.34976,76.98991,Iyerpadi Top 06,Yes,No,No,No,No,20x20|Cover|5x5|TreesAbove5x5|OtherSp5x5,Iyerpadi Top,Unrestored,"Akhil, Madhavan, Sundarraj, Srini and Rajesh",no sample,,,2006,,,S2,2022-11-25,2022-12-21,88
IPTO_07U,10.34987,76.98985,Iyerpadi Top 07,Yes,No,No,No,No,20x20|Cover|5x5|TreesAbove5x5|OtherSp5x5,Iyerpadi Top,Unrestored,"Akhil, Madhavan, Sundarraj, Srini and Rajesh",no sample,changed from 10.34969 to and 76.9901 to 76.98985,,2007,,,S2,2022-11-25,2022-12-21,9
SEL1_07R,10.33777,76.93587,Selaliparai 1,Yes,No,No,No,No,20x20|Cover|5x5|TreesAbove5x5|OtherSp5x5,Selaliparai 1,Restored,"Rajesh, Akhil and Sundarraj",no sample,,,2007,,,S2,2022-11-26,2022-12-22,78
SEL1_07U,10.33783,76.93429,Selaliparai 1,Yes,No,No,No,No,20x20|Cover|5x5|TreesAbove5x5|OtherSp5x5,Selaliparai 1,Unrestored,"Rajesh, Akhil and Sundarraj",no sample,,,2007,,,S2,2022-11-26,2022-12-22,65
SEL2_07R,10.34262,76.93369,Selaliparai 2,Yes,No,No,No,No,20x20|Cover|5x5|TreesAbove5x5|OtherSp5x5,Selaliparai 2,Restored,"Rajesh, Akhil, Srini, Arun and Sundarraj",no sample,,,2007,,,S2,2022-11-26,2022-12-22,79
SEL2_07U,10.34395,76.93364,Selaliparai 2,Yes,No,No,No,No,20x20|Cover|5x5|TreesAbove5x5|OtherSp5x5,Selaliparai 2,Unrestored,"Rajesh, Akhil, Srini, Arun and Sundarraj",no sample,,,2007,,,S2,2022-11-26,2022-12-22,26
THEN_10R,10.3539,76.93882,Thenmalai 10,Yes,No,No,No,No,20x20|Cover|5x5|TreesAbove5x5|OtherSp5x5,Thenmalai,Restored,"Rajesh, Akhil, Srini, Arun and Sundarraj",no sample,,,2010,,,S2,2022-11-26,2022-12-22,92
THEN_10U,10.35466,76.93964,Thenmalai 10,Yes,No,No,No,No,20x20|Cover|5x5|TreesAbove5x5|OtherSp5x5,Thenmalai,Unrestored,"Rajesh, Akhil, Srini, Arun and Sundarraj",no sample,,,2010,,,S2,2022-11-26,2022-12-22,65
INBS_04R,10.32423,76.92737,INJ BS R04,Yes,No,No,No,No,20x20|Cover|5x5|TreesAbove5x5|OtherSp5x5,Injipara,Restored,"Sundarraj, Madhavan, Jyotsna, Arun and Srini",no sample,,,2004,,,S2,2022-11-28,2022-12-23,98
STIN_02R,10.32727,76.93225,ST IN R02,Yes,No,No,No,No,20x20|Cover|5x5|TreesAbove5x5|OtherSp5x5,Stanmore,Restored,"Sundarraj, Madhavan, Jyotsna, Arun and Srini",no sample,,,2002,,,S2,2022-11-28,2022-12-23,98
STIN_02U,10.32914,76.93286,ST IN U02,Yes,No,No,No,No,20x20|Cover|5x5|TreesAbove5x5|OtherSp5x5,Stanmore,Unrestored,"Sundarraj, Madhavan, Jyotsna, Arun and Srini",no sample,,,2002,,,S2,2022-11-28,2022-12-23,98
STM1_02R,10.32985,76.93414,ST MJ R02,Yes,No,No,No,No,20x20|Cover|5x5|TreesAbove5x5|OtherSp5x5,Stanmore,Restored,"Sundarraj, Madhavan, Jyotsna, Arun and Srini",no sample,,,2002,,,S2,2022-11-28,2022-12-23,100
STM1_02U,10.3301,76.93306,ST MJ U02,Yes,No,No,No,No,20x20|Cover|5x5|TreesAbove5x5|OtherSp5x5,Stanmore,Unrestored,"Sundarraj, Madhavan, Jyotsna, Arun and Srini",no sample,,,2002,,,S2,2022-11-28,2022-12-23,0
STM2_04R,10.32971,76.93294,ST R04,Yes,No,No,No,No,20x20|Cover|5x5|TreesAbove5x5|OtherSp5x5,Stanmore,Restored,"Sundarraj, Madhavan, Jyotsna, Arun and Srini",no sample,,,2004,,,S2,2022-11-28,2022-12-23,98
STM2_04U,10.32936,76.93313,ST U04,Yes,No,No,No,No,20x20|Cover|5x5|TreesAbove5x5|OtherSp5x5,Stanmore,Unrestored,"Sundarraj, Madhavan, Jyotsna, Arun and Srini",no sample,changed from 10.32396 to 10.32936,,2004,,,S2,2022-11-28,2022-12-23,92
VAR2_10R,10.35545,76.93008,Varattuparai 2,Yes,No,No,No,No,20x20|Cover|5x5|TreesAbove5x5|OtherSp5x5,Varattuparai 2,Restored,"Akhil, Rajesh and Moorthi",no sample,,,2010,,,S2,2022-11-28,2022-12-22,84
VAR2_10U,10.34901,76.91976,Varattuparai 2,Yes,No,No,No,No,20x20|Cover|5x5|TreesAbove5x5|OtherSp5x5,Varattuparai 2,Unrestored,"Akhil, Rajesh and Moorthi",no sample,,,2010,,,S2,2022-11-28,2022-12-22,13
VAR3_10R,10.35278,76.92908,Varattuparai 3,Yes,No,No,No,No,20x20|Cover|5x5|TreesAbove5x5|OtherSp5x5,Varattuparai 3,Restored,"Akhil, Rajesh and Moorthi",no sample,changed from 76.90908 to 76.92908,,2010,,,S2,2022-11-28,2022-12-22,90
VAR3_10U,10.34875,76.9193,Varattuparai 3,Yes,No,No,No,No,20x20|Cover|5x5|TreesAbove5x5|OtherSp5x5,Varattuparai 3,Unrestored,"Akhil, Rajesh and Moorthi",no sample,,,2010,,,S2,2022-11-28,2022-12-22,100
VAR4_10R,10.34515,76.92229,Varattuparai 4,Yes,No,No,No,No,20x20|Cover|5x5|TreesAbove5x5|OtherSp5x5,Varattuparai 4,Restored,"Akhil, Rajesh and Moorthi",no sample,,,2010,,,S2,2022-11-28,2022-12-22,90
VAR4_10U,10.3467,76.92072,Varattuparai 4,Yes,No,No,No,No,20x20|Cover|5x5|TreesAbove5x5|OtherSp5x5,Varattuparai 4,Unrestored,"Akhil, Rajesh and Moorthi",no sample,,,2010,,,S2,2022-11-28,2022-12-22,80
INDS_03R,10.32348,76.93007,INJ DS R03,Yes,No,No,No,No,20x20|Cover|5x5|TreesAbove5x5|OtherSp5x5,Injipara,Restored,"Srini, Madhavan, Arun, Sundarraj and Jyotsna",no sample,,,2003,,,S2,2022-11-29,2022-12-23,87
INDS_03U,10.32414,76.92998,INJ DS U03,Yes,No,No,No,No,20x20|Cover|5x5|TreesAbove5x5|OtherSp5x5,Injipara,Unrestored,"Srini, Madhavan, Arun, Sundarraj and Jyotsna",no sample,,,2003,,,S2,2022-11-29,2022-12-23,100
INME_03R,10.32031,76.93046,INJ R03,Yes,No,No,No,No,20x20|Cover|5x5|TreesAbove5x5|OtherSp5x5,Injipara,Restored,"Srini, Madhavan, Arun, Sundarraj and Jyotsna",no sample,,,2003,,,S2,2022-11-29,2022-12-23,100
INOA_03R,10.32212,76.92667,INJ OP R03,Yes,No,No,No,No,20x20|Cover|5x5|TreesAbove5x5|OtherSp5x5,Injipara,Restored,"Sundarraj, Madhavan, Jyotsna, Arun and Srini",no sample,changed from 10.32256 to 10.32212 and 76.92633 to 76.92667,,2003,,,S2,2022-11-29,2022-12-23,80
OLV1_10R,10.34658,76.93341,Old Valparai 1,Yes,No,No,No,No,20x20|Cover|5x5|TreesAbove5x5|OtherSp5x5,Old Valparai,Restored,"Akhil, Rajesh and Moorthi",no sample,,,2010,,,S2,2022-11-29,2022-12-22,62
OLV1_10U,10.35079,76.9368,Old Valparai 1,Yes,No,No,No,No,20x20|Cover|5x5|TreesAbove5x5|OtherSp5x5,Old Valparai,Unrestored,"Akhil, Rajesh and Moorthi",no sample,change from 10.34656 to 10.35079 and 76.93341 to 76.9368,,2010,,,S2,2022-11-29,2022-12-22,56
OLV2_08R,10.34881,76.93459,Old Valparai 2,Yes,No,No,No,No,20x20|Cover|5x5|TreesAbove5x5|OtherSp5x5,Old Valparai,Restored,"Akhil, Rajesh and Moorthi",no sample,,,2008,,,S2,2022-11-29,2022-12-22,82
OLV2_08U,10.3517,76.93798,Old Valparai 2,Yes,No,No,No,No,20x20|Cover|5x5|TreesAbove5x5|OtherSp5x5,Old Valparai,Unrestored,"Akhil, Rajesh and Moorthi",no sample,,,2008,,,S2,2022-11-29,2022-12-22,91
PTTM_P2D,10.33872,76.96769,PUT02,Yes,No,No,No,No,20x20|Cover|5x5|TreesAbove5x5|OtherSp5x5,Puthuthottam,Degraded,"Akhil, Rajesh and Moorthi",no sample,,,,,,S2,2022-11-29,2022-12-22,86
INBS_04U,10.32487,76.92616,INJ BS U04,Yes,No,No,No,No,20x20|Cover|5x5|TreesAbove5x5|OtherSp5x5,Injipara,Unrestored,"Rajesh, Jyotsna, Akhil, Arun and Srini",no sample,,,2004,,,S2,2022-11-30,2022-12-23,52
INME_03U,10.32322,76.92351,INJ U03,Yes,No,No,No,No,20x20|Cover|5x5|TreesAbove5x5|OtherSp5x5,Injipara,Unrestored,"Rajesh, Arun, Jyotsna, Akhil  and Srini",no sample,,,2003,,,S2,2022-11-30,2022-12-23,97
INOA_03U,10.32413,76.92426,INJ OP U03,Yes,No,No,No,No,20x20|Cover|5x5|TreesAbove5x5|OtherSp5x5,Injipara,Unrestored,"Rajesh, Jyotsna, Akhil, Arun and Srini",no sample,,,2003,,,S2,2022-11-30,2022-12-23,74
PTTM_P1D,10.33952,76.96782,PUT01,Yes,No,No,No,No,20x20|Cover|5x5|TreesAbove5x5|OtherSp5x5,Puthuthottam,Degraded,"Rajesh, Arun, Jyotsna, Akhil  and Srini",no sample,,,,,,S2,2022-11-30,2022-12-22,86
SIRK_P1D,10.31167,76.95877,SIRK01,Yes,No,No,No,No,20x20|Cover|5x5|TreesAbove5x5|OtherSp5x5,Sirikundra,Degraded,"Rajesh, Arun, Jyotsna, Akhil  and Srini",no sample,,,,,,S2,2022-11-30,2022-12-24,99
SIRK_P2D,10.31081,76.95982,SIRK02,Yes,No,No,No,No,20x20|Cover|5x5|TreesAbove5x5|OtherSp5x5,Sirikundra,Degraded,"Rajesh, Arun, Jyotsna, Akhil  and Srini",no sample,changed from 10.31082 to 10.31081,,,,,S2,2022-11-30,2022-12-24,100
SIRK_P3D,10.31213,76.95985,SIRK03,Yes,No,No,No,No,20x20|Cover|5x5|TreesAbove5x5|OtherSp5x5,Sirikundra,Degraded,"Rajesh, Arun, Jyotsna, Akhil  and Srini",no sample,,,,,,S2,2022-11-30,2022-12-24,96
PANM_P1B,10.29779,76.8932,PNMD 1,Yes,No,No,No,No,20x20|Cover|5x5|TreesAbove5x5|OtherSp5x5,Pannimade,Benchmark,"Srini, Madhavan, Arun, Sundarraj and Akshay",no sample,,,,,,S2,2022-12-05,2022-12-23,100
PANM_P2B,10.29697,76.89266,PNMD 2,Yes,No,No,No,No,20x20|Cover|5x5|TreesAbove5x5|OtherSp5x5,Pannimade,Benchmark,"Srini, Madhavan, Arun, Sundarraj and Akshay",no sample,,,,,,S2,2022-12-05,2022-12-23,99
PANM_P3B,10.29629,76.89201,PNMD 3,Yes,No,No,No,No,20x20|Cover|5x5|TreesAbove5x5|OtherSp5x5,Pannimade,Benchmark,"Srini, Madhavan, Arun, Sundarraj and Akshay",no sample,,,,,,S2,2022-12-05,2022-12-23,99
PANM_P4B,10.29793,76.89453,PNMD 4,Yes,No,No,No,No,20x20|Cover|5x5|TreesAbove5x5|OtherSp5x5,Pannimade,Benchmark,"Srini, Madhavan, Arun, Sundarraj and Akshay",no sample,,,,,,S2,2022-12-05,2022-12-23,100
H05,10.30583,76.83664,Candura H05,Yes,Yes,No,No,No,20x20|Cover|5x5|TreesAbove5x5|OtherSp5x5,Candura,Restored,"Sundaraj, Madhavan and Srini",no sample,,Other,2008,Original,Interior,S2,2022-12-19,2022-12-19,95
H06,10.30673,76.83665,Candura H06,Yes,Yes,No,No,No,20x20|Cover|5x5|TreesAbove5x5|OtherSp5x5,Candura,Restored,"Sundaraj, Madhavan, Akhil, Rajesh and Srini",no sample,,Other,2009,Original,Interior,S2,2022-12-19,2022-12-19,100
J06,10.30674,76.83482,Candura J06,Yes,Yes,No,No,No,20x20|Cover|5x5|TreesAbove5x5|OtherSp5x5,Candura,Control,"Sundaraj, Madhavan and Srini",no sample,changed a typo of 2008 to NA in plantingyear / plot code became CH05_08U / now changed back to J06,Control,,Original,Interior,S3,2022-12-19,2022-12-19,86
K06,10.30675,76.83391,Candura K06,Yes,Yes,No,No,No,20x20|Cover|5x5|TreesAbove5x5|OtherSp5x5,Candura,Unrestored,"Sundaraj, Madhavan and Srini",no sample,,Other,2008,Original,Dam,S2,2022-12-19,2022-12-19,94
UPMA_P1B,10.3477,76.89621,UMB B1,Yes,No,Yes,No,No,20x20|Cover|5x5|TreesAbove5x5|OtherSp5x5,Manamboli,Benchmark,"Akhil, Srini, Sundarraj and Rajesh",no sample,,,,,,S2,2022-12-20,2022-12-20,100
UPMA_P2B,10.34762,76.89461,UMB B2,Yes,No,Yes,No,No,20x20|Cover|5x5|TreesAbove5x5|OtherSp5x5,Manamboli,Benchmark,"Akhil, Srini, Sundarraj and Rajesh",no sample,,,,,,S2,2022-12-20,2022-12-20,99
UPMA_P3B,10.34778,76.89386,UMB B3,Yes,No,Yes,No,No,20x20|Cover|5x5|TreesAbove5x5|OtherSp5x5,Manamboli,Benchmark,"Akhil, Srini, Sundarraj and Rajesh",no sample,,,,,,S2,2022-12-20,2022-12-20,100
UPMA_P4B,10.34822,76.89232,UMB B4,Yes,No,Yes,No,No,20x20|Cover|5x5|TreesAbove5x5|OtherSp5x5,Manamboli,Benchmark,"Akhil, Srini, Sundarraj and Rajesh",no sample,,,,,,S2,2022-12-20,2022-12-20,98
UPMA_P5B,10.3486,76.89059,UMB B5,Yes,No,Yes,No,No,20x20|Cover|5x5|TreesAbove5x5|OtherSp5x5,Manamboli,Benchmark,"Akhil, Srini, Sundarraj and Rajesh",no sample,,,,,,S2,2022-12-20,2022-12-20,100
UPMA_P6B,10.34717,76.89074,UMB B6,Yes,No,Yes,No,No,20x20|Cover|5x5|TreesAbove5x5|OtherSp5x5,Manamboli,Benchmark,"Akhil, Srini, Sundarraj and Rajesh",no sample,,,,,,S2,2022-12-20,2022-12-20,85
AGO_01R,10.34977,76.93764,AGO_01R,Yes,No,No,No,No,20x20|Cover|5x5|TreesAbove5x5|OtherSp5x5,TATA AG Office,Restored,"Sundarraj, Rajesh and Srini",no sample,,,2021,,Edge,S1,2022-12-24,2022-12-24,15
AGO_02R,10.34934,76.93723,AGO_02R,Yes,No,No,No,No,20x20|Cover|5x5|TreesAbove5x5|OtherSp5x5,TATA AG Office,Restored,"Sundarraj, Rajesh and Srini",no sample,,,2021,,Edge,S1,2022-12-24,2022-12-24,24
AGO_03R,10.3502,76.93838,AGO_03R,Yes,No,No,No,No,20x20|Cover|5x5|TreesAbove5x5|OtherSp5x5,TATA AG Office,Restored,"Sundarraj, Rajesh and Srini",no sample,,,2021,,Edge,S1,2022-12-24,2022-12-24,5
LOMAP10B,10.35722,76.88797,LOMAP10B,No,No,Yes,No,No,20x20|Cover,Lower Manamboli,Forest,"Rajesh, Akhil and Moorthi",no sample,Centroid 2m from Mallotus auropunctatus in 270deg NW,,,,,S1,2023-03-06,,
LOMAP11B,10.35643,76.88811,LOMAP11B,No,No,Yes,No,No,20x20|Cover,Lower Manamboli,Forest,"Rajesh, Akhil and Moorthi",no sample,Centroid 2.5m from Cleidion sp. In NE 88deg direction,,,,,S1,2023-03-06,,
LOMAP12B,10.3598,76.88838,LOMAP12B,No,No,Yes,No,No,20x20|Cover,Lower Manamboli,Forest,"Rajesh, Akhil and Moorthi",no sample,Centroid 2.5m from Vateria indica in SW 230deg in direction,,,,,S1,2023-03-06,,
LOMAP13B,10.35875,76.88754,LOMAP13B,No,No,Yes,No,No,20x20|Cover,Lower Manamboli,Forest,"Rajesh, Akhil and Moorthi",no sample,Centroid 1.5m from Vateria sp. SW 215deg,,,,,S1,2023-03-06,,
LOMAP14B,10.3607,76.89109,LOMAP14B,No,No,Yes,No,No,20x20|Cover,Lower Manamboli,Forest,"Rajesh, Akhil and Moorthi",no sample,Centroid 1.5m from Paracroton sp. SW 215deg,,,,,S1,2023-03-06,,
LOMAP2B,10.3608,76.89273,LOMAP2B,No,No,Yes,No,No,20x20|Cover,Lower Manamboli,Forest,"Rajesh, Akhil and Moorthi",no sample,Centroid 3.5m and NW 270deg from Syzygium lanceolatum,,,,,S1,2023-03-06,,
LOMAP5B,10.36025,76.8904,LOMAP5B,No,No,Yes,No,No,20x20|Cover,Lower Manamboli,Forest,"Rajesh, Akhil and Moorthi",no sample,Centroid 3.2m from Syzygium gardneri SE 150deg,,,,,S1,2023-03-06,,
LOMAP9B,10.35804,76.88733,LOMAP9B,No,No,Yes,No,No,20x20|Cover,Lower Manamboli,Forest,"Rajesh, Akhil and Moorthi",no sample,Centroid 3m from Achronichya penduculata in 150deg SW,,,,,S1,2023-03-06,,
LOMAP15B,10.36152,76.8925,LOMAP15B,No,No,Yes,No,No,20x20|Cover,Lower Manamboli,Forest,"Rajesh, Akhil and Moorthi",no sample,Centroid 2.7m from Vateria indica SE 157deg,,,,,S1,2023-03-07,,
LOMAP16B,10.35905,76.89088,LOMAP16B,No,No,Yes,No,No,20x20|Cover,Lower Manamboli,Forest,"Sundarraj, Arun and Srini",no sample,Centroid 1m from Acronychia pedunculata NW 319deg. Elevation:794,,,,,S1,2023-03-07,,
LOMAP17B,10.35826,76.88894,LOMAP17B,No,No,Yes,No,No,20x20|Cover,Lower Manamboli,Forest,"Sundarraj, Arun and Srini",no sample,Centroid 0.75m from Dimorphocalyx beddomei SE 155deg. Elevation:787,,,,,S1,2023-03-07,,
LOMAP18B,10.35606,76.88865,LOMAP18B,No,No,Yes,No,No,20x20|Cover,Lower Manamboli,Forest,"Sundarraj, Arun and Srini",no sample,Centroid 1.2m from Paracroton pendulus SE 134deg. Elevation:825,,,,,S1,2023-03-07,,
LOMAP19B,10.35478,76.88808,LOMAP19B,No,No,Yes,No,No,20x20|Cover,Lower Manamboli,Forest,"Sundarraj, Arun and Srini",no sample,Centroid 1m from Meliosma pinnata E 111deg. Elevation:856,,,,,S1,2023-03-07,,
LOMAP1B,10.35972,76.89315,LOMAP1B,No,No,Yes,No,No,20x20|Cover,Lower Manamboli,Forest,"Rajesh, Akhil and Moorthi",no sample,Centroid 3m from Reinwardtiodendron anaimalaiense NE 20deg,,,,,S1,2023-03-07,,
LOMAP20B,10.35874,76.88884,LOMAP20B,No,No,Yes,No,No,20x20|Cover,Lower Manamboli,Forest,"Sundarraj, Arun and Srini",no sample,,,,,,S1,2023-03-07,,
LOMAP3B,10.36288,76.89244,LOMAP3B,No,No,Yes,No,No,20x20|Cover,Lower Manamboli,Forest,"Rajesh, Akhil and Moorthi",no sample,Centroid from Vitex altissima SW 190deg,,,,,S1,2023-03-07,,
LOMAP4B,10.36066,76.89183,LOMAP4B,No,No,Yes,No,No,20x20|Cover,Lower Manamboli,Forest,"Rajesh, Akhil and Moorthi",no sample,Centroid 1.7m from Cryptocarya sp. NE 30deg,,,,,S1,2023-03-07,,
LOMAP6B,10.35866,76.89018,LOMAP6B,No,No,Yes,No,No,20x20|Cover,Lower Manamboli,Forest,"Sundarraj, Arun and Srini",no sample,Centroid 1.3m from Macaranga indica E 80deg. Elevation:789,,,,,S1,2023-03-07,,
UPMA10B,10.3462,76.89561,UPMA10B,No,No,Yes,No,No,20x20|Cover,Upper Manamboli,Forest,"Rajesh, Akhil and Moorthi",no sample,Centroid 1.5m from Canarium strictum NE 45deg,,,,,S1,2023-03-08,,
UPMA19B,10.34681,76.8955,UPMA19B,No,No,Yes,No,No,20x20|Cover,Upper Manamboli,Forest,"Rajesh, Akhil and Moorthi",no sample,Centroid 2.5m from Drypetes malabarica SW 265deg,,,,,S1,2023-03-08,,
UPMA7B,10.34874,76.89704,UPMA7B,No,No,Yes,No,No,20x20|Cover,Upper Manamboli,Forest,"Rajesh, Akhil and Moorthi",no sample,Centroid 1m from Drypetes malabarica SW 130deg,,,,,S1,2023-03-08,,
UPMA8B,10.34729,76.89642,UPMA8B,No,No,Yes,No,No,20x20|Cover,Upper Manamboli,Forest,"Rajesh, Akhil and Moorthi",no sample,Centroid 2m from Drypetes malabarica NE 20deg,,,,,S1,2023-03-08,,
UPMAP13B,10.34784,76.89741,UPMAP13B,No,No,Yes,No,No,20x20|Cover,Upper Manamboli,Forest,"Rajesh, Akhil and Moorthi",no sample,Centroid 5.5m from Syzygium laetum NE 75deg,,,,,S1,2023-03-08,,
UPMAP14B,10.3905,76.89632,UPMAP14B,No,No,Yes,No,No,20x20|Cover,Upper Manamboli,Forest,"Rajesh, Akhil and Moorthi",no sample,Centroid 1.5m from Mastixia arborea SW 245deg,,,,,S1,2023-03-08,,
UPMAP15B,10.34911,76.89545,UPMAP15B,No,No,Yes,No,No,20x20|Cover,Upper Manamboli,Forest,"Rajesh, Akhil and Moorthi",no sample,Centroid 3.2m from Vateria indica NW 350deg,,,,,S1,2023-03-08,,
UPMAP16B,10.34983,76.89592,UPMAP16B,No,No,Yes,No,No,20x20|Cover,Upper Manamboli,Forest,"Rajesh, Akhil and Moorthi",no sample,Centroid 1.5m from Drypetes malabarica SW 333deg,,,,,S1,2023-03-08,,
UPMAP17B,10.34842,76.89538,UPMAP17B,No,No,Yes,No,No,20x20|Cover,Upper Manamboli,Forest,"Rajesh, Akhil and Moorthi",no sample,Centroid 3m from Paracroton pendulus NW 345deg,,,,,S1,2023-03-08,,
UPMAP18B,10.34774,76.89536,UPMAP18B,No,No,Yes,No,No,20x20|Cover,Upper Manamboli,Forest,"Rajesh, Akhil and Moorthi",no sample,Centroid 2m from Villebrunea integrifolia NE 70deg,,,,,S1,2023-03-08,,
UPMA_20B,10.34844,76.89342,UPMA_20B,No,No,Yes,No,No,20x20|Cover,Upper Manamboli,Forest,"Rajesh, Akhil and Moorthi",no sample,Centroid 3m from Cullenia exarillata SW 250deg,,,,,S1,2023-03-10,,
UPMA_2P24B,10.34998,76.89047,UPMA_2P24B,No,No,Yes,No,No,20x20|Cover,Upper Manamboli,Forest,"Rajesh, Akhil and Moorthi",no sample,Centroid 3.3m from Cullenia erarillata NE 45deg,,,,,S1,2023-03-10,,
UPMA_P11B,10.34741,76.89891,UPMA_P11B,No,No,Yes,No,No,20x20|Cover,Upper Manamboli,Forest,"Rajesh, Akhil and Moorthi",no sample,Centroid Mallotus tetrecocus in middle of the rocks,,,,,S1,2023-03-10,,
UPMA_P12B,10.34875,76.89922,UPMA_P12B,No,No,Yes,No,No,20x20|Cover,Upper Manamboli,Forest,"Rajesh, Akhil and Moorthi",no sample,Centroid 2.5m from Palaquium sp. SE 130deg,,,,,S1,2023-03-10,,
UPMA_P21B,10.34904,76.89297,UPMA_P21B,No,No,Yes,No,No,20x20|Cover,Upper Manamboli,Forest,"Rajesh, Akhil and Moorthi",no sample,Centroid 1.5m from Myristica beddomei SE 170deg,,,,,S1,2023-03-10,,
UPMA_P22B,10.34995,76.89256,UPMA_P22B,No,No,Yes,No,No,20x20|Cover,Upper Manamboli,Forest,"Rajesh, Akhil and Moorthi",no sample,Centroid 2.5m from Agrostistachys borneensis SW 200deg,,,,,S1,2023-03-10,,
UPMA_P23B,10.34978,76.89134,UPMA_P23B,No,No,Yes,No,No,20x20|Cover,Upper Manamboli,Forest,"Rajesh, Akhil and Moorthi",no sample,Centroid 3.5m from Drypetes wightii SW 225deg,,,,,S1,2023-03-10,,
UPMA_P25B,10.35027,76.89376,UPMA_P25B,No,No,Yes,No,No,20x20|Cover,Upper Manamboli,Forest,"Rajesh, Akhil and Moorthi",no sample,Centroid 3m from Vateria indica NE 60deg,,,,,S1,2023-03-10,,
UPMA_P9B,10.34729,76.89434,UPMA_P9B,No,No,Yes,No,No,20x20|Cover,Upper Manamboli,Forest,"Rajesh, Akhil and Moorthi",no sample,Centroid 2m from Palaquium ellipticum SW 225deg,,,,,S1,2023-03-10,,
HP36_P10B,10.36309,77.00171,HP 36 B,No,No,Yes,No,No,20x20|Cover,Iyerpadi-Akkamalai,Forest,Sundaraj and Srini,no sample,Centroid 1m from Heritiera papilio NE 58deg. Elevation:1370 and GPS error:12m,,,,,S1,2023-03-14,,
HP36_P11B,10.36215,77.00082,HP 36 B,No,No,Yes,No,No,20x20|Cover,Iyerpadi-Akkamalai,Forest,Sundaraj and Srini,no sample,Centroid .5m from Nothopegia sp. NE 60deg. Elevation:1361 and GPS error:9m,,,,,S1,2023-03-14,,
HP36_P7B,10.36447,77.0002,HP 36 B,No,No,Yes,No,No,20x20|Cover,Iyerpadi-Akkamalai,Forest,Sundaraj and Srini,no sample,Centroid .7m from Syzygium hemisphericum E 70deg. Elevation:1368 and GPS error:10m,,,,,S1,2023-03-14,,
HP36_P8B,10.36341,77.00062,HP 36 B,No,No,Yes,No,No,20x20|Cover,Iyerpadi-Akkamalai,Forest,Sundaraj and Srini,no sample,Centroid 1m from Cullenia exarillata E 90deg. Elevation:1388m,,,,,S1,2023-03-14,,
HP36_P9B,10.36431,77.00175,HP 36 B,No,No,Yes,No,No,20x20|Cover,Iyerpadi-Akkamalai,Forest,Sundaraj and Srini,no sample,Centroid .7m from Garcinia pushpangadaniana E 90deg. Elevation:1400 and GPS error:13m,,,,,S1,2023-03-14,,
HP37_P10B,10.37311,76.99288,HP 37 B,No,No,Yes,No,No,20x20|Cover,Iyerpadi-Akkamalai,Forest,"Rajesh, Akhil and Moorthi",no sample,Centroid .7m from Casearia sp. NW 345deg,,,,,S1,2023-03-14,,
HP37_P11B,10.37333,76.99227,HP 37 B,No,No,Yes,No,No,20x20|Cover,Iyerpadi-Akkamalai,Forest,"Rajesh, Akhil and Moorthi",no sample,Centroid 3.2m from Tricalysia sp. SW 210deg,,,,,S1,2023-03-14,,
HP37_P5B,10.3746,76.99372,HP 37 B,No,No,Yes,No,No,20x20|Cover,Iyerpadi-Akkamalai,Forest,"Rajesh, Akhil and Moorthi",no sample,Centroid 2.5m from Drypetes Mesua ferrea SE 130deg,,,,,S1,2023-03-14,,
HP37_P6B,10.37499,76.99428,HP 37 B,No,No,Yes,No,No,20x20|Cover,Iyerpadi-Akkamalai,Forest,"Rajesh, Akhil and Moorthi",no sample,Centroid 1.5m from Oormosia sp. W 170deg,,,,,S1,2023-03-14,,
HP37_P7B,10.37492,76.99178,HP 37 B,No,No,Yes,No,No,20x20|Cover,Iyerpadi-Akkamalai,Forest,"Rajesh, Akhil and Moorthi",no sample,Centroid 3.5m from Gomphandra coriacea SW 230deg,,,,,S1,2023-03-14,,
HP37_P8B,10.37383,76.99325,HP 37 B,No,No,Yes,No,No,20x20|Cover,Iyerpadi-Akkamalai,Forest,"Rajesh, Akhil and Moorthi",no sample,Centroid 5m from Calophyllum austroindicum NW 315deg,,,,,S1,2023-03-14,,
HP37_P9B,10.37409,76.99242,HP 37 B,No,No,Yes,No,No,20x20|Cover,Iyerpadi-Akkamalai,Forest,"Rajesh, Akhil and Moorthi",no sample,Centroid 2m from Antidesma menasu SW 230deg,,,,,S1,2023-03-14,,
HP36_P5B,10.3685,76.99612,HP 36 B,No,No,Yes,No,No,20x20|Cover,Iyerpadi-Akkamalai,Forest,"Madhavan, Moorthi and Akhil",no sample,Centroid 3.3m from Cinnamomum verum NW 300deg,,,,,S1,2023-03-29,,
HP36_P6B,10.36474,76.99844,HP 36 B,No,No,Yes,No,No,20x20|Cover,Iyerpadi-Akkamalai,Forest,"Madhavan, Moorthi and Akhil",no sample,Centroid 2m from Aphanamixis polystachya N 31deg,,,,,S1,2023-03-29,,
HP37_P23B,10.37242,76.99282,HP 37 B,No,No,Yes,No,No,20x20|Cover,Iyerpadi-Akkamalai,Forest,"Madhavan, Moorthi and Akhil",no sample,Centroid .5m from Syzygium densiflorum S 156deg,,,,,S1,2023-03-29,,
HP37_P24B,10.37164,76.99284,HP 37 B,No,No,Yes,No,No,20x20|Cover,Iyerpadi-Akkamalai,Forest,"Madhavan, Moorthi and Akhil",no sample,Centroid 1m from Pseudoglochidion anamalayanum W 266deg,,,,,S1,2023-03-29,,
HP37_P25B,10.37103,76.99308,HP 37 B,No,No,Yes,No,No,20x20|Cover,Iyerpadi-Akkamalai,Forest,"Madhavan, Moorthi and Akhil",no sample,Centroid 3.5m from Syzygium densiflorum E 91deg,,,,,S1,2023-03-29,,
Anali_01R,10.35961,76.92786,Anali_01R,No,No,No,No,No,20x20|Cover|5x5|TreesAbove5x5|OtherSp5x5,TATA Anali road,Restored,"Srini,Akhil, Sundarraj and Kshama",no sample,Centroid .65m from Aporosa acuminata SE 130deg,,2023,,,S1,2023-04-20,2023-04-20,99
Anali_02R,10.35991,76.92778,Anali_02R,No,No,No,No,No,20x20|Cover|5x5|TreesAbove5x5|OtherSp5x5,TATA Anali road,Restored,"Srini,Akhil, Sundarraj and Kshama",no sample,Centroid .63m from Dimorphocalyx beddomei S 150deg,,2023,,,S1,2023-04-20,2023-04-20,100
Anali_03R,10.3587,76.92797,Anali_03R,No,No,No,No,No,20x20|Cover|5x5|TreesAbove5x5|OtherSp5x5,TATA Anali road,Restored,"Srini,Akhil, Sundarraj and Kshama",no sample,Centroid 1.35m from Acronychia pedunculata SE 120deg,,2023,,,S1,2023-04-20,2023-04-20,100
VAR1_01R,10.3563,76.92971,VAR1_01R,No,No,No,No,No,20x20|Cover|5x5|TreesAbove5x5|OtherSp5x5,Varattuparai 1,Restored,"Srini,Akhil, Sundarraj and Kshama",no sample,Centroid .97m from Syzygium laetum SE 115deg,,2023,,,S1,2023-04-20,2023-04-20,95
AGO_01U,10.34759,76.93575,AGO_01U,No,No,No,No,No,20x20|Cover|5x5|TreesAbove5x5|OtherSp5x5,TATA AG Office,Unrestored,"Akhil, Srini and Rajesh",no sample,Centroid 2.8m from Eucalyptus sp. SW 250deg,,2021,,,S1,2023-04-21,2023-04-21,62
AGO_02U,10.34684,76.93464,AGO_02U,No,No,No,No,No,20x20|Cover|5x5|TreesAbove5x5|OtherSp5x5,TATA AG Office,Unrestored,"Akhil, Srini and Rajesh",no sample,Centroid 2.8m from Eucalyptus sp. NW 300deg,,2021,,,S1,2023-04-21,2023-04-21,44
AGO_03U,10.3453,76.93373,AGO_03U,No,No,No,No,No,20x20|Cover|5x5|TreesAbove5x5|OtherSp5x5,TATA AG Office,Unrestored,"Akhil, Srini and Rajesh",no sample,Centroid 2.2m from Eucalyptus sp. SE 135deg,,2021,,,S1,2023-04-21,2023-04-21,86
A02,10.30308,76.84302,CAN_A02,No,Yes,No,No,No,20x20|Cover|5x5|TreesAbove5x5|OtherSp5x5,Candura,NotPlanted,"Srini, Sundarraj and Arun",no sample,Centroid 4.6m from Maesopsis eminii in N 0deg,Other,2021,Original,Tea Edge,S2,2023-04-27,2023-04-27,83
B02,10.30308,76.8421,CAN_B02,No,Yes,No,No,No,20x20|Cover|5x5|TreesAbove5x5|OtherSp5x5,Candura,NotPlanted,"Srini, Sundarraj and Arun",no sample,Centroid 0-50m from Maesopsis eminii in W 250deg,Other,2021,Original,Tea Edge,S2,2023-04-27,2023-04-27,80
C02,10.30309,76.84119,CAN_C02,No,Yes,No,No,No,20x20|Cover|5x5|TreesAbove5x5|OtherSp5x5,Candura,NotPlanted,"Srini, Sundarraj and Arun",no sample,Centroid 1.9m from Epiprinus mallotiformis in SE 147deg,Other,2023,Original,Interior,S2,2023-04-27,2023-04-27,87
C03,10.30399,76.8412,CAN_C03,No,Yes,No,No,No,20x20|Cover|5x5|TreesAbove5x5|OtherSp5x5,Candura,NotPlanted,"Srini, Sundarraj and Arun",no sample,Centroid 2.45m from stone/near Actinodaphne malabarica in SE 120deg,Other,2023,Original,Tea Edge,S2,2023-04-27,2023-04-27,99
D03,10.304,76.84028,CAN_D03,No,Yes,No,No,No,20x20|Cover|5x5|TreesAbove5x5|OtherSp5x5,Candura,NotPlanted,"Srini, Sundarraj and Arun",no sample,Centroid 1.43m from Myristica sp. in S 187deg,Other,2023,Original,Tea Edge,S2,2023-04-27,2023-04-27,69
A01,10.30217,76.84301,CAN_A01,No,Yes,No,No,No,20x20|Cover|5x5|TreesAbove5x5|OtherSp5x5,Candura,NotPlanted,"Akhil, Sundarraj and Rajesh",no sample,Centroid 4.8m from Spathodhea campulata in NE 80deg,Other,,Original,Dam,S2,2023-04-29,2023-04-29,75
B01,10.30218,76.8421,CAN_B01,No,Yes,No,No,No,20x20|Cover|5x5|TreesAbove5x5|OtherSp5x5,Candura,NotPlanted,"Akhil, Sundarraj and Rajesh",no sample,Centroid 2.2m from Elaeocarpus tuberculatus in SE 105deg,Other,,Original,Dam,S2,2023-04-29,2023-04-29,87
C01,10.30218,76.84118,CAN_C01,No,Yes,No,No,No,20x20|Cover|5x5|TreesAbove5x5|OtherSp5x5,Candura,NotPlanted,"Akhil, Sundarraj and Rajesh",no sample,Centroid 1.5m from Lagerstroemia microcarpa in SW 210deg,Other,,Original,Dam,S2,2023-04-29,2023-04-29,85
D02,10.30309,76.84028,CAN_D02,No,Yes,No,No,No,20x20|Cover|5x5|TreesAbove5x5|OtherSp5x5,Candura,Control,"Akhil, Sundarraj and Rajesh",no sample,Centroid 1.1m from Epiprinus mallotiformis in W 270deg,Control,,Original,Dam,S2,2023-04-29,2023-04-29,83
E02,10.3031,76.83936,CAN_E02,No,Yes,No,No,No,20x20|Cover|5x5|TreesAbove5x5|OtherSp5x5,Candura,NotPlanted,"Akhil, Sundarraj and Rajesh",no sample,Centroid 1.5m from Vateria indica in NW 310deg,Other,,Original,Dam,S2,2023-04-29,2023-04-29,90
F02,10.3031,76.83845,CAN_F02,No,Yes,No,No,No,20x20|Cover|5x5|TreesAbove5x5|OtherSp5x5,Candura,NotPlanted,"Akhil, Sundarraj and Rajesh",no sample,Centroid 5.2m from Vateria indica in NE 25deg,Other,,Original,Dam,S2,2023-04-29,2023-04-29,70
F03,10.30401,76.83846,CAN_F03,No,Yes,No,No,No,20x20|Cover|5x5|TreesAbove5x5|OtherSp5x5,Candura,Control,"Akhil, Sundarraj and Rajesh",no sample,Centroid 2m from Meliosma simlicifolia in E 90deg,Control,,Original,Interior,S2,2023-04-29,2023-04-29,84
E03,10.304,76.83937,CAN_E03,No,Yes,No,No,No,20x20|Cover|5x5|TreesAbove5x5|OtherSp5x5,Candura,NotPlanted,"Akhil, Sundarraj and Rajesh",no sample,Centroid 11.5m from Elaeocarpus tuberculatus in NW 320deg,Other,,Original,Interior,S2,2023-04-30,2023-04-30,72
E04,10.30491,76.83937,CAN_E04,No,Yes,No,No,No,20x20|Cover|5x5|TreesAbove5x5|OtherSp5x5,Candura,Control,"Akhil, Sundarraj and Rajesh",no sample,"Centroid 8.2m from Lagerstroemia microcarpa in NW 300deg, tea edge",Control,,Original,Tea Edge,S2,2023-04-30,2023-04-30,70
F04,10.30491,76.83846,CAN_F04,No,Yes,No,No,No,20x20|Cover|5x5|TreesAbove5x5|OtherSp5x5,Candura,NotPlanted,"Akhil, Sundarraj and Rajesh",no sample,Centroid 1.7m from Actinodaphne malabarica in NE 60deg,Other,,Original,Interior,S2,2023-04-30,2023-04-30,69
F05,10.30582,76.83847,CAN_F05,No,Yes,No,No,No,20x20|Cover|5x5|TreesAbove5x5|OtherSp5x5,Candura,NotPlanted,"Akhil, Sundarraj and Rajesh",no sample,Centroid 2m from Artocarpus integrefolia in NW 340deg,Other,,Original,Tea Edge,S2,2023-04-30,2023-04-30,91
G03,10.30401,76.83754,CAN_G03,No,Yes,No,No,No,20x20|Cover|5x5|TreesAbove5x5|OtherSp5x5,Candura,NotPlanted,"Akhil, Sundarraj and Rajesh",no sample,Centroid 3m from Vateria indica in SW 260deg,Other,,Original,Dam,S2,2023-04-30,2023-04-30,82
G04,10.30492,76.83755,CAN_G04,No,Yes,No,No,No,20x20|Cover|5x5|TreesAbove5x5|OtherSp5x5,Candura,NotPlanted,"Akhil, Sundarraj and Rajesh",no sample,Centroid 2m from Elaeocarpus tuberculatus in NE 15deg,Other,,Original,Interior,S2,2023-04-30,2023-04-30,68
G05,10.30582,76.83755,CAN_G05,No,Yes,No,No,No,20x20|Cover|5x5|TreesAbove5x5|OtherSp5x5,Candura,NotPlanted,"Akhil, Sundarraj and Rajesh",no sample,Centroid 3m from Vateria indica in W 270deg,Other,,Original,Interior,S2,2023-04-30,2023-04-30,95
H03,10.30402,76.83663,CAN_H03,No,Yes,No,No,No,20x20|Cover|5x5|TreesAbove5x5|OtherSp5x5,Candura,NotPlanted,"Akhil, Sundarraj and Rajesh",no sample,Centroid 1.5m from Actinodaphne malabarica in NW 275deg,Other,,Original,Dam,S2,2023-04-30,2023-04-30,88
H04,10.30492,76.83664,CAN_H04,No,Yes,No,No,No,20x20|Cover|5x5|TreesAbove5x5|OtherSp5x5,Candura,NotPlanted,"Akhil, Sundarraj and Rajesh",no sample,Centroid 1.5m from Persea macarantha in NE 50deg,Other,,Original,Dam,S2,2023-04-30,2023-04-30,99
I03,10.30402,76.83572,CAN_I03,No,Yes,No,No,No,20x20|Cover|5x5|TreesAbove5x5|OtherSp5x5,Candura,NotPlanted,"Akhil, Sundarraj and Rajesh",no sample,Centroid 3m from Drypetes malabatica in NE 95deg,Other,,Original,Dam,S2,2023-04-30,2023-04-30,78
G06,10.30673,76.83756,CAN_G06,No,Yes,No,No,No,20x20|Cover|5x5|TreesAbove5x5|OtherSp5x5,Candura,NotPlanted,"Akhil, Sundarraj and Rajesh",no sample,Centroid 1.8m from Macaranga indica in SE 120deg,Other,,Original,Tea Edge,S2,2023-05-08,2023-05-08,96
I05,10.30583,76.83573,CAN_I05,No,Yes,No,No,No,20x20|Cover|5x5|TreesAbove5x5|OtherSp5x5,Candura,NotPlanted,"Akhil, Sundarraj and Rajesh",no sample,Centroid 1.3m from Maesopsis eminii in SW 205deg,Other,2010,Original,Interior,S2,2023-05-08,2023-05-08,91
J04,10.30493,76.83481,CAN_J04,No,Yes,No,No,No,20x20|Cover|5x5|TreesAbove5x5|OtherSp5x5,Candura,NotPlanted,"Akhil, Sundarraj and Rajesh",no sample,Centroid 3m from Vateria indica in SW 245deg,Other,,Original,Dam,S2,2023-05-08,2023-05-08,73
J05,10.30584,76.83482,CAN_J05,No,Yes,No,No,No,20x20|Cover|5x5|TreesAbove5x5|OtherSp5x5,Candura,NotPlanted,"Akhil, Sundarraj and Rajesh",no sample,Centroid 1.8m from Macaranga peltata in NW 300deg,Other,,Original,Interior,S2,2023-05-08,2023-05-08,74
K04,10.30494,76.8339,CAN_K04,No,Yes,No,No,No,20x20|Cover|5x5|TreesAbove5x5|OtherSp5x5,Candura,NotPlanted,"Akhil, Sundarraj and Rajesh",no sample,Centroid 4.2m from Vateria indica in NW 330deg,Other,,Original,Dam,S2,2023-05-08,2023-05-08,91
K05,10.30584,76.8339,CAN_K05,No,Yes,No,No,No,20x20|Cover|5x5|TreesAbove5x5|OtherSp5x5,Candura,NotPlanted,"Akhil, Sundarraj and Rajesh",no sample,Centroid 1.6m from Macaranga sp. in NW 310deg,Other,,Original,Interior,S2,2023-05-08,2023-05-08,85
L04,10.30494,76.83298,CAN_L04,No,Yes,No,No,No,20x20|Cover|5x5|TreesAbove5x5|OtherSp5x5,Candura,NotPlanted,"Akhil, Sundarraj and Rajesh",no sample,Centroid 6.7M from Dysoxylum malabaricum in NE 45deg,Other,,Original,Dam,S2,2023-05-08,2023-05-08,97
L05,10.30585,76.83299,CAN_L05,No,Yes,No,No,No,20x20|Cover|5x5|TreesAbove5x5|OtherSp5x5,Candura,Control,"Akhil, Sundarraj and Rajesh",no sample,Centroid 2.3m from Vateria indica in NE 20deg,Control,,Original,Dam,S2,2023-05-08,2023-05-08,91
I06,10.30674,76.83573,CAN_I06,No,Yes,No,No,No,20x20|Cover|5x5|TreesAbove5x5|OtherSp5x5,Candura,NotPlanted,"Akhil, Sundarraj and Rajesh",no sample,Centroid 1.5m from Spathodea campanulata in NE 60deg,Other,,Original,Interior,S2,2023-05-09,2023-05-09,78
I07,10.30764,76.83574,CAN_I07,No,Yes,No,No,No,20x20|Cover|5x5|TreesAbove5x5|OtherSp5x5,Candura,NotPlanted,"Akhil, Sundarraj and Rajesh",no sample,Centroid 10.3m from Spathodea campanulata in SW 145deg,Other,2015,Original,Interior,S2,2023-05-09,2023-05-09,62
I08,10.30854,76.83574,CAN_I08,No,Yes,No,No,No,20x20|Cover|5x5|TreesAbove5x5|OtherSp5x5,Candura,NotPlanted,"Akhil, Sundarraj and Rajesh",no sample,From Maesopsis eminii in NW 335deg,Other,2015,Original,Interior,S2,2023-05-09,2023-05-09,44
I09,10.30945,76.83575,CAN_I09,No,Yes,No,No,No,20x20|Cover|5x5|TreesAbove5x5|OtherSp5x5,Candura,NotPlanted,"Akhil, Sundarraj and Rajesh",no sample,From Elaeocarpus tuberculatus in NE 60deg,Other,2019,Original,Tea Edge,S2,2023-05-09,2023-05-09,97
J07,10.30764,76.83483,CAN_J07,No,Yes,No,No,No,20x20|Cover|5x5|TreesAbove5x5|OtherSp5x5,Candura,NotPlanted,"Akhil, Sundarraj and Rajesh",no sample,Centroid 5m from Diospyros sylvatica in SW 240deg,Other,,Original,Interior,S2,2023-05-09,2023-05-09,65
K07,10.30765,76.83391,CAN_K07,No,Yes,No,No,No,20x20|Cover|5x5|TreesAbove5x5|OtherSp5x5,Candura,NotPlanted,"Akhil, Sundarraj and Rajesh",no sample,Centroid 3.1m from Cullenia exarillata in NW 305deg,Other,,Original,Interior,S2,2023-05-09,2023-05-09,83
L06,10.30675,76.833,CAN_L06,No,Yes,No,No,No,20x20|Cover|5x5|TreesAbove5x5|OtherSp5x5,Candura,NotPlanted,"Akhil, Sundarraj and Rajesh",no sample,Centroid 4.2m from Vateria indica in SW 210deg,Other,,Original,Dam,S2,2023-05-09,2023-05-09,96
L07,10.30766,76.833,CAN_L07,No,Yes,No,No,No,20x20|Cover|5x5|TreesAbove5x5|OtherSp5x5,Candura,Control,"Akhil, Sundarraj and Rajesh",no sample,Centroid 2.4m from Diospyros paniculata in SE 120deg,Control,,Original,Dam,S2,2023-05-09,2023-05-09,71
M07,10.30766,76.83209,CAN_M07,No,Yes,No,No,No,20x20|Cover|5x5|TreesAbove5x5|OtherSp5x5,Candura,NotPlanted,"Akhil, Sundarraj and Rajesh",no sample,Centroid 1.5m from Maesopsis eminii in NE 60deg,Other,,Original,Dam,S2,2023-05-09,2023-05-09,83
I13,10.31306,76.83577,CAN_I13,No,Yes,No,No,No,20x20|Cover|5x5|TreesAbove5x5|OtherSp5x5,Candura,NotPlanted,"Srini, Rajesh and T R Shankar Raman",no sample,Centroid 1m from Silver oak in SW 90deg,Other,2023,Pepper,Interior,S1,2023-07-06,2023-07-06,90
TANTEA_CIN_01R,10.28882,77.00361,TANTEA_CIN_01R,No,No,No,No,No,20x20|Cover|5x5|TreesAbove5x5|OtherSp5x5,TANTEA,Restored,"Akhil, Madhavan and Srini",no sample,After weeding vegetation plot was done. Elevation:1179m and WP:237 and centroid 90cm from Eucalyptus in NE 73deg,,,,,S1,2023-07-21,2023-07-21,76
TANTEA_CIN_02R,10.28893,77.00457,TANTEA_CIN_02R,No,No,No,No,No,20x20|Cover|5x5|TreesAbove5x5|OtherSp5x5,TANTEA,Restored,"Akhil, Madhavan and Srini",no sample,"After weeding vegetation plot was done. Elevation:1170m and WP:238, centrod 70cm from Clerodendron sp. in NE 58deg",,,,,S1,2023-07-21,2023-07-21,55
J10,10.31036,76.83484,CAN_J10,No,Yes,No,No,No,20x20|Cover|5x5|TreesAbove5x5|OtherSp5x5,Candura,NotPlanted,"Akhil, Sundarraj and Rajesh",no sample,Centroid 8.9m from Macaranga peltata in SE 170deg,Other,2019,Original,Tea Edge,S2,2023-08-14,2023-08-14,4
K10,10.31036,76.83393,CAN_K10,No,Yes,No,No,No,20x20|Cover|5x5|TreesAbove5x5|OtherSp5x5,Candura,NotPlanted,"Akhil, Sundarraj and Rajesh",no sample,Centroid 3m from Elaeocarpus tuberculatus in SW 260deg,Other,,Original,Interior,S2,2023-08-14,2023-08-14,60
L10,10.31037,76.83302,CAN_L10,No,Yes,No,No,No,20x20|Cover|5x5|TreesAbove5x5|OtherSp5x5,Candura,NotPlanted,"Akhil, Sundarraj and Rajesh",no sample,Centroid 4.3m from Turpinia malabarica in NW 300deg,Other,,Original,Interior,S2,2023-08-14,2023-08-14,92
M08,10.30856,76.83209,CAN_M08,No,Yes,No,No,No,20x20|Cover|5x5|TreesAbove5x5|OtherSp5x5,Candura,NotPlanted,"Akhil, Sundarraj and Rajesh",no sample,Centroid 1.7m from Glochidion malabaricum in SE 120deg,Other,,Original,Interior,S2,2023-08-14,2023-08-14,86
M10,10.31037,76.8321,CAN_M10,No,Yes,No,No,No,20x20|Cover|5x5|TreesAbove5x5|OtherSp5x5,Candura,NotPlanted,"Akhil, Sundarraj and Rajesh",no sample,Centroid 2m from Antidesma montanum in SW 190deg,Other,,Original,Interior,S2,2023-08-14,2023-08-14,92
N08,10.30857,76.83118,CAN_N08,No,Yes,No,No,No,20x20|Cover|5x5|TreesAbove5x5|OtherSp5x5,Candura,NotPlanted,"Akhil, Sundarraj and Rajesh",no sample,Centroid 5m from Cullenia exarillata in NE 75deg,Other,,Original,Reserve,S2,2023-08-14,2023-08-14,82
N09,10.30947,76.83119,CAN_N09,No,Yes,No,No,No,20x20|Cover|5x5|TreesAbove5x5|OtherSp5x5,Candura,NotPlanted,"Akhil, Sundarraj and Rajesh",no sample,Centroid 2m from Epiprinus mallotiformis in SW 245deg,Other,,Original,Reserve,S2,2023-08-14,2023-08-14,87
N10,10.31038,76.83119,CAN_N10,No,Yes,No,No,No,20x20|Cover|5x5|TreesAbove5x5|OtherSp5x5,Candura,Control,"Akhil, Sundarraj and Rajesh",no sample,Centroid 5.2m from Actinodaphne malabarica in SW 220deg,Control,,Original,Reserve,S2,2023-08-14,2023-08-14,81
O08,10.30857,76.83027,CAN_O08,No,Yes,No,No,No,20x20|Cover|5x5|TreesAbove5x5|OtherSp5x5,Candura,NotPlanted,"Akhil, Sundarraj and Rajesh",no sample,Centroid 2.5m from Paracroton pendulus in NW 350deg,Other,,Original,Reserve,S2,2023-08-14,2023-08-14,92
P08,10.30858,76.82935,CAN_P08,No,Yes,No,No,No,20x20|Cover|5x5|TreesAbove5x5|OtherSp5x5,Candura,NotPlanted,"Akhil, Sundarraj and Rajesh",no sample,Centroid 2.5m from Maesopsis eminii in SW 210deg,Other,,Original,Dam,S1,2023-08-14,2023-08-14,79
G08,10.30853,76.83757,CAN_G08,No,Yes,No,No,No,20x20|Cover|5x5|TreesAbove5x5|OtherSp5x5,Candura,NotPlanted,"Akhil, Sundarraj and Rajesh",no sample,Centroid 0.5m from Cinnamomum verum in NW 300deg,Other,,Original,Edge,S1,2023-08-18,2023-08-18,91
H07,10.30763,76.83665,CAN_H07,No,Yes,No,No,No,20x20|Cover|5x5|TreesAbove5x5|OtherSp5x5,Candura,NotPlanted,"Akhil, Sundarraj and Rajesh",no sample,Centroid 3.3m from Macaranga indica in SE 70deg,Other,,Original,Interior,S2,2023-08-18,2023-08-18,97
H08,10.30854,76.83666,CAN_H08,No,Yes,No,No,No,20x20|Cover|5x5|TreesAbove5x5|OtherSp5x5,Candura,NotPlanted,"Akhil, Sundarraj and Rajesh",no sample,Centroid 0.5m from Macaranga peltata in SW 199deg,Other,,Original,Tea Edge,S2,2023-08-18,2023-08-18,94
J08,10.30855,76.83483,CAN_J08,No,Yes,No,No,No,20x20|Cover|5x5|TreesAbove5x5|OtherSp5x5,Candura,NotPlanted,"Akhil, Sundarraj and Rajesh",no sample,Centroid 4.2m from Vateria indica in NE 50deg76.83484 replaced by 76.83483,Other,,Original,Interior,S2,2023-08-18,2023-08-18,92
J09,10.30945,76.83484,CAN_J09,No,Yes,No,No,No,20x20|Cover|5x5|TreesAbove5x5|OtherSp5x5,Candura,NotPlanted,"Akhil, Sundarraj and Rajesh",no sample,Centroid 1m from Vateria indica in NE 0deg,Other,2019,Original,Interior,S2,2023-08-18,2023-08-18,70
K08,10.30855,76.83392,CAN_K08,No,Yes,No,No,No,20x20|Cover|5x5|TreesAbove5x5|OtherSp5x5,Candura,Control,"Akhil, Sundarraj and Rajesh",no sample,Centroid LEMON plot peg connecting 19+20/21+22 (near tree 447),Control,,Original,Interior,S2,2023-08-18,2023-08-18,89
K09,10.30946,76.83392,CAN_K09,No,Yes,No,No,No,20x20|Cover|5x5|TreesAbove5x5|OtherSp5x5,Candura,NotPlanted,"Akhil, Sundarraj and Rajesh",no sample,Centroid 2.5m from Lagerstromia microcarpa in SE 135deg,Other,,Original,Interior,S2,2023-08-18,2023-08-18,66
L08,10.30856,76.83301,CAN_L08,No,Yes,No,No,No,20x20|Cover|5x5|TreesAbove5x5|OtherSp5x5,Candura,NotPlanted,"Akhil, Sundarraj and Rajesh",no sample,Centroid 2.5m from Turpinia malabarica in NW 353deg,Other,,Original,Interior,S2,2023-08-18,2023-08-18,94
L09,10.30946,76.83301,CAN_L09,No,Yes,No,No,No,20x20|Cover|5x5|TreesAbove5x5|OtherSp5x5,Candura,Control,"Akhil, Sundarraj and Rajesh",no sample,Centroid 1m from Drypetes malabarica in NW 335deg,Control,,Original,Interior,S2,2023-08-18,2023-08-18,72
M09,10.30947,76.8321,CAN_M09,No,Yes,No,No,No,20x20|Cover|5x5|TreesAbove5x5|OtherSp5x5,Candura,NotPlanted,"Akhil, Sundarraj and Rajesh",no sample,"Centroid 4.7m from Macaranga indica, steep slope",Other,,Original,Interior,S2,2023-08-18,2023-08-18,54
J11,10.31126,76.83485,CAN_J11,No,Yes,No,No,No,20x20|Cover|5x5|TreesAbove5x5|OtherSp5x5,Candura,NotPlanted,"Arun, Akhil and Madhavan",no sample,Centroid 5.5m from Actinodaphne malabarica in E 107deg,Other,,Original,Tea Edge,S2,2023-08-21,2023-08-21,83
J12,10.31216,76.83485,CAN_J12,No,Yes,No,No,No,20x20|Cover|5x5|TreesAbove5x5|OtherSp5x5,Candura,NotPlanted,"Arun, Akhil and Madhavan",no sample,From Macaranga peltata,Other,2024,Original,Tea Edge,S2,2023-08-21,2023-08-21,90
K11,10.31127,76.83393,CAN_K11,No,Yes,No,No,No,20x20|Cover|5x5|TreesAbove5x5|OtherSp5x5,Candura,Control,"Arun, Akhil and Madhavan",no sample,Centroid 3m from Macaranga indica in N 0deg76.83339 replaced by 76.83393,Control,,Original,Interior,S2,2023-08-21,2023-08-21,95
K12,10.31217,76.83394,CAN_K12,No,Yes,No,No,No,20x20|Cover|5x5|TreesAbove5x5|OtherSp5x5,Candura,NotPlanted,"Arun, Akhil and Madhavan",no sample,Centroid 3.5m from Turpinia malabarica in NW 309deg,Other,,Original,Interior,S2,2023-08-21,2023-08-21,95
K13,10.31307,76.83394,CAN_K13,No,Yes,No,No,No,20x20|Cover|5x5|TreesAbove5x5|OtherSp5x5,Candura,Control,"Arun, Akhil and Madhavan",no sample,Centroid 2.5m from Cinnamomum malabathrum in SW 206deg,Control,,Original,Interior,S2,2023-08-21,2023-08-21,26
K14,10.31398,76.83395,CAN_K14,No,Yes,No,No,No,20x20|Cover|5x5|TreesAbove5x5|OtherSp5x5,Candura,Control,"Arun, Akhil and Madhavan",no sample,Centroid 2.3m from Turpinia malabarica in E 105deg,Control,,Original,Interior,S2,2023-08-21,2023-08-21,97
L11,10.31127,76.83302,CAN_L11,No,Yes,No,No,No,20x20|Cover|5x5|TreesAbove5x5|OtherSp5x5,Candura,NotPlanted,"Arun, Akhil and Madhavan",no sample,Centroid 1.5m from Turpinia malabarica in N 351deg,Other,,Original,Interior,S2,2023-08-21,2023-08-21,99
M11,10.31128,76.83211,CAN_M11,No,Yes,No,No,No,20x20|Cover|5x5|TreesAbove5x5|OtherSp5x5,Candura,NotPlanted,"Arun, Akhil and Madhavan",no sample,Centroid 2.5m from Macaranga peltata in W 265deg,Other,,Original,Interior,S2,2023-08-21,2023-08-21,95
N11,10.31128,76.8312,CAN_N11,No,Yes,No,No,No,20x20|Cover|5x5|TreesAbove5x5|OtherSp5x5,Candura,NotPlanted,"Arun, Akhil and Madhavan",no sample,Centroid 5.5m from Vateria indica in NE 50deg,Other,,Original,Reserve,S2,2023-08-21,2023-08-21,44
K15,10.31488,76.83396,CAN_K15,No,Yes,No,No,No,20x20|Cover|5x5|TreesAbove5x5|OtherSp5x5,Candura,Control,"Akhil, Sundarraj and Rajesh",no sample,Centroid 2.5m from Beilschmiedia dalzellii in SE 135deg,Control,,Original,Interior,S2,2023-08-22,2023-08-22,88
K16,10.31579,76.83396,CAN_K16,No,Yes,No,No,No,20x20|Cover|5x5|TreesAbove5x5|OtherSp5x5,Candura,NotPlanted,"Akhil, Sundarraj and Rajesh",no sample,Centroid 2.5m from Actinodaphne malabarica in SW 240deg,Other,2017,Original,Interior,S2,2023-08-22,2023-08-22,79
L15,10.31489,76.83304,CAN_L15,No,Yes,No,No,No,20x20|Cover|5x5|TreesAbove5x5|OtherSp5x5,Candura,NotPlanted,"Akhil, Sundarraj and Rajesh",no sample,Centroid 3.5m from Syzygium lateum in NE 10deg,Other,2018,Original,Interior,S2,2023-08-22,2023-08-22,83
L16,10.31579,76.83305,CAN_L16,No,Yes,No,No,No,20x20|Cover|5x5|TreesAbove5x5|OtherSp5x5,Candura,Control,"Akhil, Sundarraj and Rajesh",no sample,Centroid 2m from Alstonia scholaris NW 30deg,Control,,Original,Interior,S2,2023-08-22,2023-08-22,98
L17,10.3167,76.83305,CAN_L17,No,Yes,No,No,No,20x20|Cover|5x5|TreesAbove5x5|OtherSp5x5,Candura,Control,"Akhil, Sundarraj and Rajesh",no sample,Centroid 1.5m from Otonephelium stipulaceum in NW 306deg,Control,,Original,Tea Edge,S2,2023-08-22,2023-08-22,97
M15,10.31489,76.83213,CAN_M15,No,Yes,No,No,No,20x20|Cover|5x5|TreesAbove5x5|OtherSp5x5,Candura,NotPlanted,"Akhil, Sundarraj and Rajesh",no sample,Centroid .8m from Actinodaphne malabarica in E 90deg,Other,2018,Original,Interior,S2,2023-08-22,2023-08-22,80
M16,10.3158,76.83213,CAN_M16,No,Yes,No,No,No,20x20|Cover|5x5|TreesAbove5x5|OtherSp5x5,Candura,NotPlanted,"Akhil, Sundarraj and Rajesh",no sample,Centroid 3m from Elaeocarpus tuberculatus in NE 60deg76.83214 replaced by 76.83213,Other,2017,Original,Interior,S2,2023-08-22,2023-08-22,87
M17,10.3167,76.83214,CAN_M17,No,Yes,No,No,No,20x20|Cover|5x5|TreesAbove5x5|OtherSp5x5,Candura,NotPlanted,"Akhil, Sundarraj and Rajesh",no sample,Centroid 1.5m from Euodia-lunu-ankenda in NW 330deg,Other,,Original,Reserve,S2,2023-08-22,2023-08-22,91
N15,10.3149,76.83122,CAN_N15,No,Yes,No,No,No,20x20|Cover|5x5|TreesAbove5x5|OtherSp5x5,Candura,NotPlanted,"Akhil, Sundarraj and Rajesh",no sample,Centroid 2.5m from large Tetrameles nudiflora in NE 15deg,Other,2018,Original,Reserve,S2,2023-08-22,2023-08-22,99
N16,10.3158,76.83122,CAN_N16,No,Yes,No,No,No,20x20|Cover|5x5|TreesAbove5x5|OtherSp5x5,Candura,NotPlanted,"Akhil, Sundarraj and Rajesh",no sample,Centroid 1m from Macaranga peltayta in SE 165deg,Other,2017,Original,Reserve,S2,2023-08-22,2023-08-22,98
G07,10.30763,76.83756,CAN_G07,No,Yes,No,No,No,20x20|Cover|5x5|TreesAbove5x5|OtherSp5x5,Candura,NotPlanted,"Akhil, Madhavan and Rajesh",no sample,Centroid 3.2m from Turpinia malabarica in SE 135deg,Other,,Original,Tea Edge,S2,2023-09-19,2023-09-19,89
I17,10.31668,76.83579,CAN_I17,No,Yes,No,No,No,20x20|Cover|5x5|TreesAbove5x5|OtherSp5x5,Candura,NotPlanted,"Akhil, Madhavan and Rajesh",no sample,Centroid 1m from Actinodaphne malabarica in NW 275deg,Other,2016,Original,Tea Edge,S2,2023-09-19,2023-09-19,96
J16,10.31578,76.83487,CAN_J16,No,Yes,No,No,No,20x20|Cover|5x5|TreesAbove5x5|OtherSp5x5,Candura,NotPlanted,"Akhil, Madhavan and Rajesh",no sample,Centroid 3m from Diospyros sylvatica in SE 150deg,Other,2017,Original,Interior,S2,2023-09-19,2023-09-19,61
J17,10.31668,76.83488,CAN_J17,No,Yes,No,No,No,20x20|Cover|5x5|TreesAbove5x5|OtherSp5x5,Candura,NotPlanted,"Akhil, Madhavan and Rajesh",no sample,Centroid 2m from Actinodaphne malabarica in SE 165deg,Other,2016,Original,Tea Edge,S2,2023-09-19,2023-09-19,67
K17,10.31669,76.83397,CAN_K17,No,Yes,No,No,No,20x20|Cover|5x5|TreesAbove5x5|OtherSp5x5,Candura,NotPlanted,"Akhil, Madhavan and Rajesh",no sample,Centroid 2m from Actinodaphne malabarica in NE 55deg,Other,2016,Original,Tea Edge,S2,2023-09-19,2023-09-19,83
E15,10.31485,76.83943,CAN_E15,No,Yes,No,No,No,20x20|Cover|5x5|TreesAbove5x5|OtherSp5x5,Candura,Control,"Rajesh, Akhil and Moorthy",no sample,Centroid 5.8m from Spathodea campunulata in SW 260deg,Control,,Pepper,Interior,S1,2023-10-26,2023-10-26,42
F14,10.31395,76.83851,CAN_F14,No,Yes,No,No,No,20x20|Cover|5x5|TreesAbove5x5|OtherSp5x5,Candura,Control,"Rajesh, Akhil and Moorthy",no sample,Centroid 3.2m from Ficus exasperta in NE 10deg,Control,,Pepper,Interior,S1,2023-10-26,2023-10-26,49
F15,10.31486,76.83852,CAN_F15,No,Yes,No,No,No,20x20|Cover|5x5|TreesAbove5x5|OtherSp5x5,Candura,NotPlanted,"Rajesh, Akhil and Moorthy",no sample,Centroid 10m from Ficus nervosa in NW 300deg,Other,2026,Pepper,Interior,S1,2023-10-26,2023-10-26,22
F16,10.31576,76.83852,CAN_F16,No,Yes,No,No,No,20x20|Cover|5x5|TreesAbove5x5|OtherSp5x5,Candura,NotPlanted,"Rajesh, Akhil and Moorthy",no sample,Centroid 5.6m from Vateria indica in SW 230deg,Other,2026,Pepper,Edge,S1,2023-10-26,2023-10-26,45
G13,10.31305,76.8376,CAN_G13,No,Yes,No,No,No,20x20|Cover|5x5|TreesAbove5x5|OtherSp5x5,Candura,NotPlanted,"Rajesh, Akhil and Moorthy",no sample,Centroid 3m from Myristica bedomei in SW 200deg,Other,2025,Pepper,Interior,S1,2023-10-26,2023-10-26,84
G14,10.31396,76.8376,CAN_G14,No,Yes,No,No,No,20x20|Cover|5x5|TreesAbove5x5|OtherSp5x5,Candura,NotPlanted,"Rajesh, Akhil and Moorthy",no sample,Centroid 5.7m from Spathodea campunulata in SE 120deg,Other,2025,Pepper,Interior,S1,2023-10-26,2023-10-26,47
G15,10.31486,76.83761,CAN_G15,No,Yes,No,No,No,20x20|Cover|5x5|TreesAbove5x5|OtherSp5x5,Candura,NotPlanted,"Rajesh, Akhil and Moorthy",no sample,Centroid 2m from Spathodea campunulata in NW 120deg,Other,2026,Pepper,Interior,S1,2023-10-26,2023-10-26,45
G16,10.31577,76.83761,CAN_G16,No,Yes,No,No,No,20x20|Cover|5x5|TreesAbove5x5|OtherSp5x5,Candura,NotPlanted,"Rajesh, Akhil and Moorthy",no sample,Centroid 5m from Spathodea campunulata in NW 300deg,Other,2026,Pepper,Edge,S1,2023-10-26,2023-10-26,47
H13,10.31306,76.83668,CAN_H13,No,Yes,No,No,No,20x20|Cover|5x5|TreesAbove5x5|OtherSp5x5,Candura,NotPlanted,"Rajesh, Akhil and Moorthy",no sample,Centroid 4.5m from Maesopsis eminii in W 270deg,Other,2024,Pepper,Interior,S1,2023-10-26,2023-10-26,97
H14,10.31396,76.83669,CAN_H14,No,Yes,No,No,No,20x20|Cover|5x5|TreesAbove5x5|OtherSp5x5,Candura,NotPlanted,"Srini, Sundarraj and Sivadas",no sample,"Centroid 2-90 cm from Actinodaphne malabarica, gentle slope",Other,2025,Pepper,Interior,S1,2023-10-26,2023-10-26,53
H15,10.31487,76.83669,CAN_H15,No,Yes,No,No,No,20x20|Cover|5x5|TreesAbove5x5|OtherSp5x5,Candura,NotPlanted,"Srini, Sundarraj and Sivadas",no sample,"Centroid .56m from Grevillea robusta in SE 114deg, gentle slope",Other,2026,Pepper,Interior,S1,2023-10-26,2023-10-26,28
H16,10.31577,76.8367,CAN_H16,No,Yes,No,No,No,20x20|Cover|5x5|TreesAbove5x5|OtherSp5x5,Candura,NotPlanted,"Srini, Sundarraj and Sivadas",no sample,"Centroid 3.7m from Meliosma simflicifolia in E 101deg, gentle slope",Other,2026,Pepper,Interior,S1,2023-10-26,2023-10-26,55
H17,10.31667,76.8367,CAN_H17,No,Yes,No,No,No,20x20|Cover|5x5|TreesAbove5x5|OtherSp5x5,Candura,NotPlanted,"Srini, Sundarraj and Sivadas",no sample,Centroid 1m from Maesopsis eminii in W 270deg,Other,2026,Pepper,Edge,S1,2023-10-26,2023-10-26,38
I14,10.31397,76.83578,CAN_I14,No,Yes,No,No,No,20x20|Cover|5x5|TreesAbove5x5|OtherSp5x5,Candura,NotPlanted,"Srini, Sundarraj and Sivadas",no sample,"Centroid 1.75m from Macaranga peltata in NW 300deg, medium slope",Other,2026,Pepper,Interior,S1,2023-10-26,2023-10-26,72
I15,10.31487,76.83578,CAN_I15,No,Yes,No,No,No,20x20|Cover|5x5|TreesAbove5x5|OtherSp5x5,Candura,NotPlanted,"Srini, Sundarraj and Sivadas",no sample,"Centroid from Olea dioca in SE 120deg, gentle slope",Other,2026,Pepper,Interior,S1,2023-10-26,2023-10-26,60
I16,10.31578,76.83579,CAN_I16,No,Yes,No,No,No,20x20|Cover|5x5|TreesAbove5x5|OtherSp5x5,Candura,Control,"Srini, Sundarraj and Sivadas",no sample,"Centroid 1.8m from Olea dioca in NW 297deg, moderate slope",Control,,Pepper,Interior,S1,2023-10-26,2023-10-26,100
J13,10.31307,76.83486,CAN_J13,No,Yes,No,No,No,20x20|Cover|5x5|TreesAbove5x5|OtherSp5x5,Candura,NotPlanted,"Srini, Sundarraj and Sivadas",no sample,"Centroid 60cm from Turpinia malabarica in NE 51deg, gentle slope",Other,2024,Pepper,Interior,S1,2023-10-26,2023-10-26,70
J14,10.31397,76.83486,CAN_J14,No,Yes,No,No,No,20x20|Cover|5x5|TreesAbove5x5|OtherSp5x5,Candura,NotPlanted,"Srini, Sundarraj and Sivadas",no sample,Centroid 1.5m from Actinodaphne malabarica in N 0deg,Other,2026,Pepper,Interior,S1,2023-10-26,2023-10-26,100
J15,10.31488,76.83487,CAN_J15,No,Yes,No,No,No,20x20|Cover|5x5|TreesAbove5x5|OtherSp5x5,Candura,NotPlanted,"Srini, Sundarraj and Sivadas",no sample,Centroid 1m from Coffea canephora in E 97deg,Other,2026,Pepper,Interior,S1,2023-10-26,2023-10-26,40
L12,10.31218,76.83303,CAN_L12,No,Yes,No,No,No,20x20|Cover|5x5|TreesAbove5x5|OtherSp5x5,Candura,Control,Rajesh and Akhil,no sample,Centroid 2.4m from SEM TRA in NW 325deg,Control,,Original,Interior,S2,2023-10-27,2023-10-27,83
L13,10.31308,76.83303,CAN_L13,No,Yes,No,No,No,20x20|Cover|5x5|TreesAbove5x5|OtherSp5x5,Candura,NotPlanted,Rajesh and Akhil,no sample,Centroid 2.2m from Maesopsis eminii in NW 305deg,Weeding-Seeding,,Original,Interior,S2,2023-10-27,2023-10-27,47
L14,10.31398,76.83304,CAN_L14,No,Yes,No,No,No,20x20|Cover|5x5|TreesAbove5x5|OtherSp5x5,Candura,NotPlanted,Rajesh and Akhil,no sample,Centroid 9m from Bombax ceiba in NE 80deg,Other,,Original,Interior,S2,2023-10-27,2023-10-27,80
N12-SE(2),10.31195,76.83131,CAN_N12,No,No,No,Yes,No,20x20|Cover|5x5|TreesAbove5x5|OtherSp5x5,Candura,Pink(Weeding+Seeding),"Akhil, Sundarraj and Rajesh",no sample,,,,,,S1,2023-12-11,2023-10-27,98
M13-NE(4),10.31308,76.83212,CAN_M13,No,No,No,Yes,No,20x20|Cover|5x5|TreesAbove5x5|OtherSp5x5,Candura,Red (Weeding),"Akhil, Sundarraj and Rajesh",no sample,Centroid of M13 in Candura has been added,,,,,S1,2023-12-13,2023-10-27,83
N13-SE(1),10.31301,76.83132,CAN_N13,No,No,No,Yes,No,20x20|Cover|5x5|TreesAbove5x5|OtherSp5x5,Candura,Pink(Weeding+Seeding),"Akhil, Sundarraj and Rajesh",no sample,,,,,,S1,2023-12-13,2023-10-27,74
N14-NE(1),10.314,76.83122,CAN_N14,No,No,No,Yes,No,20x20|Cover|5x5|TreesAbove5x5|OtherSp5x5,Candura,White(Seeding),"Akhil, Sundarraj and Rajesh",no sample,,,,,,S1,2023-12-13,2023-10-27,78
M12-SE(3),10.31196,76.83228,CAN_M12,No,No,No,Yes,No,20x20|Cover|5x5|TreesAbove5x5|OtherSp5x5,Candura,Pink(Weeding+Seeding),"Akhil, Sundarraj and Rajesh",no sample,,,,,,S1,2023-12-14,2023-10-27,97
M14-SE(1),10.31379,76.83221,CAN_M14,No,No,No,Yes,No,20x20|Cover|5x5|TreesAbove5x5|OtherSp5x5,Candura,Red (Weeding),"Akhil, Sundarraj and Rajesh",no sample,,,,,,S1,2023-12-14,2023-10-27,76
RK-24 R01,10.35853,76.97074,RK-24 R01,Yes,No,No,No,No,20x20|Cover|5x5|TreesAbove5x5|OtherSp5x5,Rottikadai,Restored,"Akhil, Srini and Arun",no sample,,,2024,,,S1,2024-01-24,2024-01-24,0
RK-24 R02,10.35848,76.96987,RK-24 R02,Yes,No,No,No,No,20x20|Cover|5x5|TreesAbove5x5|OtherSp5x5,Rottikadai,Restored,"Akhil, Srini and Arun",no sample,,,2024,,,S1,2024-01-24,2024-01-24,0
IYP2024R1,10.35017,76.99212,IYP2024R1,Yes,No,No,No,No,20x20|Cover|5x5|TreesAbove5x5|OtherSp5x5,Iyerpadi Top,Restored,"Srini, Akhil, Eshwar, Shivraj and Sonia",no sample,,,,,,S1,2024-04-22,2024-04-22,85
IYP2024R2,10.34985,76.99221,IYP2024R2,Yes,No,No,No,No,20x20|Cover|5x5|TreesAbove5x5|OtherSp5x5,Iyerpadi Top,Restored,"Srini, Akhil, Eshwar, Shivraj and Sonia",no sample,,,,,,S1,2024-04-22,2024-04-22,93
IyH-24 R01,10.35275,76.9717,IyH-24 R01,Yes,No,No,No,No,20x20|Cover|5x5|TreesAbove5x5|OtherSp5x5,Iyerpadi Hospital,Restored,Rajesh and Srini,no sample,,,2024,,,S1,2024-10-21,2024-10-21,0
G13,10.31305,76.8376,CAN_G13,Yes,No,No,No,No,20x20|Cover|5x5|TreesAbove5x5|OtherSp5x5,Candura,Restored,"Murthy, Rajesh, Ahir and Srini",no sample,76.83759 replaced by 76.8376,Other,2025,Pepper,Interior,S2,2025-12-17,2025-12-17,60
G14,10.31396,76.8376,CAN_G14,Yes,No,No,No,No,20x20|Cover|5x5|TreesAbove5x5|OtherSp5x5,Candura,Restored,"Murthy, Rajesh, Ahir and Srini",no sample,10.31395 replaced by 10.31396,Other,2025,Pepper,Interior,S2,2025-12-17,2025-12-17,44
H14,10.31396,76.83669,CAN_H14,Yes,No,No,No,No,20x20|Cover|5x5|TreesAbove5x5|OtherSp5x5,Candura,Restored,"Murthy, Rajesh, Ahir and Srini",no sample,76.83668 replaced by 76.83669,Other,2025,Pepper,Interior,S2,2025-12-17,2025-12-17,41
IyT-GLI-25 R,10.35129,76.98644,IyT-GLI-25 R,Yes,No,No,No,No,20x20|Cover|5x5|TreesAbove5x5|OtherSp5x5,Iyerpadi Top-Gliricidia,Restored,"Rajesh, Ahir and Srini",no sample,,,2025,,,S1,2025-12-18,2025-12-18,98
RK-25 R,10.35925,76.97167,RK-25 R,Yes,No,No,No,No,20x20|Cover|5x5|TreesAbove5x5|OtherSp5x5,Rottikadai,Restored,"Rajesh, Ahir and Srini",no sample,,,2025,,,S1,2025-12-18,2025-12-18,0
TANTEA_CIN_03R,10.28975,77.00653,TANTEA_CIN_03R,Yes,No,No,No,No,20x20|Cover|5x5|TreesAbove5x5|OtherSp5x5,TANTEA,Restored,"Rajesh, Ahir and Srini",no sample,previously TANTEA_CIN_01R now TANTEA_CIN_03R,,2025,,,S1,2025-12-18,2025-12-18,35
TANTEA_CIN_04R,10.28944,77.0057,TANTEA_CIN_04R,Yes,No,No,No,No,20x20|Cover|5x5|TreesAbove5x5|OtherSp5x5,TANTEA,Restored,"Rajesh, Ahir and Srini",no sample,previously TANTEA_CIN_02R now TANTEA_CIN_04R,,2025,,,S1,2025-12-18,2025-12-18,89
D15,10.31485,76.84035,CAN_D15,No,No,No,No,No,,Candura,NotPlanted,,three cores,,Other,,Original,Edge,,,,
E14,10.31395,76.83943,CAN_E14,No,No,No,No,No,,Candura,NotPlanted,,three cores,,Other,,Original,Edge,,,,
F13,10.31305,76.83851,CAN_F13,No,No,No,No,No,,Candura,NotPlanted,,three cores,,Other,,Original,Edge,,,,
G09,10.30944,76.83758,CAN_G09,No,No,No,No,No,,Candura,NotPlanted,,three cores,,Other,,Original,Edge,,,,
G12,10.31215,76.83759,CAN_G12,No,No,No,No,No,,Candura,NotPlanted,,three cores,,Other,,Original,Edge,,,,
H10,10.31035,76.83667,CAN_H10,No,No,No,No,No,,Candura,NotPlanted,,three cores,,Other,,Original,Edge,,,,
H11,10.31125,76.83667,CAN_H11,No,No,No,No,No,,Candura,NotPlanted,,three cores,,Other,,Original,Edge,,,,
H12,10.31215,76.83668,CAN_H12,No,No,No,No,No,,Candura,NotPlanted,,three cores,,Other,,Original,Edge,,,,
IPDI_P1E,10.35956,76.99491,Iyerpadi dispensary,No,No,No,No,Yes,5x5|TreesAbove5x5|OtherSp5x5,Eucalyptus1,Eucalyptus,"Moorthy, Vanidass and Srini",probably,,,,,Middle,S1,,2018-03-21,84.375
IPEB_P2E,10.35956,76.99491,Iyerpadi electricity board,No,No,No,No,Yes,5x5|TreesAbove5x5|OtherSp5x5,Eucalyptus2,Eucalyptus,"Moorthy, Vanidass and Srini",probably,,,,,Middle,S1,,2018-03-21,93.75
OVTC_P3E,10.3517,76.93798,Old Valparai,No,No,No,No,Yes,5x5|TreesAbove5x5|OtherSp5x5,Eucalyptus3,Eucalyptus,"Moorthy, Vanidass and Srini",probably,Old Valparai TATA Coffee,,,,Middle,S1,,2018-03-21,84.375
VANU_P4E,10.34717,76.89074,Varattuparai nursery,No,No,No,No,Yes,5x5|TreesAbove5x5|OtherSp5x5,Eucalyptus4,Eucalyptus,"Moorthy, Vanidass and Srini",probably,Near TATA Tea Nursery,,,,Middle,S1,,2018-03-21,98.95833333
VEOK_P5E,10.3467,76.92072,Vellonie Otthakadai,No,No,No,No,Yes,5x5|TreesAbove5x5|OtherSp5x5,Eucalyptus5,Eucalyptus,"Moorthy, Vanidass and Srini",probably,,,,,Middle,S1,,2018-03-21,97.91666667
VETO_P6E,10.3467,76.92072,Vellonie top,No,No,No,No,Yes,5x5|TreesAbove5x5|OtherSp5x5,Eucalyptus6,Eucalyptus,"Moorthy, Vanidass and Srini",probably,,,,,Middle,S1,,2018-03-21,92.70833333
UKCP_P7E,10.35466,76.93964,Urulikal checkpost,No,No,No,No,Yes,5x5|TreesAbove5x5|OtherSp5x5,Eucalyptus7,Eucalyptus,"Moorthy, Vanidass and Srini",probably,,,,,Middle,S1,,2018-03-21,91.66666667
UKPN_P8E,10.35466,76.93964,"Urulikal, Periyar nagar",No,No,No,No,Yes,5x5|TreesAbove5x5|OtherSp5x5,Eucalyptus8,Eucalyptus,"Moorthy, Vanidass and Srini",probably,,,,,Middle,S1,,2018-03-21,98.95833333
THEN-P9E,10.3454,76.91738,Thenamaram stop-1,No,No,No,No,Yes,5x5|TreesAbove5x5|OtherSp5x5,Eucalyptus9,Eucalyptus,"MOA, Sunderraj and Srini",probably,,,,,Middle,S1,,2019-02-11,91
THEN-P10E,10.34464,76.91621,Thenamaram stop-2,No,No,No,No,Yes,5x5|TreesAbove5x5|OtherSp5x5,Eucalyptus10,Eucalyptus,"MOA, Sunderraj and Srini",probably,,,,,Middle,S1,,2019-02-11,92
DS-P11E,10.33938,76.89713,"Dare School, Urlikal",No,No,No,No,Yes,5x5|TreesAbove5x5|OtherSp5x5,Eucalyptus11,Eucalyptus,"MOA, Sunderraj and Srini",probably,,,,,Middle,S1,,2019-02-11,42
UCO-P12E,10.34166,76.90294,Urlikal checkpost opposite,No,No,No,No,Yes,5x5|TreesAbove5x5|OtherSp5x5,Eucalyptus12,Eucalyptus,"MOA, Sunderraj and Srini",probably,,,,,Middle,S1,,2019-02-11,84
PKT-P13E,10.35183,76.99874,PKT-Karumalai road Plot1,No,No,No,No,Yes,5x5|TreesAbove5x5|OtherSp5x5,Eucalyptus13,Eucalyptus,Sunderraj and Srini,probably,,,,,Middle,S1,,2019-02-12,83
PKT-P14E,10.35082,76.99944,PKT-Karumalai road Plot2,No,No,No,No,Yes,5x5|TreesAbove5x5|OtherSp5x5,Eucalyptus14,Eucalyptus,Sunderraj and Srini,probably,,,,,Middle,S1,,2019-02-12,86
