siteID,date5x5,season,verbatimSpecies,species,nSeedlingS1,nSaplingS1,nSeedlingCoppS1,nSaplingCoppS1,nSeedlingSmallS2,nSeedlingSmallCoppS2,nSeedlingS2,nSeedlingCoppS2,nSaplingSmallS2,nSaplingS2,remarks,nPlanted
STM1_02R,2018-02-09,S1,Syzygium cumini,Syzygium cumini,0,2,0,0,0,0,0,0,0,0,,
STM1_02R,2018-02-09,S1,Dimocarpus longan,Dimocarpus longan,4,2,0,0,0,0,0,0,0,0,,
STM1_02R,2018-02-09,S1,Atalantia racemosa,Atalantia racemosa,50,1,0,0,0,0,0,0,0,0,,
STM1_02R,2018-02-09,S1,Syzygium jambos,Syzygium jambos,31,0,0,0,0,0,0,0,0,0,,
STM1_02R,2018-02-09,S1,Ligustrum,Ligustrum sp.,1,0,0,0,0,0,0,0,0,0,,
STM1_02R,2018-02-09,S1,Maesopsis eminii,Maesopsis eminii,4,14,0,0,0,0,0,0,0,0,,
STM1_02R,2018-02-09,S1,Archidendron sp.,Archidendron sp.,0,1,0,0,0,0,0,0,0,0,,
STM1_02R,2018-02-09,S1,Clerodendrum viscosum,Clerodendrum infortunatum,3,3,0,0,0,0,0,0,0,0,,
STM1_02R,2018-02-09,S1,Elaeocarpus tuberculatus,Elaeocarpus tuberculatus,1,0,0,0,0,0,0,0,0,0,,
STM1_02R,2018-02-09,S1,Artocarpus heterophyllus,Artocarpus heterophyllus,1,0,0,0,0,0,0,0,0,0,,
STM1_02R,2018-02-09,S1,Heynea trijuga,Heynea trijuga,2,0,0,0,0,0,0,0,0,0,,
STM1_02R,2018-02-09,S1,Leea indica,Leea indica,0,1,0,0,0,0,0,0,0,0,,
STM2_04R,2018-02-09,S1,Atalantia racemosa,Atalantia racemosa,4,1,0,0,0,0,0,0,0,0,,
STM2_04R,2018-02-09,S1,Dimocarpus longan,Dimocarpus longan,2,1,0,0,0,0,0,0,0,0,,
STM2_04R,2018-02-09,S1,Syzygium jambos,Syzygium jambos,2,0,0,0,0,0,0,0,0,0,,
STM2_04R,2018-02-09,S1,Ligustrum,Ligustrum sp.,1,0,0,0,0,0,0,0,0,0,,
STM2_04R,2018-02-09,S1,Aglaia elaeagnoidea,Aglaia elaeagnoidea,1,0,0,0,0,0,0,0,0,0,,
STM2_04R,2018-02-09,S1,Artocarpus heterophyllus,Artocarpus heterophyllus,2,0,0,0,0,0,0,0,0,0,,
STM2_04R,2018-02-09,S1,Heynea trijuga,Heynea trijuga,1,0,0,0,0,0,0,0,0,0,,
STIN_02R,2018-02-09,S1,Litsea coriacea,Litsea coriacea,0,1,0,0,0,0,0,0,0,0,,
STIN_02R,2018-02-09,S1,Litsea floribunda,Litsea floribunda,30,6,0,0,0,0,0,0,0,0,,
STIN_02R,2018-02-09,S1,Maesa indica,Maesa indica,7,11,0,0,0,0,0,0,0,0,,
STIN_02R,2018-02-09,S1,Heynea trijuga,Heynea trijuga,4,0,0,0,0,0,0,0,0,0,,
STIN_02R,2018-02-09,S1,Melicope lunu-ankenda,Melicope lunu-ankenda,0,2,0,0,0,0,0,0,0,0,,
STIN_02R,2018-02-09,S1,Clerodendrum viscosum,Clerodendrum infortunatum,1,10,0,0,0,0,0,0,0,0,,
STIN_02R,2018-02-09,S1,Persea macarantha,Persea macrantha,0,1,0,0,0,0,0,0,0,0,,
STIN_02R,2018-02-09,S1,Dysoxylum malabaricum,Dysoxylum malabaricum,3,0,0,0,0,0,0,0,0,0,,
STIN_02R,2018-02-09,S1,Olea dioica,Olea dioica,0,1,0,0,0,0,0,0,0,0,,
STIN_02R,2018-02-09,S1,Rauwolfia densiflora,Rauwolfia densiflora,0,1,0,0,0,0,0,0,0,0,,
STIN_02R,2018-02-09,S1,Cullenia exarillata,Cullenia exarillata,0,1,0,0,0,0,0,0,0,0,,
STIN_02R,2018-02-09,S1,Atalantia racemosa,Atalantia racemosa,63,0,0,0,0,0,0,0,0,0,,
STIN_02R,2018-02-09,S1,Michelia champaca,Michelia champaca,1,0,0,0,0,0,0,0,0,0,,
STIN_02R,2018-02-09,S1,Syzygium densiflorum,Syzygium densiflorum,3,0,0,0,0,0,0,0,0,0,,
STIN_02R,2018-02-09,S1,Maesopsis eminii,Maesopsis eminii,1,11,0,0,0,0,0,0,0,0,,
STIN_02R,2018-02-09,S1,Leea indica,Leea indica,1,0,0,0,0,0,0,0,0,0,,
STIN_02R,2018-02-09,S1,Aporosa sp.,Aporosa sp.,1,0,0,0,0,0,0,0,0,0,,
STIN_02R,2018-02-09,S1,Syzygium cumini,Syzygium cumini,1,0,0,0,0,0,0,0,0,0,,
STIN_02R,2018-02-09,S1,Actinodaphne malabaricum,Actinodaphne malabarica,1,0,0,0,0,0,0,0,0,0,,
STIN_02R,2018-02-09,S1,Aphanamixis polystachya,Aphanamixis polystachya,1,0,0,0,0,0,0,0,0,0,,
STM1_02U,2018-02-09,S1,Atalantia racemosa,Atalantia racemosa,0,0,1,0,0,0,0,0,0,0,,
STM1_02U,2018-02-09,S1,Lantana camara,Lantana camara,1,0,0,0,0,0,0,0,0,0,,
STM2_04U,2018-02-09,S1,Clerodendrum viscosum,Clerodendrum infortunatum,9,0,0,0,0,0,0,0,0,0,,
STM2_04U,2018-02-09,S1,Maesa indica,Maesa indica,1,0,0,0,0,0,0,0,0,0,,
STIN_02U,2018-02-09,S1,Clerodendrum viscosum,Clerodendrum infortunatum,1,3,0,0,0,0,0,0,0,0,,
STIN_02U,2018-02-09,S1,Solanaceae,Solanum sp.,1,0,0,0,0,0,0,0,0,0,,
STIN_02U,2018-02-09,S1,Maesopsis eminii,Maesopsis eminii,0,1,0,0,0,0,0,0,0,0,,
STIN_02U,2018-02-09,S1,Litsea floribunda,Litsea floribunda,2,0,0,0,0,0,0,0,0,0,,
STIN_02U,2018-02-09,S1,Lantana camara,Lantana camara,0,3,0,0,0,0,0,0,0,0,,
INME_03R,2018-02-20,S1,Cinnamomum malabathrum,Cinnamomum malabatrum,12,1,0,0,0,0,0,0,0,0,,
INME_03R,2018-02-20,S1,Maesopsis eminii,Maesopsis eminii,55,17,0,0,0,0,0,0,0,0,,
INME_03R,2018-02-20,S1,Persea macarantha,Persea macrantha,0,3,0,0,0,0,0,0,0,0,,
INME_03R,2018-02-20,S1,Actinodaphne malabaricum,Actinodaphne malabarica,4,0,0,0,0,0,0,0,0,0,,
INME_03R,2018-02-20,S1,Atalantia racemosa,Atalantia racemosa,24,4,0,0,0,0,0,0,0,0,,
INME_03R,2018-02-20,S1,Litsea floribunda,Litsea floribunda,2,0,0,0,0,0,0,0,0,0,,
INME_03R,2018-02-20,S1,Nothapodytes nimmoniana,Nothapodytes nimmoniana,0,1,0,0,0,0,0,0,0,0,,
INME_03R,2018-02-20,S1,Maesa indica,Maesa indica,1,2,0,0,0,0,0,0,0,0,,
INME_03R,2018-02-20,S1,Meliosma pinnata,Meliosma pinnata,1,3,0,0,0,0,0,0,0,0,,
INME_03R,2018-02-20,S1,Artocarpus heterophyllus,Artocarpus heterophyllus,3,0,0,0,0,0,0,0,0,0,,
INME_03R,2018-02-20,S1,Cinnamomum malabathrum,Cinnamomum malabatrum,0,0,0,2,0,0,0,0,0,0,,
INME_03R,2018-02-20,S1,Semecarpus travancorica,Semecarpus travancoricus,2,0,0,0,0,0,0,0,0,0,,
INME_03R,2018-02-20,S1,Litsea oleiodes,Litsea nigrescens,0,1,0,0,0,0,0,0,0,0,,
INME_03R,2018-02-20,S1,Aporosa sp.,Aporosa sp.,0,2,0,0,0,0,0,0,0,0,,
INME_03R,2018-02-20,S1,Leea indica,Leea indica,1,2,0,0,0,0,0,0,0,0,,
INME_03R,2018-02-20,S1,Elaeocarpus tuberculatus,Elaeocarpus tuberculatus,1,0,0,0,0,0,0,0,0,0,,
INME_03R,2018-02-20,S1,Maesopsis eminii,Maesopsis eminii,0,0,1,2,0,0,0,0,0,0,,
INME_03R,2018-02-20,S1,Clerodendrum viscosum,Clerodendrum infortunatum,1,3,0,0,0,0,0,0,0,0,,
INME_03R,2018-02-20,S1,Psychotria anamallayana,Psychotria anamallayana,3,0,0,0,0,0,0,0,0,0,,
INME_03R,2018-02-20,S1,Dimocarpus longan,Dimocarpus longan,0,1,0,0,0,0,0,0,0,0,,
INME_03R,2018-02-20,S1,Persea macarantha,Persea macrantha,0,0,0,1,0,0,0,0,0,0,,
INME_03R,2018-02-20,S1,Ormosia travancorica,Ormosia travancorica,0,1,0,0,0,0,0,0,0,0,,
INBS_04R,2018-02-20,S1,Ficus hispida,Ficus hispida,2,0,0,0,0,0,0,0,0,0,,
INBS_04R,2018-02-20,S1,Cinnamomum malabathrum,Cinnamomum malabatrum,2,0,0,0,0,0,0,0,0,0,,
INBS_04R,2018-02-20,S1,Maesa indica,Maesa indica,2,9,0,0,0,0,0,0,0,0,,
INBS_04R,2018-02-20,S1,Clerodendrum viscosum,Clerodendrum infortunatum,0,1,0,0,0,0,0,0,0,0,,
INBS_04R,2018-02-20,S1,Actinodaphne malabaricum,Actinodaphne malabarica,1,3,0,1,0,0,0,0,0,0,,
INBS_04R,2018-02-20,S1,Dimocarpus longan,Dimocarpus longan,1,0,0,0,0,0,0,0,0,0,,
INBS_04R,2018-02-20,S1,Litsea floribunda,Litsea floribunda,3,0,0,0,0,0,0,0,0,0,,
INBS_04R,2018-02-20,S1,Syzygium densiflorum,Syzygium densiflorum,0,1,0,0,0,0,0,0,0,0,,
INBS_04R,2018-02-20,S1,Lantana camara,Lantana camara,1,0,0,0,0,0,0,0,0,0,,
INBS_04R,2018-02-20,S1,Olea dioica,Olea dioica,1,0,0,0,0,0,0,0,0,0,,
INBS_04R,2018-02-20,S1,Atalantia racemosa,Atalantia racemosa,0,1,0,0,0,0,0,0,0,0,,
INBS_04R,2018-02-20,S1,Maesopsis eminii,Maesopsis eminii,0,1,0,0,0,0,0,0,0,0,,
INBS_04R,2018-02-20,S1,Michelia champaca,Michelia champaca,1,0,0,0,0,0,0,0,0,0,,
INBS_04R,2018-02-20,S1,Ligustrum,Ligustrum sp.,1,0,0,0,0,0,0,0,0,0,,
INDS_03R,2018-02-20,S1,Heynea trijuga,Heynea trijuga,5,1,0,0,0,0,0,0,0,0,,
INDS_03R,2018-02-20,S1,Coffee,Coffea canephora,5,3,0,0,0,0,0,0,0,0,,
INDS_03R,2018-02-20,S1,Atalantia racemosa,Atalantia racemosa,5,3,0,0,0,0,0,0,0,0,,
INDS_03R,2018-02-20,S1,Chrysophyllum lanceolatum,Chrysophyllum lanceolatum,0,1,0,0,0,0,0,0,0,0,,
INDS_03R,2018-02-20,S1,Cinnamomum malabathrum,Cinnamomum malabatrum,1,3,0,0,0,0,0,0,0,0,,
INDS_03R,2018-02-20,S1,Melicope lunu-ankenda,Melicope lunu-ankenda,0,2,0,0,0,0,0,0,0,0,,
INDS_03R,2018-02-20,S1,Dimocarpus longan,Dimocarpus longan,0,0,0,1,0,0,0,0,0,0,,
INDS_03R,2018-02-20,S1,Actinodaphne malabaricum,Actinodaphne malabarica,8,1,0,0,0,0,0,0,0,0,,
INDS_03R,2018-02-20,S1,Clerodendrum viscosum,Clerodendrum infortunatum,1,0,0,0,0,0,0,0,0,0,,
INDS_03R,2018-02-20,S1,Litsea oleiodes,Litsea nigrescens,0,7,0,0,0,0,0,0,0,0,,
INDS_03R,2018-02-20,S1,Olea dioica,Olea dioica,0,1,0,0,0,0,0,0,0,0,,
INDS_03R,2018-02-20,S1,Aglaia canarana,Aglaia canarana,1,0,0,0,0,0,0,0,0,0,,
INDS_03R,2018-02-20,S1,Maesopsis eminii,Maesopsis eminii,1,1,0,1,0,0,0,0,0,0,,
INDS_03R,2018-02-20,S1,Elaeocarpus tuberculatus,Elaeocarpus tuberculatus,1,0,0,0,0,0,0,0,0,0,,
INDS_03R,2018-02-20,S1,Nothapodytes nimmoniana,Nothapodytes nimmoniana,1,1,0,0,0,0,0,0,0,0,,
INDS_03R,2018-02-20,S1,Maesa indica,Maesa indica,5,3,0,0,0,0,0,0,0,0,,
INDS_03R,2018-02-20,S1,Ormosia travancorica,Ormosia travancorica,1,0,0,0,0,0,0,0,0,0,,
INDS_03U,2018-02-20,S1,Litsea oleiodes,Litsea nigrescens,2,5,0,0,0,0,0,0,0,0,,
INDS_03U,2018-02-20,S1,Cinnamomum malabathrum,Cinnamomum malabatrum,0,1,0,0,0,0,0,0,0,0,,
INDS_03U,2018-02-20,S1,Actinodaphne malabaricum,Actinodaphne malabarica,12,1,0,0,0,0,0,0,0,0,,
INDS_03U,2018-02-20,S1,Heynea trijuga,Heynea trijuga,11,1,0,0,0,0,0,0,0,0,,
INDS_03U,2018-02-20,S1,Maesa indica,Maesa indica,3,2,0,0,0,0,0,0,0,0,,
INDS_03U,2018-02-20,S1,Litsea stocksii,Litsea stocksii,1,0,0,0,0,0,0,0,0,0,,
INDS_03U,2018-02-20,S1,Persea macarantha,Persea macrantha,1,1,0,0,0,0,0,0,0,0,,
INDS_03U,2018-02-20,S1,Maesopsis eminii,Maesopsis eminii,0,4,0,0,0,0,0,0,0,0,,
INDS_03U,2018-02-20,S1,Melicope lunu-ankenda,Melicope lunu-ankenda,0,1,0,0,0,0,0,0,0,0,,
INDS_03U,2018-02-20,S1,Litsea coriacea,Litsea coriacea,0,1,0,0,0,0,0,0,0,0,,
INDS_03U,2018-02-20,S1,Nothapodytes nimmoniana,Nothapodytes nimmoniana,0,1,0,0,0,0,0,0,0,0,,
INME_03U,2018-02-20,S1,Gomphandra coriacea,Gomphandra coriacea,1,0,0,0,0,0,0,0,0,0,,
INME_03U,2018-02-20,S1,Symplocos sp.,Symplocos sp.,13,15,0,0,0,0,0,0,0,0,,
INME_03U,2018-02-20,S1,Litsea floribunda,Litsea floribunda,7,2,1,0,0,0,0,0,0,0,,
INME_03U,2018-02-20,S1,Clerodendrum viscosum,Clerodendrum infortunatum,4,5,0,3,0,0,0,0,0,0,,
INME_03U,2018-02-20,S1,Nothapodytes nimmoniana,Nothapodytes nimmoniana,0,6,0,0,0,0,0,0,0,0,,
INME_03U,2018-02-20,S1,Lantana camara,Lantana camara,0,1,0,0,0,0,0,0,0,0,,
INME_03U,2018-02-20,S1,Meiogyne pannosa,Meiogyne pannosa,0,4,0,0,0,0,0,0,0,0,,
INME_03U,2018-02-20,S1,Cinnamomum malabathrum,Cinnamomum malabatrum,1,8,0,2,0,0,0,0,0,0,,
INME_03U,2018-02-20,S1,Syzygium densiflorum,Syzygium densiflorum,0,1,0,1,0,0,0,0,0,0,,
INME_03U,2018-02-20,S1,Dimocarpus longan,Dimocarpus longan,2,1,0,0,0,0,0,0,0,0,,
INME_03U,2018-02-20,S1,Maesa indica,Maesa indica,0,2,0,0,0,0,0,0,0,0,,
INME_03U,2018-02-20,S1,Atalantia racemosa,Atalantia racemosa,1,0,0,0,0,0,0,0,0,0,,
INME_03U,2018-02-20,S1,Heritiera papilio,Heritiera papilio,2,0,0,0,0,0,0,0,0,0,,
INME_03U,2018-02-20,S1,Maesopsis eminii,Maesopsis eminii,2,1,0,0,0,0,0,0,0,0,,
INME_03U,2018-02-20,S1,Syzygium cumini,Syzygium cumini,0,1,0,0,0,0,0,0,0,0,,
INME_03U,2018-02-20,S1,Litsea oleiodes,Litsea nigrescens,1,0,0,0,0,0,0,0,0,0,,
INME_03U,2018-02-20,S1,Actinodaphne malabaricum,Actinodaphne malabarica,1,0,0,0,0,0,0,0,0,0,,
INOA_03R,2018-03-09,S1,Maesopsis eminii,Maesopsis eminii,0,6,0,0,0,0,0,0,0,0,,
INOA_03R,2018-03-09,S1,Coffee,Coffea canephora,5,9,0,2,0,0,0,0,0,0,,
INOA_03R,2018-03-09,S1,Maesa indica,Maesa indica,1,2,0,0,0,0,0,0,0,0,,
INOA_03R,2018-03-09,S1,Madhuca neriifolia,Madhuca neriifolia,0,1,0,0,0,0,0,0,0,0,,
INOA_03R,2018-03-09,S1,Cinnamomum malabathrum,Cinnamomum malabatrum,0,1,0,0,0,0,0,0,0,0,,
INOA_03R,2018-03-09,S1,Gliricidia.sp,Gliricidia sepium,0,4,0,0,0,0,0,0,0,0,,
INOA_03R,2018-03-09,S1,Mesua ferrea,Mesua ferrea,0,1,0,0,0,0,0,0,0,0,,
INOA_03R,2018-03-09,S1,UN ID,Unidentified,0,1,0,0,0,0,0,0,0,0,,
INOA_03R,2018-03-09,S1,Antidesma montanum,Antidesma menasu,0,1,0,0,0,0,0,0,0,0,,
INOA_03R,2018-03-09,S1,Ficus hispida,Ficus hispida,3,3,0,0,0,0,0,0,0,0,,
INOA_03R,2018-03-09,S1,Cullenia exarillata,Cullenia exarillata,0,1,0,0,0,0,0,0,0,0,,
INOA_03R,2018-03-09,S1,Elaeocarpus serratus,Elaeocarpus serratus,0,1,0,0,0,0,0,0,0,0,,
INOA_03U,2018-03-09,S1,Clerodendrum viscosum,Clerodendrum infortunatum,5,4,0,0,0,0,0,0,0,0,,
INOA_03U,2018-03-09,S1,Lantana camara,Lantana camara,0,2,0,0,0,0,0,0,0,0,,
INOA_03U,2018-03-09,S1,Eucalyptus sp.,Eucalyptus sp.,0,2,0,0,0,0,0,0,0,0,,
INBS_04U,2018-03-09,S1,Clerodendrum viscosum,Clerodendrum infortunatum,4,6,0,0,0,0,0,0,0,0,,
INBS_04U,2018-03-09,S1,Eucalyptus sp.,Eucalyptus sp.,0,3,0,0,0,0,0,0,0,0,,
INBS_04U,2018-03-09,S1,Lantana camara,Lantana camara,0,3,0,0,0,0,0,0,0,0,,
INBS_04U,2018-03-09,S1,Actinodaphne malabaricum,Actinodaphne malabarica,1,1,0,0,0,0,0,0,0,0,,
SEL1_07R,2018-03-08,S1,Olea dioica,Olea dioica,1,0,0,0,0,0,0,0,0,0,,
SEL1_07R,2018-03-08,S1,Litsea oleiodes,Litsea nigrescens,6,5,0,1,0,0,0,0,0,0,,
SEL1_07R,2018-03-08,S1,Litsea floribunda,Litsea floribunda,7,2,0,0,0,0,0,0,0,0,,
SEL1_07R,2018-03-08,S1,Clerodendrum viscosum,Clerodendrum infortunatum,1,2,0,0,0,0,0,0,0,0,,
SEL1_07R,2018-03-08,S1,Croton laccifer,Croton laccifer,3,2,0,0,0,0,0,0,0,0,,
SEL1_07R,2018-03-08,S1,Diospyros sylvatica,Diospyros sylvatica,1,1,0,0,0,0,0,0,0,0,,
SEL1_07R,2018-03-08,S1,Microtropis wallichiana,Microtropis wallichiana,0,2,0,0,0,0,0,0,0,0,,
SEL1_07R,2018-03-08,S1,Calamus sp.,Calamus sp.,0,1,0,0,0,0,0,0,0,0,,
SEL1_07R,2018-03-08,S1,Cinnamomum malabathrum,Cinnamomum malabatrum,1,1,0,1,0,0,0,0,0,0,,
SEL1_07R,2018-03-08,S1,Artocarpus heterophyllus,Artocarpus heterophyllus,3,2,0,0,0,0,0,0,0,0,,
SEL1_07R,2018-03-08,S1,Aglaia canarana,Aglaia canarana,2,2,0,0,0,0,0,0,0,0,,
SEL1_07R,2018-03-08,S1,Psychotria anamallayana,Psychotria anamallayana,0,1,0,0,0,0,0,0,0,0,,
SEL1_07R,2018-03-08,S1,Atalantia racemosa,Atalantia racemosa,7,0,0,0,0,0,0,0,0,0,,
SEL1_07R,2018-03-08,S1,Semecarpus travancorica,Semecarpus travancoricus,1,0,0,0,0,0,0,0,0,0,,
SEL1_07R,2018-03-08,S1,Maesa indica,Maesa indica,0,3,0,0,0,0,0,0,0,0,,
SEL1_07R,2018-03-08,S1,Bombax ceiba,Bombax ceiba,0,1,0,0,0,0,0,0,0,0,,
SEL2_07R,2018-03-08,S1,Litsea floribunda,Litsea floribunda,14,3,0,0,0,0,0,0,0,0,,
SEL2_07R,2018-03-08,S1,Vernonia arborea,Vernonia arborea,0,1,0,0,0,0,0,0,0,0,,
SEL2_07R,2018-03-08,S1,Atalantia racemosa,Atalantia racemosa,1,0,0,0,0,0,0,0,0,0,,
SEL2_07R,2018-03-08,S1,Dimocarpus longan,Dimocarpus longan,1,1,0,0,0,0,0,0,0,0,,
SEL2_07R,2018-03-08,S1,Litsea oleiodes,Litsea nigrescens,2,0,0,0,0,0,0,0,0,0,,
SEL2_07R,2018-03-08,S1,Myristica dactyloides,Myristica beddomei,1,1,0,0,0,0,0,0,0,0,,
SEL2_07R,2018-03-08,S1,Mesua ferrea,Mesua ferrea,0,1,0,0,0,0,0,0,0,0,,
SEL2_07R,2018-03-08,S1,Croton laccifer,Croton laccifer,1,1,0,0,0,0,0,0,0,0,,
SEL2_07R,2018-03-08,S1,Litsea coriacea,Litsea coriacea,3,0,0,0,0,0,0,0,0,0,,
SEL2_07R,2018-03-08,S1,Lepisanthes deficiens,Lepisanthes deficiens,0,1,0,0,0,0,0,0,0,0,,
SEL2_07R,2018-03-08,S1,Cinnamomum malabathrum,Cinnamomum malabatrum,0,1,0,0,0,0,0,0,0,0,,
SEL2_07R,2018-03-08,S1,Nothapodytes nimmoniana,Nothapodytes nimmoniana,0,1,0,0,0,0,0,0,0,0,,
SEL1_07U,2018-03-08,S1,Clerodendrum viscosum,Clerodendrum infortunatum,4,8,0,0,0,0,0,0,0,0,,
SEL1_07U,2018-03-08,S1,Cinnamomum malabathrum,Cinnamomum malabatrum,0,1,0,0,0,0,0,0,0,0,,
SEL1_07U,2018-03-08,S1,Rauwolfia densiflora,Rauwolfia densiflora,3,1,0,0,0,0,0,0,0,0,,
SEL1_07U,2018-03-08,S1,Lantana camara,Lantana camara,1,0,0,0,0,0,0,0,0,0,,
SEL1_07U,2018-03-08,S1,Aglaia canarana,Aglaia canarana,0,1,0,0,0,0,0,0,0,0,,
SEL1_07U,2018-03-08,S1,Heynea trijuga,Heynea trijuga,0,3,0,0,0,0,0,0,0,0,,
SEL1_07U,2018-03-08,S1,Tea,Camellia sinensis,0,1,0,0,0,0,0,0,0,0,,
SEL1_07U,2018-03-08,S1,Maesa indica,Maesa indica,0,3,0,0,0,0,0,0,0,0,,
SEL2_07U,2018-03-08,S1,Lantana camara,Lantana camara,14,7,0,0,0,0,0,0,0,0,,
SEL2_07U,2018-03-08,S1,Clerodendrum viscosum,Clerodendrum infortunatum,7,12,0,0,0,0,0,0,0,0,,
OLV1_10R,2018-03-08,S1,Maesa indica,Maesa indica,2,2,0,0,0,0,0,0,0,0,,
OLV1_10R,2018-03-08,S1,Psychotria anamallayana,Psychotria anamallayana,1,0,0,0,0,0,0,0,0,0,,
OLV1_10R,2018-03-08,S1,Nothapodytes nimmoniana,Nothapodytes nimmoniana,11,0,0,0,0,0,0,0,0,0,,
OLV1_10R,2018-03-08,S1,Sterculia guttata,Sterculia guttata,1,0,0,0,0,0,0,0,0,0,,
OLV1_10R,2018-03-08,S1,Litsea oleiodes,Litsea nigrescens,2,2,0,0,0,0,0,0,0,0,,
OLV1_10R,2018-03-08,S1,Maesopsis eminii,Maesopsis eminii,2,3,0,0,0,0,0,0,0,0,,
OLV1_10R,2018-03-08,S1,Syzygium densiflorum,Syzygium densiflorum,0,3,0,0,0,0,0,0,0,0,,
OLV1_10R,2018-03-08,S1,Persea macarantha,Persea macrantha,0,1,0,0,0,0,0,0,0,0,,
OLV1_10R,2018-03-08,S1,Lantana camara,Lantana camara,0,1,0,0,0,0,0,0,0,0,,
OLV1_10R,2018-03-08,S1,Litsea floribunda,Litsea floribunda,0,1,0,0,0,0,0,0,0,0,,
OLV1_10R,2018-03-08,S1,Antidesma montanum,Antidesma menasu,1,0,0,0,0,0,0,0,0,0,,
OLV1_10R,2018-03-08,S1,Clerodendrum viscosum,Clerodendrum infortunatum,0,0,2,1,0,0,0,0,0,0,,
OLV1_10R,2018-03-08,S1,Litsea coriacea,Litsea coriacea,0,1,0,0,0,0,0,0,0,0,,
OLV1_10R,2018-03-08,S1,Actinodaphne malabaricum,Actinodaphne malabarica,1,1,0,1,0,0,0,0,0,0,,
OLV1_10R,2018-03-08,S1,Syzygium gardneri,Syzygium gardneri,2,0,0,0,0,0,0,0,0,0,,
OLV1_10R,2018-03-08,S1,Cinnamomum malabathrum,Cinnamomum malabatrum,1,0,0,0,0,0,0,0,0,0,,
OLV1_10U,2018-03-08,S1,Lantana camara,Lantana camara,0,9,0,0,0,0,0,0,0,0,,
OLV1_10U,2018-03-08,S1,Maesa indica,Maesa indica,0,3,0,0,0,0,0,0,0,0,,
OLV1_10U,2018-03-08,S1,Clerodendrum viscosum,Clerodendrum infortunatum,1,7,0,0,0,0,0,0,0,0,,
HP40_05R,2018-03-14,S1,Atalantia racemosa,Atalantia racemosa,12,21,0,0,0,0,0,0,0,0,,
HP40_05R,2018-03-14,S1,Maesa indica,Maesa indica,1,1,0,0,0,0,0,0,0,0,,
HP40_05R,2018-03-14,S1,Lantana camara,Lantana camara,0,2,0,0,0,0,0,0,0,0,,
HP40_05R,2018-03-14,S1,Clerodendrum viscosum,Clerodendrum infortunatum,4,4,0,0,0,0,0,0,0,0,,
HP40_05R,2018-03-14,S1,Syzygium cumini,Syzygium cumini,1,1,0,0,0,0,0,0,0,0,,
HP40_05R,2018-03-14,S1,Lepisanthes deficiens,Lepisanthes deficiens,0,1,0,0,0,0,0,0,0,0,,
HP40_05R,2018-03-14,S1,Syzygium laetum,Syzygium laetum,0,1,0,0,0,0,0,0,0,0,,
HP40_05R,2018-03-14,S1,Nothapodytes nimmoniana,Nothapodytes nimmoniana,2,0,0,0,0,0,0,0,0,0,,
HP40_05R,2018-03-14,S1,Litsea stocksii,Litsea stocksii,1,0,0,0,0,0,0,0,0,0,,
HP40_05R,2018-03-14,S1,Litsea floribunda,Litsea floribunda,0,1,0,1,0,0,0,0,0,0,,
HP40_05U,2018-03-17,S1,Cinnamomum malabathrum,Cinnamomum malabatrum,0,10,0,0,0,0,0,0,0,0,,
HP40_05U,2018-03-17,S1,Sterculia guttata,Sterculia guttata,4,3,0,0,0,0,0,0,0,0,,
HP40_05U,2018-03-17,S1,Diospyros sylvatica,Diospyros sylvatica,2,8,0,0,0,0,0,0,0,0,,
HP40_05U,2018-03-17,S1,Syzygium densiflorum,Syzygium densiflorum,1,2,0,0,0,0,0,0,0,0,,
HP40_05U,2018-03-17,S1,Atalantia racemosa,Atalantia racemosa,21,0,0,0,0,0,0,0,0,0,,
HP40_05U,2018-03-17,S1,Croton laccifer,Croton laccifer,0,4,0,0,0,0,0,0,0,0,,
HP40_05U,2018-03-17,S1,Syzygium cumini,Syzygium cumini,2,1,0,0,0,0,0,0,0,0,,
HP40_05U,2018-03-17,S1,Nothapodytes nimmoniana,Nothapodytes nimmoniana,1,0,0,0,0,0,0,0,0,0,,
HP40_05U,2018-03-17,S1,Heritiera papilio,Heritiera papilio,3,0,0,0,0,0,0,0,0,0,,
HP40_05U,2018-03-17,S1,Glochidion malabaricum,Glochidion malabaricum,1,0,0,0,0,0,0,0,0,0,,
HP40_05U,2018-03-17,S1,Murraya paniculata,Murraya paniculata,0,1,0,0,0,0,0,0,0,0,,
HP40_05U,2018-03-17,S1,Neolitsea.sp,Neolitsea sp.,0,4,0,0,0,0,0,0,0,0,,
HP40_05U,2018-03-17,S1,Lantana camara,Lantana camara,0,3,0,0,0,0,0,0,0,0,,
IPTO_04R,2018-03-17,S1,Lantana camara,Lantana camara,8,12,15,5,0,0,0,0,0,0,,
IPTO_04R,2018-03-17,S1,Maesa indica,Maesa indica,0,2,0,0,0,0,0,0,0,0,,
IPTO_04R,2018-03-17,S1,Ficus hispida,Ficus hispida,11,1,1,0,0,0,0,0,0,0,,
IPTO_04R,2018-03-17,S1,Atalantia racemosa,Atalantia racemosa,3,0,0,0,0,0,0,0,0,0,,
IPTO_04R,2018-03-17,S1,Actinodaphne malabaricum,Actinodaphne malabarica,1,0,0,0,0,0,0,0,0,0,,
IPTO_04R,2018-03-17,S1,Clerodendrum viscosum,Clerodendrum infortunatum,0,1,0,0,0,0,0,0,0,0,,
IPTO_05R,2018-03-17,S1,Maesa indica,Maesa indica,2,0,0,0,0,0,0,0,0,0,,
IPTO_05R,2018-03-17,S1,Atalantia racemosa,Atalantia racemosa,14,3,0,0,0,0,0,0,0,0,,
IPTO_05R,2018-03-17,S1,Acronychia pedunculata,Acronychia pedunculata,0,0,1,0,0,0,0,0,0,0,,
IPTO_05R,2018-03-17,S1,Heritiera papilio,Heritiera papilio,1,2,0,0,0,0,0,0,0,0,,
IPTO_05R,2018-03-17,S1,Lantana camara,Lantana camara,4,2,0,0,0,0,0,0,0,0,,
IPTO_05R,2018-03-17,S1,Litsea floribunda,Litsea floribunda,0,1,0,0,0,0,0,0,0,0,,
IPTO_05R,2018-03-17,S1,Vernonia arborea,Vernonia arborea,1,0,0,0,0,0,0,0,0,0,,
IPTO_05R,2018-03-17,S1,Cinnamomum malabathrum,Cinnamomum malabatrum,1,0,1,2,0,0,0,0,0,0,,
IPTO_06R,2018-03-17,S1,Cinnamomum malabathrum,Cinnamomum malabatrum,7,4,0,0,0,0,0,0,0,0,,
IPTO_06R,2018-03-17,S1,Atalantia racemosa,Atalantia racemosa,108,4,0,0,0,0,0,0,0,0,,
IPTO_06R,2018-03-17,S1,Ficus hispida,Ficus hispida,3,0,0,0,0,0,0,0,0,0,,
IPTO_06R,2018-03-17,S1,Rauwolfia densiflora,Rauwolfia densiflora,0,1,0,0,0,0,0,0,0,0,,
IPTO_06R,2018-03-17,S1,Scolopia crenata,Scolopia crenata,1,1,0,0,0,0,0,0,0,0,,
IPTO_06R,2018-03-17,S1,Pseudoglochidion anamalayanum,Pseudoglochidion anamalayanum,1,0,0,0,0,0,0,0,0,0,,
IPTO_06R,2018-03-17,S1,Glochidion malabaricum,Glochidion malabaricum,1,0,0,0,0,0,0,0,0,0,,
IPTO_06R,2018-03-17,S1,Clerodendrum viscosum,Clerodendrum infortunatum,0,1,0,0,0,0,0,0,0,0,,
IPTO_06R,2018-03-17,S1,Lantana camara,Lantana camara,1,1,0,0,0,0,0,0,0,0,,
IPTO_06R,2018-03-17,S1,Vernonia arborea,Vernonia arborea,2,0,0,0,0,0,0,0,0,0,,
IPTO_06R,2018-03-17,S1,Microtropis wallichiana,Microtropis wallichiana,0,3,0,0,0,0,0,0,0,0,,
IPTO_06R,2018-03-17,S1,Maesa indica,Maesa indica,1,3,0,0,0,0,0,0,0,0,,
IPTO_06R,2018-03-17,S1,Persea macarantha,Persea macrantha,0,2,0,0,0,0,0,0,0,0,,
IPTO_06R,2018-03-17,S1,Acronychia pedunculata,Acronychia pedunculata,1,1,0,0,0,0,0,0,0,0,,
IPTO_06R,2018-03-17,S1,Murraya paniculata,Murraya paniculata,1,0,0,0,0,0,0,0,0,0,,
IPCO_07R,2018-03-17,S1,Persea macarantha,Persea macrantha,0,1,0,0,0,0,0,0,0,0,,
IPCO_07R,2018-03-17,S1,Heritiera papilio,Heritiera papilio,0,1,0,0,0,0,0,0,0,0,,
IPCO_07R,2018-03-17,S1,Actinodaphne malabaricum,Actinodaphne malabarica,0,1,0,0,0,0,0,0,0,0,,
IPCO_07R,2018-03-17,S1,Syzygium cumini,Syzygium cumini,2,4,0,0,0,0,0,0,0,0,,
IPCO_07R,2018-03-17,S1,Atalantia racemosa,Atalantia racemosa,22,5,0,0,0,0,0,0,0,0,,
IPCO_07R,2018-03-17,S1,Clerodendrum viscosum,Clerodendrum infortunatum,1,3,0,0,0,0,0,0,0,0,,
IPCO_07R,2018-03-17,S1,Dimocarpus longan,Dimocarpus longan,0,1,0,1,0,0,0,0,0,0,,
IPCO_07R,2018-03-17,S1,Lantana camara,Lantana camara,0,2,0,0,0,0,0,0,0,0,,
IPCO_07R,2018-03-17,S1,Litsea oleiodes,Litsea nigrescens,0,1,0,0,0,0,0,0,0,0,,
IPCO_07R,2018-03-17,S1,Cinnamomum malabathrum,Cinnamomum malabatrum,0,1,0,1,0,0,0,0,0,0,,
IPCO_07R,2018-03-17,S1,Maesa indica,Maesa indica,0,3,0,0,0,0,0,0,0,0,,
IPCO_07R,2018-03-17,S1,Myristica dactyloides,Myristica beddomei,0,1,0,0,0,0,0,0,0,0,,
IPCO_07R,2018-03-17,S1,Persea macarantha,Persea macrantha,1,0,0,2,0,0,0,0,0,0,,
IPCO_07U,2018-03-17,S1,Clerodendrum viscosum,Clerodendrum infortunatum,2,4,0,1,0,0,0,0,0,0,,
IPCO_07U,2018-03-17,S1,Glochidion malabaricum,Glochidion malabaricum,0,0,0,1,0,0,0,0,0,0,,
IPCO_07U,2018-03-17,S1,Lantana camara,Lantana camara,1,2,0,0,0,0,0,0,0,0,,
IPCO_07U,2018-03-17,S1,Ficus hispida,Ficus hispida,0,1,0,0,0,0,0,0,0,0,,
IPCO_07U,2018-03-17,S1,Debrigesia longifolia,Debregesia longifolia,0,1,0,0,0,0,0,0,0,0,,
IPCO_07U,2018-03-17,S1,Maesa indica,Maesa indica,0,1,0,0,0,0,0,0,0,0,,
IPTO_04U,2018-03-19,S1,Maesa indica,Maesa indica,6,8,0,0,0,0,0,0,0,0,,
IPTO_04U,2018-03-19,S1,Lepisanthes deficiens,Lepisanthes deficiens,2,0,0,0,0,0,0,0,0,0,,
IPTO_04U,2018-03-19,S1,Ficus hispida,Ficus hispida,7,2,0,0,0,0,0,0,0,0,,
IPTO_04U,2018-03-19,S1,Atalantia racemosa,Atalantia racemosa,23,0,0,0,0,0,0,0,0,0,,
IPTO_04U,2018-03-19,S1,Clerodendrum viscosum,Clerodendrum infortunatum,2,3,0,1,0,0,0,0,0,0,,
IPTO_04U,2018-03-19,S1,Cinnamomum malabathrum,Cinnamomum malabatrum,0,1,0,0,0,0,0,0,0,0,,
IPTO_04U,2018-03-19,S1,Litsea floribunda,Litsea floribunda,0,1,0,0,0,0,0,0,0,0,,
IPTO_04U,2018-03-19,S1,Lantana camara,Lantana camara,1,1,0,0,0,0,0,0,0,0,,
IPTO_05U,2018-03-19,S1,Ficus hispida,Ficus hispida,8,10,0,0,0,0,0,0,0,0,,
IPTO_05U,2018-03-19,S1,Litsea oleiodes,Litsea nigrescens,1,0,0,0,0,0,0,0,0,0,,
IPTO_05U,2018-03-19,S1,Persea macarantha,Persea macrantha,2,0,0,0,0,0,0,0,0,0,,
IPTO_05U,2018-03-19,S1,Maesa indica,Maesa indica,3,4,0,0,0,0,0,0,0,0,,
IPTO_05U,2018-03-19,S1,Heritiera papilio,Heritiera papilio,1,0,0,0,0,0,0,0,0,0,,
IPTO_05U,2018-03-19,S1,Clerodendrum viscosum,Clerodendrum infortunatum,2,1,0,0,0,0,0,0,0,0,,
IPTO_05U,2018-03-19,S1,Atalantia racemosa,Atalantia racemosa,8,0,0,0,0,0,0,0,0,0,,
IPTO_05U,2018-03-19,S1,Murraya paniculata,Murraya paniculata,1,0,0,0,0,0,0,0,0,0,,
IPTO_05U,2018-03-19,S1,Lepisanthes deficiens,Lepisanthes deficiens,3,2,0,0,0,0,0,0,0,0,,
IPTO_05U,2018-03-19,S1,Epiprinus mallotiformis,Epiprinus mallotiformis,0,1,0,0,0,0,0,0,0,0,,
IPTO_06U,2018-03-19,S1,Lantana camara,Lantana camara,0,28,0,0,0,0,0,0,0,0,,
IPTO_06U,2018-03-19,S1,Maesa indica,Maesa indica,17,12,0,0,0,0,0,0,0,0,,
IPTO_06U,2018-03-19,S1,Diospyros sylvatica,Diospyros sylvatica,1,0,0,0,0,0,0,0,0,0,,
IPTO_06U,2018-03-19,S1,Atalantia racemosa,Atalantia racemosa,3,8,0,0,0,0,0,0,0,0,,
HP36_P1B,2018-03-14,S1,Dimocarpus longan,Dimocarpus longan,30,17,0,0,0,0,0,0,0,0,,
HP36_P1B,2018-03-14,S1,Litsea stocksii,Litsea stocksii,5,11,0,0,0,0,0,0,0,0,,
HP36_P1B,2018-03-14,S1,Microtropis wallichiana,Microtropis wallichiana,2,6,0,0,0,0,0,0,0,0,,
HP36_P1B,2018-03-14,S1,Beilschmiedia wightii,Beilschmiedia wightii,1,2,0,1,0,0,0,0,0,0,,
HP36_P1B,2018-03-14,S1,Leea indica,Leea indica,2,0,0,0,0,0,0,0,0,0,,
HP36_P1B,2018-03-14,S1,Croton zeylanicus,Croton zeylanicus,10,2,0,1,0,0,0,0,0,0,,
HP36_P1B,2018-03-14,S1,Palaquium ellipticum,Palaquium ellipticum,16,1,0,0,0,0,0,0,0,0,,
HP36_P1B,2018-03-14,S1,Cryptocarya wightii,Cryptocarya wightiana,0,1,0,1,0,0,0,0,0,0,,
HP36_P1B,2018-03-14,S1,Syzygium densiflorum,Syzygium densiflorum,6,3,0,0,0,0,0,0,0,0,,
HP36_P1B,2018-03-14,S1,Ardisia pauciflora,Ardisia pauciflora,2,1,0,0,0,0,0,0,0,0,,
HP36_P1B,2018-03-14,S1,Mesua ferrea,Mesua ferrea,0,2,0,0,0,0,0,0,0,0,,
HP36_P1B,2018-03-14,S1,Murraya paniculata,Murraya paniculata,0,2,0,0,0,0,0,0,0,0,,
HP36_P1B,2018-03-14,S1,Agrostistachys indica,Agrostistachys indica,0,1,0,0,0,0,0,0,0,0,,
HP36_P1B,2018-03-14,S1,Myristica dactyloides,Myristica beddomei,3,0,0,0,0,0,0,0,0,0,,
HP36_P1B,2018-03-14,S1,Diospyros sylvatica,Diospyros sylvatica,2,0,0,0,0,0,0,0,0,0,,
HP36_P1B,2018-03-14,S1,Psychotria anamallayana,Psychotria anamallayana,0,1,0,0,0,0,0,0,0,0,,
HP36_P1B,2018-03-14,S1,Aglaia simplicifolia,Aglaia simplicifolia,3,3,0,0,0,0,0,0,0,0,,
HP36_P1B,2018-03-14,S1,Clerodendrum viscosum,Clerodendrum infortunatum,1,0,0,0,0,0,0,0,0,0,,
HP36_P1B,2018-03-14,S1,Mesua ferrea,Mesua ferrea,0,0,1,2,0,0,0,0,0,0,,
HP36_P1B,2018-03-14,S1,Litsea floribunda,Litsea floribunda,1,1,0,0,0,0,0,0,0,0,,
HP36_P1B,2018-03-14,S1,Actinodaphne malabaricum,Actinodaphne malabarica,1,0,0,0,0,0,0,0,0,0,,
HP36_P1B,2018-03-14,S1,Maesa indica,Maesa indica,0,1,0,0,0,0,0,0,0,0,,
HP36_P1B,2018-03-14,S1,Litsea oleiodes,Litsea nigrescens,2,0,0,0,0,0,0,0,0,0,,
HP36_P1B,2018-03-14,S1,Miliusa.sp,Meliosma sp.,1,0,0,0,0,0,0,0,0,0,,
HP36_P1B,2018-03-14,S1,Atalantia racemosa,Atalantia racemosa,0,2,0,0,0,0,0,0,0,0,,
HP36_P1B,2018-03-14,S1,Calophyllum polyanthum,Calophyllum polyanthum,0,1,0,0,0,0,0,0,0,0,,
HP36_P2B,2018-03-14,S1,Palaquium ellipticum,Palaquium ellipticum,50,4,0,0,0,0,0,0,0,0,,
HP36_P2B,2018-03-14,S1,Dimocarpus longan,Dimocarpus longan,6,2,0,0,0,0,0,0,0,0,,
HP36_P2B,2018-03-14,S1,UN ID,Unidentified,0,1,0,0,0,0,0,0,0,0,,
HP36_P2B,2018-03-14,S1,Cinnamomum malabathrum,Cinnamomum malabatrum,26,12,0,0,0,0,0,0,0,0,,
HP36_P2B,2018-03-14,S1,Cryptocarya wightii,Cryptocarya wightiana,0,2,0,0,0,0,0,0,0,0,,
HP36_P2B,2018-03-14,S1,Beilschmiedia wightii,Beilschmiedia wightii,2,1,0,0,0,0,0,0,0,0,,
HP36_P2B,2018-03-14,S1,Croton zeylanicus,Croton zeylanicus,3,1,0,0,0,0,0,0,0,0,,
HP36_P2B,2018-03-14,S1,Litsea stocksii,Litsea stocksii,2,4,0,0,0,0,0,0,0,0,,
HP36_P2B,2018-03-14,S1,Cullenia exarillata,Cullenia exarillata,2,0,0,0,0,0,0,0,0,0,,
HP36_P2B,2018-03-14,S1,Diospyros sylvatica,Diospyros sylvatica,0,3,0,0,0,0,0,0,0,0,,
HP36_P2B,2018-03-14,S1,Nothopegia beddomei,Nothopegia beddomei,1,0,0,0,0,0,0,0,0,0,,
HP36_P2B,2018-03-14,S1,Miliusa.sp,Meliosma sp.,3,2,0,0,0,0,0,0,0,0,,
HP36_P2B,2018-03-14,S1,Myristica dactyloides,Myristica beddomei,1,3,0,0,0,0,0,0,0,0,,
HP36_P2B,2018-03-14,S1,Actinodaphne sp.,Actinodaphne sp.,3,1,0,0,0,0,0,0,0,0,,
HP36_P2B,2018-03-14,S1,Syzygium densiflorum,Syzygium densiflorum,0,12,1,0,0,0,0,0,0,0,,
HP36_P2B,2018-03-14,S1,Ardisia pauciflora,Ardisia pauciflora,1,2,0,0,0,0,0,0,0,0,,
HP36_P2B,2018-03-14,S1,Persea macarantha,Persea macrantha,1,2,0,0,0,0,0,0,0,0,,
HP36_P2B,2018-03-14,S1,Heritiera papilio,Heritiera papilio,1,0,0,0,0,0,0,0,0,0,,
HP36_P2B,2018-03-14,S1,Atalantia racemosa,Atalantia racemosa,1,0,0,0,0,0,0,0,0,0,,
HP36_P2B,2018-03-14,S1,Microtropis wallichiana,Microtropis wallichiana,5,3,0,0,0,0,0,0,0,0,,
HP36_P2B,2018-03-14,S1,Clerodendrum viscosum,Clerodendrum infortunatum,1,1,0,0,0,0,0,0,0,0,,
HP36_P2B,2018-03-14,S1,Litsea oleiodes,Litsea nigrescens,0,1,0,0,0,0,0,0,0,0,,
HP36_P2B,2018-03-14,S1,Neolitsea.sp,Neolitsea sp.,0,1,0,0,0,0,0,0,0,0,,
HP36_P2B,2018-03-14,S1,Litsea floribunda,Litsea floribunda,0,1,0,0,0,0,0,0,0,0,,
HP36_P2B,2018-03-14,S1,Aglaia simplicifolia,Aglaia simplicifolia,1,0,0,1,0,0,0,0,0,0,,
HP36_P3B,2018-03-15,S1,Litsea oleiodes,Litsea nigrescens,2,1,0,0,0,0,0,0,0,0,,
HP36_P3B,2018-03-15,S1,Mesua ferrea,Mesua ferrea,1,2,0,0,0,0,0,0,0,0,,
HP36_P3B,2018-03-15,S1,Actinodaphne sp.,Actinodaphne sp.,4,0,0,0,0,0,0,0,0,0,,
HP36_P3B,2018-03-15,S1,Litsea stocksii,Litsea stocksii,17,12,0,0,0,0,0,0,0,0,,
HP36_P3B,2018-03-15,S1,Heritiera papilio,Heritiera papilio,55,9,0,4,0,0,0,0,0,0,,
HP36_P3B,2018-03-15,S1,Ardisia pauciflora,Ardisia pauciflora,2,2,1,1,0,0,0,0,0,0,,
HP36_P3B,2018-03-15,S1,Nothopegia beddomei,Nothopegia beddomei,2,1,0,0,0,0,0,0,0,0,,
HP36_P3B,2018-03-15,S1,Meiogyne pannosa,Meiogyne pannosa,0,1,0,0,0,0,0,0,0,0,,
HP36_P3B,2018-03-15,S1,Beilschmiedia wightii,Beilschmiedia wightii,2,1,0,0,0,0,0,0,0,0,,
HP36_P3B,2018-03-15,S1,Litsea floribunda,Litsea floribunda,3,2,0,0,0,0,0,0,0,0,,
HP36_P3B,2018-03-15,S1,Miliusa.sp,Meliosma sp.,0,3,0,0,0,0,0,0,0,0,,
HP36_P3B,2018-03-15,S1,Persea macarantha,Persea macrantha,2,0,0,0,0,0,0,0,0,0,,
HP36_P3B,2018-03-15,S1,Dimocarpus longan,Dimocarpus longan,0,2,0,0,0,0,0,0,0,0,,
HP36_P3B,2018-03-15,S1,Murraya paniculata,Murraya paniculata,2,0,0,0,0,0,0,0,0,0,,
HP36_P3B,2018-03-15,S1,Aglaia simplicifolia,Aglaia simplicifolia,0,1,0,0,0,0,0,0,0,0,,
HP36_P3B,2018-03-15,S1,Cryptocarya wightii,Cryptocarya wightiana,0,6,0,0,0,0,0,0,0,0,,
HP36_P3B,2018-03-15,S1,Leea indica,Leea indica,1,0,0,0,0,0,0,0,0,0,,
HP36_P3B,2018-03-15,S1,Agrostistachys sp.,Agrostistachys sp.,1,0,0,0,0,0,0,0,0,0,,
HP36_P3B,2018-03-15,S1,Palaquium ellipticum,Palaquium ellipticum,1,0,0,0,0,0,0,0,0,0,,
HP36_P3B,2018-03-15,S1,Heynea trijuga,Heynea trijuga,0,1,0,0,0,0,0,0,0,0,,
HP36_P3B,2018-03-15,S1,Actinodaphne bourdillonii,Actinodaphne bourdillonii,0,1,0,0,0,0,0,0,0,0,,
HP36_P3B,2018-03-15,S1,Lepisanthes deficiens,Lepisanthes deficiens,0,1,0,0,0,0,0,0,0,0,,
HP36_P3B,2018-03-15,S1,Clerodendrum viscosum,Clerodendrum infortunatum,0,1,0,0,0,0,0,0,0,0,,
HP36_P3B,2018-03-15,S1,Microtropis wallichiana,Microtropis wallichiana,0,1,0,0,0,0,0,0,0,0,,
HP36_P3B,2018-03-15,S1,Myristica dactyloides,Myristica beddomei,1,0,0,0,0,0,0,0,0,0,,
HP36_P3B,2018-03-15,S1,Calophyllum sp.,Calophyllum sp.,1,0,0,0,0,0,0,0,0,0,,
HP36_P3B,2018-03-15,S1,Syzygium densiflorum,Syzygium densiflorum,1,0,0,0,0,0,0,0,0,0,,
HP36_P3B,2018-03-15,S1,Psychotria anamallayana,Psychotria anamallayana,0,1,0,0,0,0,0,0,0,0,,
HP36_P4B,2018-03-15,S1,Heritiera papilio,Heritiera papilio,90,23,0,0,0,0,0,0,0,0,,
HP36_P4B,2018-03-15,S1,Calophyllum polyanthum,Calophyllum polyanthum,1,0,0,0,0,0,0,0,0,0,,
HP36_P4B,2018-03-15,S1,Actinodaphne.sp,Actinodaphne sp.,16,0,0,0,0,0,0,0,0,0,,
HP36_P4B,2018-03-15,S1,Litsea stocksii,Litsea stocksii,25,6,0,0,0,0,0,0,0,0,,
HP36_P4B,2018-03-15,S1,Actinodaphne bourdillonii,Actinodaphne bourdillonii,2,1,0,0,0,0,0,0,0,0,,
HP36_P4B,2018-03-15,S1,Miliusa.sp,Meliosma sp.,3,1,0,0,0,0,0,0,0,0,,
HP36_P4B,2018-03-15,S1,Myristica dactyloides,Myristica beddomei,1,5,0,0,0,0,0,0,0,0,,
HP36_P4B,2018-03-15,S1,Ardisia pauciflora,Ardisia pauciflora,0,2,0,0,0,0,0,0,0,0,,
HP36_P4B,2018-03-15,S1,Artocarpus heterophyllus,Artocarpus heterophyllus,0,1,0,0,0,0,0,0,0,0,,
HP36_P4B,2018-03-15,S1,Croton zeylanicus,Croton zeylanicus,0,2,0,0,0,0,0,0,0,0,,
HP36_P4B,2018-03-15,S1,Mesua ferrea,Mesua ferrea,0,1,0,0,0,0,0,0,0,0,,
HP36_P4B,2018-03-15,S1,Clerodendrum viscosum,Clerodendrum infortunatum,0,3,0,0,0,0,0,0,0,0,,
HP36_P4B,2018-03-15,S1,Scolopia crenata,Scolopia crenata,0,1,0,0,0,0,0,0,0,0,,
HP36_P4B,2018-03-15,S1,Syzygium densiflorum,Syzygium densiflorum,0,1,0,0,0,0,0,0,0,0,,
HP36_P4B,2018-03-15,S1,Litsea insignis,Litsea keralana,0,1,0,0,0,0,0,0,0,0,,
HP36_P4B,2018-03-15,S1,Persea macarantha,Persea macrantha,0,0,0,1,0,0,0,0,0,0,,
HP36_P4B,2018-03-15,S1,Neolitsea.sp,Neolitsea sp.,3,0,0,0,0,0,0,0,0,0,,
HP37_P1B,2018-03-16,S1,Microtropis wallichiana,Microtropis wallichiana,0,3,0,0,0,0,0,0,0,0,,
HP37_P1B,2018-03-16,S1,Pseudoglochidion anamalayanum,Pseudoglochidion anamalayanum,1,0,0,0,0,0,0,0,0,0,,
HP37_P1B,2018-03-16,S1,Nageia wallichiana,Nageia wallichiana,0,3,0,0,0,0,0,0,0,0,,
HP37_P1B,2018-03-16,S1,Eugenia sp.,Eugenia sp.,0,2,0,0,0,0,0,0,0,0,,
HP37_P1B,2018-03-16,S1,Elaeocarpus serratus,Elaeocarpus serratus,0,1,0,0,0,0,0,0,0,0,,
HP37_P1B,2018-03-16,S1,Miliusa.sp,Meliosma sp.,6,6,0,0,0,0,0,0,0,0,,
HP37_P1B,2018-03-16,S1,Cryptocarya wightii,Cryptocarya wightiana,1,6,0,0,0,0,0,0,0,0,,
HP37_P1B,2018-03-16,S1,Ardisia pauciflora,Ardisia pauciflora,4,2,0,0,0,0,0,0,0,0,,
HP37_P1B,2018-03-16,S1,Syzygium densiflorum,Syzygium densiflorum,1,0,0,0,0,0,0,0,0,0,,
HP37_P1B,2018-03-16,S1,Diospyros sylvatica,Diospyros sylvatica,0,1,0,0,0,0,0,0,0,0,,
HP37_P1B,2018-03-16,S1,Agrostistachys indica,Agrostistachys indica,1,1,0,0,0,0,0,0,0,0,,
HP37_P1B,2018-03-16,S1,Litsea udayanii,Litsea udayanii,3,1,0,0,0,0,0,0,0,0,,
HP37_P1B,2018-03-16,S1,Atalantia racemosa,Atalantia racemosa,1,0,0,0,0,0,0,0,0,0,,
HP37_P1B,2018-03-16,S1,Dysoxylum malabaricum,Dysoxylum malabaricum,1,0,0,0,0,0,0,0,0,0,,
HP37_P1B,2018-03-16,S1,Meliosma simplicifolia,Meliosma simplicifolia,1,0,0,0,0,0,0,0,0,0,,
HP37_P1B,2018-03-16,S1,Clerodendrum viscosum,Clerodendrum infortunatum,3,1,0,0,0,0,0,0,0,0,,
HP37_P1B,2018-03-16,S1,Litsea bourdillonii,Litsea bourdillonii,0,1,0,0,0,0,0,0,0,0,,
HP37_P1B,2018-03-16,S1,Dimocarpus longan,Dimocarpus longan,0,1,0,0,0,0,0,0,0,0,,
HP37_P1B,2018-03-16,S1,Croton zeylanicus,Croton zeylanicus,1,0,0,0,0,0,0,0,0,0,,
HP37_P1B,2018-03-16,S1,Drypetes wightii,Drypetes wightii,0,1,0,0,0,0,0,0,0,0,,
HP37_P1B,2018-03-16,S1,Cryptocarya anamalayana,Cryptocarya anamalayana,0,1,0,0,0,0,0,0,0,0,,
HP37_P1B,2018-03-16,S1,Nothopegia beddomei,Nothopegia beddomei,2,0,0,0,0,0,0,0,0,0,,
HP37_P1B,2018-03-16,S1,Actinodaphne malabaricum,Actinodaphne malabarica,1,0,0,0,0,0,0,0,0,0,,
HP37_P2B,2018-03-16,S1,Mesua ferrea,Mesua ferrea,1,0,0,0,0,0,0,0,0,0,,
HP37_P2B,2018-03-16,S1,Litsea oleiodes,Litsea nigrescens,11,6,0,0,0,0,0,0,0,0,,
HP37_P2B,2018-03-16,S1,Ardisia pauciflora,Ardisia pauciflora,2,3,0,0,0,0,0,0,0,0,,
HP37_P2B,2018-03-16,S1,Litsea udayanii,Litsea udayanii,1,2,0,0,0,0,0,0,0,0,,
HP37_P2B,2018-03-16,S1,Cryptocarya anamalayana,Cryptocarya anamalayana,0,1,0,0,0,0,0,0,0,0,,
HP37_P2B,2018-03-16,S1,Pseudoglochidion anamalayanum,Pseudoglochidion anamalayanum,14,2,0,0,0,0,0,0,0,0,,
HP37_P2B,2018-03-16,S1,Litsea stocksii,Litsea stocksii,2,1,0,0,0,0,0,0,0,0,,
HP37_P2B,2018-03-16,S1,Miliusa.sp,Meliosma sp.,1,2,0,0,0,0,0,0,0,0,,
HP37_P2B,2018-03-16,S1,Nothopegia beddomei,Nothopegia beddomei,1,0,0,0,0,0,0,0,0,0,,
HP37_P2B,2018-03-16,S1,Aglaia simplicifolia,Aglaia simplicifolia,0,1,0,0,0,0,0,0,0,0,,
HP37_P2B,2018-03-16,S1,Artocarpus heterophyllus,Artocarpus heterophyllus,1,0,0,0,0,0,0,0,0,0,,
HP37_P2B,2018-03-16,S1,Lepisanthes deficiens,Lepisanthes deficiens,0,1,0,0,0,0,0,0,0,0,,
HP37_P2B,2018-03-16,S1,Atalantia racemosa,Atalantia racemosa,1,1,0,0,0,0,0,0,0,0,,
HP37_P2B,2018-03-16,S1,Syzygium densiflorum,Syzygium densiflorum,0,1,0,0,0,0,0,0,0,0,,
HP37_P2B,2018-03-16,S1,Villebrunea integrifolia,Villebrunea integrifolia,0,1,0,0,0,0,0,0,0,0,,
HP37_P2B,2018-03-16,S1,Maesa indica,Maesa indica,0,1,0,0,0,0,0,0,0,0,,
HP37_P2B,2018-03-16,S1,Aphanamixis polystachya,Aphanamixis polystachya,0,1,0,0,0,0,0,0,0,0,,
HP37_P2B,2018-03-16,S1,Litsea bourdillonii,Litsea bourdillonii,0,2,0,0,0,0,0,0,0,0,,
HP37_P2B,2018-03-16,S1,Cullenia exarillata,Cullenia exarillata,1,0,0,0,0,0,0,0,0,0,,
HP37_P2B,2018-03-16,S1,Leea indica,Leea indica,1,0,0,0,0,0,0,0,0,0,,
HP37_P2B,2018-03-16,S1,Myristica dactyloides,Myristica beddomei,1,0,0,0,0,0,0,0,0,0,,
HP37_P2B,2018-03-16,S1,Microtropis wallichiana,Microtropis wallichiana,0,2,0,0,0,0,0,0,0,0,,
HP37_P2B,2018-03-16,S1,Meliosma simplicifolia,Meliosma simplicifolia,0,1,0,0,0,0,0,0,0,0,,
HP37_P3B,2018-03-16,S1,Ardisia pauciflora,Ardisia pauciflora,36,6,0,0,0,0,0,0,0,0,,
HP37_P3B,2018-03-16,S1,Atalantia racemosa,Atalantia racemosa,4,1,0,0,0,0,0,0,0,0,,
HP37_P3B,2018-03-16,S1,Syzygium densiflorum,Syzygium densiflorum,10,4,0,1,0,0,0,0,0,0,,
HP37_P3B,2018-03-16,S1,Aglaia simplicifolia,Aglaia simplicifolia,0,2,0,0,0,0,0,0,0,0,,
HP37_P3B,2018-03-16,S1,Litsea oleiodes,Litsea nigrescens,2,1,0,0,0,0,0,0,0,0,,
HP37_P3B,2018-03-16,S1,Heritiera papilio,Heritiera papilio,7,1,0,0,0,0,0,0,0,0,,
HP37_P3B,2018-03-16,S1,Tricalysia apiocarpa,Tricalysia apiocarpa,0,1,0,0,0,0,0,0,0,0,,
HP37_P3B,2018-03-16,S1,Beilschmiedia wightii,Beilschmiedia wightii,0,1,0,0,0,0,0,0,0,0,,
HP37_P3B,2018-03-16,S1,Cryptocarya wightii,Cryptocarya wightiana,0,3,0,0,0,0,0,0,0,0,,
HP37_P3B,2018-03-16,S1,Murraya paniculata,Murraya paniculata,0,1,0,0,0,0,0,0,0,0,,
HP37_P3B,2018-03-16,S1,Psychotria anamallayana,Psychotria anamallayana,0,1,0,0,0,0,0,0,0,0,,
HP37_P3B,2018-03-16,S1,Neolitsea.sp,Neolitsea sp.,0,1,0,0,0,0,0,0,0,0,,
HP37_P3B,2018-03-16,S1,Cleidion spiciflorum,Cleidion spiciflorum,2,2,0,0,0,0,0,0,0,0,,
HP37_P3B,2018-03-16,S1,Microtropis wallichiana,Microtropis wallichiana,1,6,0,0,0,0,0,0,0,0,,
HP37_P3B,2018-03-16,S1,Miliusa.sp,Meliosma sp.,2,1,0,0,0,0,0,0,0,0,,
HP37_P3B,2018-03-16,S1,Myristica dactyloides,Myristica beddomei,1,0,0,0,0,0,0,0,0,0,,
HP37_P3B,2018-03-16,S1,Actinodaphne bourdillonii,Actinodaphne bourdillonii,0,1,0,0,0,0,0,0,0,0,,
HP37_P3B,2018-03-16,S1,Dimocarpus longan,Dimocarpus longan,1,0,0,0,0,0,0,0,0,0,,
HP37_P3B,2018-03-16,S1,Villebrunea integrifolia,Villebrunea integrifolia,0,1,0,0,0,0,0,0,0,0,,
HP37_P3B,2018-03-16,S1,Cinnamomum malabathrum,Cinnamomum malabatrum,0,1,0,0,0,0,0,0,0,0,,
HP37_P3B,2018-03-16,S1,Litsea floribunda,Litsea floribunda,0,1,0,0,0,0,0,0,0,0,,
HP37_P3B,2018-03-16,S1,Nothopegia beddomei,Nothopegia beddomei,1,1,0,0,0,0,0,0,0,0,,
HP37_P3B,2018-03-16,S1,Beilschmiedia wightii,Beilschmiedia wightii,0,1,0,0,0,0,0,0,0,0,,
HP37_P3B,2018-03-16,S1,Eugenia sp.,Eugenia sp.,1,1,0,0,0,0,0,0,0,0,,
HP37_P3B,2018-03-16,S1,Meliosma simplicifolia,Meliosma simplicifolia,1,0,0,0,0,0,0,0,0,0,,
HP37_P3B,2018-03-16,S1,Mesua ferrea,Mesua ferrea,0,1,0,0,0,0,0,0,0,0,,
HP37_P3B,2018-03-16,S1,Litsea stocksii,Litsea stocksii,0,1,0,0,0,0,0,0,0,0,,
HP37_P3B,2018-03-16,S1,Nageia wallichiana,Nageia wallichiana,0,1,0,0,0,0,0,0,0,0,,
HP37_P3B,2018-03-16,S1,Diospyros sylvatica,Diospyros sylvatica,0,1,0,0,0,0,0,0,0,0,,
HP37_P3B,2018-03-16,S1,Croton zeylanicus,Croton zeylanicus,0,2,0,0,0,0,0,0,0,0,,
HP37_P4B,2018-03-16,S1,Microtropis wallichiana,Microtropis wallichiana,0,1,0,0,0,0,0,0,0,0,,
HP37_P4B,2018-03-16,S1,Syzygium cumini,Syzygium cumini,2,1,0,0,0,0,0,0,0,0,,
HP37_P4B,2018-03-16,S1,Clerodendrum viscosum,Clerodendrum infortunatum,1,15,0,0,0,0,0,0,0,0,,
HP37_P4B,2018-03-16,S1,Litsea stocksii,Litsea stocksii,4,6,0,0,0,0,0,0,0,0,,
HP37_P4B,2018-03-16,S1,Acronychia pedunculata,Acronychia pedunculata,1,0,0,0,0,0,0,0,0,0,,
HP37_P4B,2018-03-16,S1,Nothapodytes nimmoniana,Nothapodytes nimmoniana,1,1,0,0,0,0,0,0,0,0,,
HP37_P4B,2018-03-16,S1,Litsea floribunda,Litsea floribunda,6,0,0,0,0,0,0,0,0,0,,
HP37_P4B,2018-03-16,S1,Heritiera papilio,Heritiera papilio,0,2,0,0,0,0,0,0,0,0,,
HP37_P4B,2018-03-16,S1,Palaquium ellipticum,Palaquium ellipticum,1,1,0,0,0,0,0,0,0,0,,
HP37_P4B,2018-03-16,S1,Villebrunea integrifolia,Villebrunea integrifolia,0,1,0,0,0,0,0,0,0,0,,
HP37_P4B,2018-03-16,S1,Cullenia exarillata,Cullenia exarillata,0,1,0,0,0,0,0,0,0,0,,
HP37_P4B,2018-03-16,S1,Syzygium densiflorum,Syzygium densiflorum,2,0,0,0,0,0,0,0,0,0,,
HP37_P4B,2018-03-16,S1,Litsea oleiodes,Litsea nigrescens,4,0,0,0,0,0,0,0,0,0,,
HP37_P4B,2018-03-16,S1,Atalantia racemosa,Atalantia racemosa,0,3,0,0,0,0,0,0,0,0,,
HP37_P4B,2018-03-16,S1,Nageia wallichiana,Nageia wallichiana,1,0,0,0,0,0,0,0,0,0,,
HP37_P4B,2018-03-16,S1,Ardisia pauciflora,Ardisia pauciflora,2,0,0,0,0,0,0,0,0,0,,
HP37_P4B,2018-03-16,S1,Persea macarantha,Persea macrantha,0,1,0,0,0,0,0,0,0,0,,
HP37_P4B,2018-03-16,S1,Murraya paniculata,Murraya paniculata,0,1,0,0,0,0,0,0,0,0,,
OLCA_P1B,2018-03-19,S1,Ardisia pauciflora,Ardisia pauciflora,1,0,0,0,0,0,0,0,0,0,,
OLCA_P1B,2018-03-19,S1,Palaquium ellipticum,Palaquium ellipticum,16,0,0,0,0,0,0,0,0,0,,
OLCA_P1B,2018-03-19,S1,Syzygium sp.,Syzygium sp.,0,0,0,0,0,0,0,0,0,0,,
OLCA_P1B,2018-03-19,S1,Neolitsea.sp,Neolitsea sp.,1,0,0,0,0,0,0,0,0,0,,
OLCA_P1B,2018-03-19,S1,Myristica dactyloides,Myristica beddomei,1,0,0,0,0,0,0,0,0,0,,
OLCA_P1B,2018-03-19,S1,Orophea.sp,Orophea sp.,0,2,0,0,0,0,0,0,0,0,,
OLCA_P1B,2018-03-19,S1,Dimocarpus longan,Dimocarpus longan,3,9,0,0,0,0,0,0,0,0,,
OLCA_P1B,2018-03-19,S1,Syzygium laetum,Syzygium laetum,0,0,0,1,0,0,0,0,0,0,,
OLCA_P1B,2018-03-19,S1,Syzygium gardneri,Syzygium gardneri,0,4,0,0,0,0,0,0,0,0,,
OLCA_P1B,2018-03-19,S1,Mesua ferrea,Mesua ferrea,0,2,0,0,0,0,0,0,0,0,,
OLCA_P1B,2018-03-19,S1,Heritiera papilio,Heritiera papilio,1,0,0,0,0,0,0,0,0,0,,
OLCA_P1B,2018-03-19,S1,Syzygium laetum,Syzygium laetum,0,1,0,0,0,0,0,0,0,0,,
OLCA_P1B,2018-03-19,S1,Litsea floribunda,Litsea floribunda,1,0,0,0,0,0,0,0,0,0,,
OLCA_P1B,2018-03-19,S1,Actinodaphne malabaricum,Actinodaphne malabarica,0,1,0,0,0,0,0,0,0,0,,
OLCA_P1B,2018-03-19,S1,Apollonias arnottii,Apollonias arnottii,0,1,0,0,0,0,0,0,0,0,,
OLCA_P2B,2018-03-19,S1,Clerodendrum viscosum,Clerodendrum infortunatum,1,1,0,0,0,0,0,0,0,0,,
OLCA_P2B,2018-03-19,S1,Dendrocnide sinuata,Dendrocnide sinuata,2,0,1,0,0,0,0,0,0,0,,
OLCA_P2B,2018-03-19,S1,Palaquium ellipticum,Palaquium ellipticum,17,1,0,0,0,0,0,0,0,0,,
OLCA_P2B,2018-03-19,S1,Cullenia exarillata,Cullenia exarillata,1,1,0,0,0,0,0,0,0,0,,
OLCA_P2B,2018-03-19,S1,Aglaia elaeagnoidea,Aglaia elaeagnoidea,2,0,0,0,0,0,0,0,0,0,,
OLCA_P2B,2018-03-19,S1,Ardisia pauciflora,Ardisia pauciflora,0,1,0,0,0,0,0,0,0,0,,
OLCA_P2B,2018-03-19,S1,Dimocarpus longan,Dimocarpus longan,0,1,0,2,0,0,0,0,0,0,,
OLCA_P2B,2018-03-19,S1,Mesua ferrea,Mesua ferrea,0,1,0,0,0,0,0,0,0,0,,
OLCA_P2B,2018-03-19,S1,Leea indica,Leea indica,1,0,0,0,0,0,0,0,0,0,,
UPMA_P1B,2018-03-20,S1,Croton zeylanicus,Croton zeylanicus,13,4,0,0,0,0,0,0,0,0,,
UPMA_P1B,2018-03-20,S1,Phoebe lanceolata,Phoebe lanceolata,0,3,0,0,0,0,0,0,0,0,,
UPMA_P1B,2018-03-20,S1,Coffee,Coffea canephora,6,7,0,0,0,0,0,0,0,0,,
UPMA_P1B,2018-03-20,S1,Epiprinus mallotiformis,Epiprinus mallotiformis,4,0,0,0,0,0,0,0,0,0,,
UPMA_P1B,2018-03-20,S1,Ardisia pauciflora,Ardisia pauciflora,2,0,0,0,0,0,0,0,0,0,,
UPMA_P1B,2018-03-20,S1,Diospyros sylvatica,Diospyros sylvatica,5,0,0,0,0,0,0,0,0,0,,
UPMA_P1B,2018-03-20,S1,Lepisanthes deficiens,Lepisanthes deficiens,0,1,0,0,0,0,0,0,0,0,,
UPMA_P1B,2018-03-20,S1,Palaquium ellipticum,Palaquium ellipticum,2,0,0,0,0,0,0,0,0,0,,
UPMA_P1B,2018-03-20,S1,Paracroton pendulus,Paracroton pendulus,0,1,0,0,0,0,0,0,0,0,,
UPMA_P1B,2018-03-20,S1,Syzygium densiflorum,Syzygium densiflorum,1,0,0,0,0,0,0,0,0,0,,
UPMA_P1B,2018-03-20,S1,Gomphandra coriacea,Gomphandra coriacea,1,0,0,0,0,0,0,0,0,0,,
UPMA_P1B,2018-03-20,S1,Myristica dactyloides,Myristica beddomei,1,0,0,0,0,0,0,0,0,0,,
UPMA_P1B,2018-03-20,S1,Cullenia exarillata,Cullenia exarillata,1,0,0,0,0,0,0,0,0,0,,
UPMA_P1B,2018-03-20,S1,Leea indica,Leea indica,1,0,0,0,0,0,0,0,0,0,,
UPMA_P1B,2018-03-20,S1,Reinwardtiodendron anaimalaiense,Reinwardtiodendron anaimalaiense,1,0,0,1,0,0,0,0,0,0,,
UPMA_P1B,2018-03-20,S1,Meiogyne pannosa,Meiogyne pannosa,0,1,0,0,0,0,0,0,0,0,,
UPMA_P1B,2018-03-20,S1,Orophea.sp,Orophea sp.,0,2,0,0,0,0,0,0,0,0,,
UPMA_P1B,2018-03-20,S1,Garcinia morella,Garcinia morella,0,1,0,0,0,0,0,0,0,0,,
UPMA_P2B,2018-03-20,S1,Croton zeylanicus,Croton zeylanicus,31,24,0,2,0,0,0,0,0,0,,
UPMA_P2B,2018-03-20,S1,Ardisia pauciflora,Ardisia pauciflora,1,1,0,0,0,0,0,0,0,0,,
UPMA_P2B,2018-03-20,S1,Litsea bourdillonii,Litsea bourdillonii,0,2,0,0,0,0,0,0,0,0,,
UPMA_P2B,2018-03-20,S1,Coffee,Coffea canephora,42,4,0,0,0,0,0,0,0,0,,
UPMA_P2B,2018-03-20,S1,Mesua ferrea,Mesua ferrea,3,0,0,0,0,0,0,0,0,0,,
UPMA_P2B,2018-03-20,S1,Diospyros sylvatica,Diospyros sylvatica,1,1,0,0,0,0,0,0,0,0,,
UPMA_P2B,2018-03-20,S1,Aglaia simplicifolia,Aglaia simplicifolia,0,1,1,0,0,0,0,0,0,0,,
UPMA_P2B,2018-03-20,S1,Eugenia sp.,Eugenia sp.,0,1,0,0,0,0,0,0,0,0,,
UPMA_P2B,2018-03-20,S1,Atalantia racemosa,Atalantia racemosa,1,0,0,0,0,0,0,0,0,0,,
UPMA_P2B,2018-03-20,S1,Dendrocnide sinuata,Dendrocnide sinuata,1,4,0,1,0,0,0,0,0,0,,
UPMA_P2B,2018-03-20,S1,Dysoxylum malabaricum,Dysoxylum malabaricum,0,2,0,0,0,0,0,0,0,0,,
UPMA_P2B,2018-03-20,S1,Orophea.sp,Orophea sp.,0,3,0,0,0,0,0,0,0,0,,
UPMA_P2B,2018-03-20,S1,Drypetes wightii,Drypetes wightii,0,1,0,0,0,0,0,0,0,0,,
UPMA_P2B,2018-03-20,S1,Actinodaphne bourdillonii,Actinodaphne bourdillonii,0,2,0,0,0,0,0,0,0,0,,
UPMA_P2B,2018-03-20,S1,Syzygium laetum,Syzygium laetum,1,0,0,0,0,0,0,0,0,0,,
UPMA_P2B,2018-03-20,S1,Syzygium densiflorum,Syzygium densiflorum,1,0,0,0,0,0,0,0,0,0,,
UPMA_P2B,2018-03-20,S1,Meiogyne pannosa,Meiogyne pannosa,0,1,0,0,0,0,0,0,0,0,,
UPMA_P2B,2018-03-20,S1,Phoebe lanceolata,Phoebe lanceolata,0,1,0,0,0,0,0,0,0,0,,
UPMA_P2B,2018-03-20,S1,Drypetes malabarica,Drypetes malabarica,0,1,0,0,0,0,0,0,0,0,,
UPMA_P2B,2018-03-20,S1,Hydnocarpus alpina,Hydnocarpus alpinus,1,0,0,0,0,0,0,0,0,0,,
UPMA_P2B,2018-03-20,S1,Psychotria anamallayana,Psychotria anamallayana,0,1,0,0,0,0,0,0,0,0,,
UPMA_P2B,2018-03-20,S1,Holigarna nigra,Holigarna nigra,1,0,0,0,0,0,0,0,0,0,,
UPMA_P2B,2018-03-20,S1,Cryptocarya wightii,Cryptocarya wightiana,0,1,0,0,0,0,0,0,0,0,,
UPMA_P2B,2018-03-20,S1,Artocarpus heterophyllus,Artocarpus heterophyllus,0,1,0,0,0,0,0,0,0,0,,
UPMA_P2B,2018-03-20,S1,Paracroton pendulus,Paracroton pendulus,0,1,0,0,0,0,0,0,0,0,,
UPMA_P3B,2018-03-20,S1,Croton zeylanicus,Croton zeylanicus,28,16,0,0,0,0,0,0,0,0,,
UPMA_P3B,2018-03-20,S1,Syzygium densiflorum,Syzygium densiflorum,2,0,0,0,0,0,0,0,0,0,,
UPMA_P3B,2018-03-20,S1,Mesua ferrea,Mesua ferrea,0,5,0,0,0,0,0,0,0,0,,
UPMA_P3B,2018-03-20,S1,Ardisia pauciflora,Ardisia pauciflora,3,0,0,0,0,0,0,0,0,0,,
UPMA_P3B,2018-03-20,S1,Coffee,Coffea canephora,24,0,0,0,0,0,0,0,0,0,,
UPMA_P3B,2018-03-20,S1,Drypetes malabarica,Drypetes malabarica,1,6,0,0,0,0,0,0,0,0,,
UPMA_P3B,2018-03-20,S1,Diospyros sylvatica,Diospyros sylvatica,0,3,0,0,0,0,0,0,0,0,,
UPMA_P3B,2018-03-20,S1,Phoebe lanceolata,Phoebe lanceolata,0,1,0,0,0,0,0,0,0,0,,
UPMA_P3B,2018-03-20,S1,Orophea.sp,Orophea sp.,1,0,0,0,0,0,0,0,0,0,,
UPMA_P4B,2018-03-20,S1,Croton zeylanicus,Croton zeylanicus,5,2,0,0,0,0,0,0,0,0,,
UPMA_P4B,2018-03-20,S1,Syzygium densiflorum,Syzygium densiflorum,0,1,0,0,0,0,0,0,0,0,,
UPMA_P4B,2018-03-20,S1,Drypetes malabarica,Drypetes malabarica,9,0,0,0,0,0,0,0,0,0,,
UPMA_P4B,2018-03-20,S1,Aglaia elaeagnoidea,Aglaia elaeagnoidea,1,1,0,0,0,0,0,0,0,0,,
UPMA_P4B,2018-03-20,S1,Coffee,Coffea canephora,7,3,0,0,0,0,0,0,0,0,,
UPMA_P4B,2018-03-20,S1,Psychotria anamallayana,Psychotria anamallayana,2,4,0,0,0,0,0,0,0,0,,
UPMA_P4B,2018-03-20,S1,Palaquium ellipticum,Palaquium ellipticum,3,0,0,0,0,0,0,0,0,0,,
UPMA_P4B,2018-03-20,S1,Aglaia canarana,Aglaia canarana,2,0,0,0,0,0,0,0,0,0,,
UPMA_P4B,2018-03-20,S1,Aglaia simplicifolia,Aglaia simplicifolia,1,1,0,0,0,0,0,0,0,0,,
UPMA_P4B,2018-03-20,S1,Dysoxylum malabaricum,Dysoxylum malabaricum,4,0,2,0,0,0,0,0,0,0,,
UPMA_P4B,2018-03-20,S1,Diospyros sylvatica,Diospyros sylvatica,0,1,0,0,0,0,0,0,0,0,,
UPMA_P4B,2018-03-20,S1,Litsea oleiodes,Litsea nigrescens,2,0,0,0,0,0,0,0,0,0,,
UPMA_P4B,2018-03-20,S1,Calophyllum sp.,Calophyllum sp.,1,0,0,0,0,0,0,0,0,0,,
UPMA_P4B,2018-03-20,S1,Harpulia arborea,Harpullia arborea,2,0,0,0,0,0,0,0,0,0,,
UPMA_P4B,2018-03-20,S1,Meiogyne pannosa,Meiogyne pannosa,0,2,0,0,0,0,0,0,0,0,,
UPMA_P4B,2018-03-20,S1,Diospyros paniculata,Diospyros paniculata,0,1,0,0,0,0,0,0,0,0,,
UPMA_P4B,2018-03-20,S1,Syzygium munronii,Syzygium munronii,0,1,0,0,0,0,0,0,0,0,,
UPMA_P4B,2018-03-20,S1,Reinwardtiodendron anaimalaiense,Reinwardtiodendron anaimalaiense,1,0,0,0,0,0,0,0,0,0,,
UPMA_P4B,2018-03-20,S1,Cryptocarya wightii,Cryptocarya wightiana,0,1,0,0,0,0,0,0,0,0,,
UPMA_P4B,2018-03-20,S1,Mesua ferrea,Mesua ferrea,0,1,0,0,0,0,0,0,0,0,,
UPMA_P4B,2018-03-20,S1,Beilschmiedia wightii,Beilschmiedia wightii,0,1,0,0,0,0,0,0,0,0,,
UPMA_P5B,2018-03-20,S1,Palaquium ellipticum,Palaquium ellipticum,27,0,0,0,0,0,0,0,0,0,,
UPMA_P5B,2018-03-20,S1,Drypetes malabarica,Drypetes malabarica,0,1,0,0,0,0,0,0,0,0,,
UPMA_P5B,2018-03-20,S1,Ardisia pauciflora,Ardisia pauciflora,1,0,0,0,0,0,0,0,0,0,,
UPMA_P5B,2018-03-20,S1,Syzygium laetum,Syzygium laetum,0,1,0,0,0,0,0,0,0,0,,
UPMA_P5B,2018-03-20,S1,Cullenia exarillata,Cullenia exarillata,2,0,0,0,0,0,0,0,0,0,,
UPMA_P5B,2018-03-20,S1,Leea indica,Leea indica,4,0,0,0,0,0,0,0,0,0,,
UPMA_P5B,2018-03-20,S1,Calophyllum sp.,Calophyllum sp.,1,0,0,0,0,0,0,0,0,0,,
UPMA_P5B,2018-03-20,S1,Coffee,Coffea canephora,24,0,0,0,0,0,0,0,0,0,,
UPMA_P5B,2018-03-20,S1,epiprinus mallotiformis,Epiprinus mallotiformis,0,0,1,1,0,0,0,0,0,0,,
UPMA_P5B,2018-03-20,S1,Vateria indica,Vateria indica,0,1,0,0,0,0,0,0,0,0,,
UPMA_P5B,2018-03-20,S1,Meiogyne pannosa,Meiogyne pannosa,1,1,0,0,0,0,0,0,0,0,,
UPMA_P5B,2018-03-20,S1,Diospyros sylvatica,Diospyros sylvatica,0,2,0,0,0,0,0,0,0,0,,
UPMA_P5B,2018-03-20,S1,Nothapodytes nimmoniana,Nothapodytes nimmoniana,0,1,0,0,0,0,0,0,0,0,,
UPMA_P5B,2018-03-20,S1,Baccaurea courtallensis,Baccaurea courtallensis,0,1,0,0,0,0,0,0,0,0,,
UPMA_P5B,2018-03-20,S1,Mesua ferrea,Mesua ferrea,0,1,0,0,0,0,0,0,0,0,,
UPMA_P5B,2018-03-20,S1,Actinodaphne malabaricum,Actinodaphne malabarica,0,1,0,0,0,0,0,0,0,0,,
IPDI_P1E,2018-03-21,S1,Clerodendrum viscosum,Clerodendrum infortunatum,2,22,0,0,0,0,0,0,0,0,,
IPDI_P1E,2018-03-21,S1,Maesa indica,Maesa indica,4,10,0,0,0,0,0,0,0,0,,
IPDI_P1E,2018-03-21,S1,Lantana camara,Lantana camara,0,2,0,0,0,0,0,0,0,0,,
IPEB_P2E,2018-03-21,S1,Lantana camara,Lantana camara,0,1,0,0,0,0,0,0,0,0,,
IPEB_P2E,2018-03-21,S1,Guava,Psidium guajava,0,2,0,0,0,0,0,0,0,0,,
OVTC_P3E,2018-03-21,S1,Lantana camara,Lantana camara,5,0,0,0,0,0,0,0,0,0,,
VANU_P4E,2018-03-21,S1,Maesopsis eminii,Maesopsis eminii,1,0,0,0,0,0,0,0,0,0,,
VANU_P4E,2018-03-21,S1,Litsea coriacea,Litsea coriacea,1,4,0,0,0,0,0,0,0,0,,
VANU_P4E,2018-03-21,S1,Syzygium cumini,Syzygium cumini,1,0,0,0,0,0,0,0,0,0,,
VANU_P4E,2018-03-21,S1,Lantana camara,Lantana camara,3,3,0,0,0,0,0,0,0,0,,
VANU_P4E,2018-03-21,S1,Cinnamomum malabathrum,Cinnamomum malabatrum,0,1,0,0,0,0,0,0,0,0,,
VANU_P4E,2018-03-21,S1,Clerodendrum viscosum,Clerodendrum infortunatum,1,0,0,0,0,0,0,0,0,0,,
VANU_P4E,2018-03-21,S1,Heynea trijuga,Heynea trijuga,0,1,0,0,0,0,0,0,0,0,,
VEOK_P5E,2018-03-21,S1,Clerodendrum viscosum,Clerodendrum infortunatum,5,6,0,0,0,0,0,0,0,0,,
VEOK_P5E,2018-03-21,S1,Lantana camara,Lantana camara,0,4,0,0,0,0,0,0,0,0,,
VEOK_P5E,2018-03-21,S1,Murraya koenigii,Murraya koenigii,4,0,0,0,0,0,0,0,0,0,,
VETO_P6E,2018-03-21,S1,Lantana camara,Lantana camara,0,11,0,0,0,0,0,0,0,0,,
VETO_P6E,2018-03-21,S1,Clerodendrum viscosum,Clerodendrum infortunatum,0,3,0,0,0,0,0,0,0,0,,
UKCP_P7E,2018-03-21,S1,Lantana camara,Lantana camara,0,1,0,0,0,0,0,0,0,0,,
UKCP_P7E,2018-03-21,S1,Maesa indica,Maesa indica,4,11,0,0,0,0,0,0,0,0,,
UKCP_P7E,2018-03-21,S1,Clerodendrum viscosum,Clerodendrum infortunatum,7,16,0,0,0,0,0,0,0,0,,
UKCP_P7E,2018-03-21,S1,Heynea trijuga,Heynea trijuga,0,2,0,0,0,0,0,0,0,0,,
UKCP_P7E,2018-03-21,S1,Maesa indica,Maesa indica,0,0,0,3,0,0,0,0,0,0,,
UKCP_P7E,2018-03-21,S1,Clerodendrum viscosum,Clerodendrum infortunatum,0,0,0,2,0,0,0,0,0,0,,
UKCP_P7E,2018-03-21,S1,Actinodaphne malabaricum,Actinodaphne malabarica,1,0,0,0,0,0,0,0,0,0,,
UKPN_P8E,2018-03-21,S1,Clerodendrum viscosum,Clerodendrum infortunatum,2,31,0,0,0,0,0,0,0,0,,
UKPN_P8E,2018-03-21,S1,Lantana camara,Lantana camara,0,14,0,0,0,0,0,0,0,0,,
UKPN_P8E,2018-03-21,S1,Spathodea campanulata,Spathodea campanulata,1,0,0,0,0,0,0,0,0,0,,
UKPN_P8E,2018-03-21,S1,Atalantia racemosa,Atalantia racemosa,1,0,0,0,0,0,0,0,0,0,,
PANM_P3B,2020-04-27,S1,Litsea sp.,Litsea sp.,0,1,0,0,0,0,0,0,0,0,,
PANM_P3B,2020-04-27,S1,Syzygium laetum,Syzygium laetum,1,1,0,0,0,0,0,0,0,0,,
PANM_P3B,2020-04-27,S1,Cryptocarya wightii,Cryptocarya wightiana,1,0,0,0,0,0,0,0,0,0,,
PANM_P3B,2020-04-27,S1,Eugenia sp.,Eugenia sp.,0,2,0,0,0,0,0,0,0,0,,
PANM_P3B,2020-04-27,S1,Murraya sp.,Murraya sp.,1,2,0,0,0,0,0,0,0,0,,
PANM_P3B,2020-04-27,S1,Syzygium sp.,Syzygium sp.,0,1,0,0,0,0,0,0,0,0,,
PANM_P3B,2020-04-27,S1,Aglaia simplicifolia,Aglaia simplicifolia,0,1,0,0,0,0,0,0,0,0,,
PANM_P3B,2020-04-27,S1,Dendrocnide sinuata,Dendrocnide sinuata,2,3,0,0,0,0,0,0,0,0,,
PANM_P3B,2020-04-27,S1,Strobilanthes sp.,Strobilanthes sp.,0,3,0,0,0,0,0,0,0,0,,
PANM_P3B,2020-04-27,S1,Syzygium munronii,Syzygium munronii,0,4,0,0,0,0,0,0,0,0,,
PANM_P3B,2020-04-27,S1,Cullenia exarillata,Cullenia exarillata,0,1,0,0,0,0,0,0,0,0,,
PANM_P4B,2020-04-27,S1,Maesa indica,Maesa indica,2,3,0,0,0,0,0,0,0,0,,
PANM_P4B,2020-04-27,S1,Solanaceae,Solanum sp.,0,2,0,0,0,0,0,0,0,0,,
PANM_P4B,2020-04-27,S1,Maesopsis eminii,Maesopsis eminii,0,0,0,1,0,0,0,0,0,0,,
PANM_P4B,2020-04-27,S1,Maesopsis eminii,Maesopsis eminii,3,3,0,0,0,0,0,0,0,0,,
PANM_P4B,2020-04-27,S1,Aporosa sp.,Aporosa sp.,1,3,0,1,0,0,0,0,0,0,,
PANM_P4B,2020-04-27,S1,Atalantia racemosa,Atalantia racemosa,1,1,0,0,0,0,0,0,0,0,,
PANM_P4B,2020-04-27,S1,Psychotria anamallayana,Psychotria anamallayana,1,15,0,0,0,0,0,0,0,0,,
PANM_P4B,2020-04-27,S1,Leea indica,Leea indica,0,1,0,0,0,0,0,0,0,0,,
PANM_P4B,2020-04-27,S1,Syzygium munronii,Syzygium munronii,0,1,0,0,0,0,0,0,0,0,,
PANM_P4B,2020-04-27,S1,Croton zeylanicus,Croton zeylanicus,2,4,0,0,0,0,0,0,0,0,,
PANM_P4B,2020-04-27,S1,Eugenia sp.,Eugenia sp.,0,0,0,1,0,0,0,0,0,0,,
PANM_P4B,2020-04-27,S1,Aphanamixis polystachya,Aphanamixis polystachya,0,1,0,0,0,0,0,0,0,0,,
PANM_P4B,2020-04-27,S1,Murraya paniculata,Murraya paniculata,0,1,0,0,0,0,0,0,0,0,,
PANM_P4B,2020-04-27,S1,Litsea floribunda,Litsea floribunda,1,2,0,0,0,0,0,0,0,0,,
PANM_P4B,2020-04-27,S1,Palaquium ellipticum,Palaquium ellipticum,0,1,0,0,0,0,0,0,0,0,,
OLCA_P3B,2020-04-28,S1,Myristica dactyloides,Myristica beddomei,0,1,0,0,0,0,0,0,0,0,,
OLCA_P3B,2020-04-28,S1,Palaquium ellipticum,Palaquium ellipticum,4,0,0,0,0,0,0,0,0,0,,
OLCA_P3B,2020-04-28,S1,Croton zeylanicus,Croton zeylanicus,2,3,0,0,0,0,0,0,0,0,,
OLCA_P3B,2020-04-28,S1,Neolitsea.sp,Neolitsea sp.,2,0,0,0,0,0,0,0,0,0,,
OLCA_P3B,2020-04-28,S1,Lepisanthes deficiens,Lepisanthes deficiens,0,1,0,0,0,0,0,0,0,0,,
OLCA_P3B,2020-04-28,S1,Aglaia canarana,Aglaia canarana,1,0,0,0,0,0,0,0,0,0,,
OLCA_P3B,2020-04-28,S1,UN ID,Unidentified,0,3,0,0,0,0,0,0,0,0,,
OLCA_P3B,2020-04-28,S1,Ardisia pauciflora,Ardisia pauciflora,1,0,0,0,0,0,0,0,0,0,,
OLCA_P3B,2020-04-28,S1,Actinodaphne bourdillonii,Actinodaphne bourdillonii,0,1,0,0,0,0,0,0,0,0,,
OLCA_P3B,2020-04-28,S1,Saprosma sp.,Saprosma sp.,4,10,0,0,0,0,0,0,0,0,,
OLCA_P3B,2020-04-28,S1,Heritiera papilio,Heritiera papilio,0,1,0,0,0,0,0,0,0,0,,
OLCA_P3B,2020-04-28,S1,Microtropis wallichiana,Microtropis wallichiana,0,3,0,0,0,0,0,0,0,0,,
OLCA_P3B,2020-04-28,S1,Dimocarpus longan,Dimocarpus longan,1,0,0,0,0,0,0,0,0,0,,
OLCA_P3B,2020-04-28,S1,Pseudoglochidion anamalayanum,Pseudoglochidion anamalayanum,0,1,0,0,0,0,0,0,0,0,,
OLCA_P3B,2020-04-28,S1,Litsea sp.,Litsea sp.,0,1,0,0,0,0,0,0,0,0,,
OLCA_P3B,2020-04-28,S1,UN ID,Unidentified,0,1,0,0,0,0,0,0,0,0,,
OLCA_P3B,2020-04-28,S1,Villebrunea integrifolia,Villebrunea integrifolia,0,1,0,0,0,0,0,0,0,0,,
OLCA_P4B,2020-04-28,S1,Ficus hispida,Ficus hispida,0,1,0,0,0,0,0,0,0,0,,
OLCA_P4B,2020-04-28,S1,Villebrunea integrifolia,Villebrunea integrifolia,0,1,0,0,0,0,0,0,0,0,,
OLCA_P4B,2020-04-28,S1,Ardisia pauciflora,Ardisia pauciflora,2,1,1,0,0,0,0,0,0,0,,
OLCA_P4B,2020-04-28,S1,Atalantia racemosa,Atalantia racemosa,1,3,0,0,0,0,0,0,0,0,,
OLCA_P4B,2020-04-28,S1,Aglaia simplicifolia,Aglaia simplicifolia,0,1,0,0,0,0,0,0,0,0,,
OLCA_P4B,2020-04-28,S1,Actinodaphne bourdillonii,Actinodaphne bourdillonii,0,1,0,0,0,0,0,0,0,0,,
OLCA_P4B,2020-04-28,S1,Litsea floribunda,Litsea floribunda,0,1,0,0,0,0,0,0,0,0,,
OLCA_P4B,2020-04-28,S1,Psychotria anamallayana,Psychotria anamallayana,1,1,0,0,0,0,0,0,0,0,,
OLCA_P4B,2020-04-28,S1,Calamus sp.,Calamus sp.,1,0,0,0,0,0,0,0,0,0,,
OLCA_P4B,2020-04-28,S1,Actinodaphne malabaricum,Actinodaphne malabarica,5,0,0,0,0,0,0,0,0,0,,
OLCA_P4B,2020-04-28,S1,Palaquium ellipticum,Palaquium ellipticum,6,0,0,0,0,0,0,0,0,0,,
OLCA_P4B,2020-04-28,S1,Myristica dactyloides,Myristica beddomei,0,1,0,0,0,0,0,0,0,0,,
OLCA_P4B,2020-04-28,S1,Cullenia exarillata,Cullenia exarillata,1,0,0,0,0,0,0,0,0,0,,
OLCA_P4B,2020-04-28,S1,Heritiera papilio,Heritiera papilio,1,0,0,0,0,0,0,0,0,0,,
OLCA_P5B,2020-04-28,S1,Croton zeylanicus,Croton zeylanicus,0,4,0,0,0,0,0,0,0,0,,
OLCA_P5B,2020-04-28,S1,Syzygium sp.,Syzygium sp.,0,0,0,3,0,0,0,0,0,0,,
OLCA_P5B,2020-04-28,S1,Myristica dactyloides,Myristica beddomei,0,0,0,1,0,0,0,0,0,0,,
OLCA_P5B,2020-04-28,S1,Neolitsea.sp,Neolitsea sp.,0,0,0,2,0,0,0,0,0,0,,
OLCA_P5B,2020-04-28,S1,Mallotus tetracoccus,Mallotus tetracoccus,0,0,0,1,0,0,0,0,0,0,,
OLCA_P5B,2020-04-28,S1,Olea dioica,Olea dioica,0,1,0,0,0,0,0,0,0,0,,
OLCA_P5B,2020-04-28,S1,Cullenia exarillata,Cullenia exarillata,0,1,0,0,0,0,0,0,0,0,,
OLCA_P5B,2020-04-28,S1,Epiprinus mallotiformis,Epiprinus mallotiformis,0,1,0,0,0,0,0,0,0,0,,
OLCA_P5B,2020-04-28,S1,Mesua ferrea,Mesua ferrea,0,0,0,1,0,0,0,0,0,0,,
OLCA_P5B,2020-04-28,S1,Syzygium sp.,Syzygium sp.,0,1,0,0,0,0,0,0,0,0,,
OLCA_P5B,2020-04-28,S1,Heritiera papilio,Heritiera papilio,1,3,0,0,0,0,0,0,0,0,,
OLCA_P5B,2020-04-28,S1,Antidesma montanum,Antidesma menasu,0,1,0,0,0,0,0,0,0,0,,
OLCA_P5B,2020-04-28,S1,scolopia sp.,Scolopia sp.,3,4,0,0,0,0,0,0,0,0,,
OLCA_P5B,2020-04-28,S1,Atalantia racemosa,Atalantia racemosa,4,5,0,0,0,0,0,0,0,0,,
OLCA_P5B,2020-04-28,S1,Maesa indica,Maesa indica,1,1,0,0,0,0,0,0,0,0,,
OLCA_P5B,2020-04-28,S1,Aglaia simplicifolia,Aglaia simplicifolia,4,2,0,0,0,0,0,0,0,0,,
OLCA_P5B,2020-04-28,S1,Palaquium ellipticum,Palaquium ellipticum,1,0,0,0,0,0,0,0,0,0,,
OLCA_P5B,2020-04-28,S1,Eugenia sp.,Eugenia sp.,1,0,0,0,0,0,0,0,0,0,,
OLCA_P5B,2020-04-28,S1,Saprosma sp.,Saprosma sp.,1,1,0,0,0,0,0,0,0,0,,
OLCA_P5B,2020-04-28,S1,Ardisia pauciflora,Ardisia pauciflora,0,2,0,0,0,0,0,0,0,0,,
OLCA_P5B,2020-04-28,S1,Syzygium laetum,Syzygium laetum,0,0,0,1,0,0,0,0,0,0,,
UPMA_P6B,2020-04-24,S1,Hydnocarpus alpina,Hydnocarpus alpinus,1,2,0,2,0,0,0,0,0,0,,
UPMA_P6B,2020-04-24,S1,Croton zeylanicus,Croton zeylanicus,10,20,0,0,0,0,0,0,0,0,,
UPMA_P6B,2020-04-24,S1,Paracroton pendulus,Paracroton pendulus,0,1,0,0,0,0,0,0,0,0,,
UPMA_P6B,2020-04-24,S1,Aglaia elaeagnoidea,Aglaia elaeagnoidea,0,1,0,0,0,0,0,0,0,0,,
UPMA_P6B,2020-04-24,S1,Diospyros sylvatica,Diospyros sylvatica,0,1,0,0,0,0,0,0,0,0,,
UPMA_P6B,2020-04-24,S1,Coffee,Coffea canephora,0,2,0,0,0,0,0,0,0,0,,
UPMA_P6B,2020-04-24,S1,Cryptocarya wightii,Cryptocarya wightiana,1,2,0,0,0,0,0,0,0,0,,
UPMA_P6B,2020-04-24,S1,Caryota urens,Caryota urens,3,0,0,0,0,0,0,0,0,0,,
UPMA_P6B,2020-04-24,S1,Palaquium ellipticum,Palaquium ellipticum,11,0,0,0,0,0,0,0,0,0,,
UPMA_P6B,2020-04-24,S1,Nothopegia beddomei,Nothopegia beddomei,0,1,0,0,0,0,0,0,0,0,,
UPMA_P6B,2020-04-24,S1,Mesua ferrea,Mesua ferrea,0,1,0,0,0,0,0,0,0,0,,
UPMA_P6B,2020-04-24,S1,Drypetes malabarica,Drypetes malabarica,0,1,0,0,0,0,0,0,0,0,,
UPMA_P6B,2020-04-24,S1,Cullenia exarillata,Cullenia exarillata,1,1,0,0,0,0,0,0,0,0,,
UPMA_P6B,2020-04-24,S1,Saprosma sp.,Saprosma sp.,1,0,0,0,0,0,0,0,0,0,,
UPMA_P6B,2020-04-24,S1,Paracroton pendulus,Paracroton pendulus,0,0,0,1,0,0,0,0,0,0,,
UPMA_P6B,2020-04-24,S1,Drypetes malabarica,Drypetes malabarica,0,0,0,1,0,0,0,0,0,0,,
UPMA_P6B,2020-04-24,S1,Litsea oleiodes,Litsea nigrescens,1,0,0,0,0,0,0,0,0,0,,
UPMA_P6B,2020-04-24,S1,Actinodaphne sp.,Actinodaphne sp.,0,1,0,0,0,0,0,0,0,0,,
K15,2018-05-09,S1,Clerodendrum viscosum,Clerodendrum infortunatum,7,8,0,0,0,0,0,0,0,0,,
K15,2018-05-09,S1,Persea macarantha,Persea macrantha,0,1,0,0,0,0,0,0,0,0,,
K15,2018-05-09,S1,Coffee canephora,Coffea canephora,11,17,0,2,0,0,0,0,0,0,,
K15,2018-05-09,S1,Turpinia malabarica,Turpinia malabarica,17,17,0,1,0,0,0,0,0,0,,
K15,2018-05-09,S1,Actinodaphne malabaricum,Actinodaphne malabarica,0,1,0,0,0,0,0,0,0,0,,
K15,2018-05-09,S1,Leea indica,Leea indica,4,4,0,0,0,0,0,0,0,0,,
K15,2018-05-09,S1,Glochidion malabaricum,Glochidion malabaricum,2,2,0,0,0,0,0,0,0,0,,
K15,2018-05-09,S1,Artocarpus heterophyllus,Artocarpus heterophyllus,0,1,0,0,0,0,0,0,0,0,,
K15,2018-05-09,S1,Xanthophyllum flavescens,Xanthophyllum flavescens,7,1,0,0,0,0,0,0,0,0,,
K15,2018-05-09,S1,Olea dioica,Olea dioica,0,1,0,0,0,0,0,0,0,0,,
K15,2018-05-09,S1,Ficus exasperata,Ficus exasperata,2,0,0,0,0,0,0,0,0,0,,
K15,2018-05-09,S1,Aphanamixis polystachya,Aphanamixis polystachya,0,2,0,0,0,0,0,0,0,0,,
K15,2018-05-09,S1,Heynea trijuga,Heynea trijuga,0,1,0,0,0,0,0,0,0,0,,
K15,2018-05-09,S1,Elaeocarpus tuberculatus,Elaeocarpus tuberculatus,0,1,0,0,0,0,0,0,0,0,,
K15,2018-05-09,S1,Lantana camara,Lantana camara,1,0,0,0,0,0,0,0,0,0,,
K15,2018-05-09,S1,Syzygium cumini,Syzygium cumini,0,1,0,0,0,0,0,0,0,0,,
L15,2018-05-09,S1,Cinnamomum malabathrum,Cinnamomum malabatrum,36,7,0,0,0,0,0,0,0,0,,
L15,2018-05-09,S1,Aporosa acuminata,Aporosa indoacuminata,1,0,0,0,0,0,0,0,0,0,,
L15,2018-05-09,S1,Glochidion malabaricum,Glochidion malabaricum,3,0,0,0,0,0,0,0,0,0,,
L15,2018-05-09,S1,Maesopsis eminii,Maesopsis eminii,0,0,0,1,0,0,0,0,0,0,,
L15,2018-05-09,S1,Actinodaphne malabaricum,Actinodaphne malabarica,2,0,0,0,0,0,0,0,0,0,,
L15,2018-05-09,S1,Coffee canephora,Coffea canephora,1,1,0,0,0,0,0,0,0,0,,
L15,2018-05-09,S1,Litsea floribunda,Litsea floribunda,1,0,0,0,0,0,0,0,0,0,,
L15,2018-05-09,S1,Maesa indica,Maesa indica,2,4,0,0,0,0,0,0,0,0,,
L15,2018-05-09,S1,Lantana camara,Lantana camara,1,1,0,0,0,0,0,0,0,0,,
L15,2018-05-09,S1,Turpinia malabarica,Turpinia malabarica,1,0,0,0,0,0,0,0,0,0,,
L15,2018-05-09,S1,Leea indica,Leea indica,1,0,0,0,0,0,0,0,0,0,,
L15,2018-05-09,S1,Maesopsis eminii,Maesopsis eminii,1,4,0,0,0,0,0,0,0,0,,
M15,2018-05-09,S1,Coffee canephora,Coffea canephora,1004,3,0,0,0,0,0,0,0,0,,
M15,2018-05-09,S1,Actinodaphne malabaricum,Actinodaphne malabarica,2,6,0,0,0,0,0,0,0,0,,
M15,2018-05-09,S1,Leea indica,Leea indica,2,2,0,0,0,0,0,0,0,0,,
M15,2018-05-09,S1,Aporosa acuminata,Aporosa indoacuminata,2,3,0,0,0,0,0,0,0,0,,
M15,2018-05-09,S1,Olea dioica,Olea dioica,0,1,0,0,0,0,0,0,0,0,,
M15,2018-05-09,S1,Cinnamomum malabathrum,Cinnamomum malabatrum,0,1,0,0,0,0,0,0,0,0,,
M15,2018-05-09,S1,Nothopegia beddomei,Nothopegia beddomei,1,0,0,0,0,0,0,0,0,0,,
N15,2018-05-10,S1,Xanthophyllum flavescens,Xanthophyllum flavescens,6,7,0,0,0,0,0,0,0,0,,
N15,2018-05-10,S1,Turpinia malabarica,Turpinia malabarica,8,7,1,0,0,0,0,0,0,0,,
N15,2018-05-10,S1,Litsea floribunda,Litsea floribunda,1,1,0,0,0,0,0,0,0,0,,
N15,2018-05-10,S1,Litsea oleiodes,Litsea nigrescens,5,3,0,0,0,0,0,0,0,0,,
N15,2018-05-10,S1,Actinodaphne malabaricum,Actinodaphne malabarica,3,3,0,0,0,0,0,0,0,0,,
N15,2018-05-10,S1,Coffee canephora,Coffea canephora,18,4,0,0,0,0,0,0,0,0,,
N15,2018-05-10,S1,Leea indica,Leea indica,3,0,0,0,0,0,0,0,0,0,,
N15,2018-05-10,S1,Paracroton pendulus,Paracroton pendulus,1,0,0,0,0,0,0,0,0,0,,
N15,2018-05-10,S1,Persea macarantha,Persea macrantha,7,0,0,0,0,0,0,0,0,0,,
N15,2018-05-10,S1,Otonephelium stipulaceum,Otonephelium stipulaceum,9,1,0,0,0,0,0,0,0,0,,
N15,2018-05-10,S1,Diospyros sylvatica,Diospyros sylvatica,0,4,0,0,0,0,0,0,0,0,,
N15,2018-05-10,S1,Palaquium ellipticum,Palaquium ellipticum,4,4,0,0,0,0,0,0,0,0,,
N15,2018-05-10,S1,Dysoxylum malabaricum,Dysoxylum malabaricum,0,1,0,0,0,0,0,0,0,0,,
N15,2018-05-10,S1,Glochidion malabaricum,Glochidion malabaricum,0,1,0,0,0,0,0,0,0,0,,
N15,2018-05-10,S1,Aglaia elaeagnoidea,Aglaia elaeagnoidea,0,1,0,0,0,0,0,0,0,0,,
N15,2018-05-10,S1,Ficus exasperata,Ficus exasperata,1,0,0,0,0,0,0,0,0,0,,
N15,2018-05-10,S1,Drypetes malabarica,Drypetes malabarica,1,0,0,0,0,0,0,0,0,0,,
N15,2018-05-10,S1,Epiprinus mallotiformis,Epiprinus mallotiformis,1,0,0,0,0,0,0,0,0,0,,
N15,2018-05-10,S1,Aporosa acuminata,Aporosa indoacuminata,0,1,0,0,0,0,0,0,0,0,,
N15,2018-05-10,S1,Litsea coriacea,Litsea coriacea,1,0,0,0,0,0,0,0,0,0,,
N15,2018-05-10,S1,Holigarna nigra,Holigarna nigra,1,0,0,0,0,0,0,0,0,0,,
K16,2018-05-10,S1,Turpinia malabarica,Turpinia malabarica,14,2,0,0,0,0,0,0,0,0,,
K16,2018-05-10,S1,Glochidion malabaricum,Glochidion malabaricum,1,0,0,0,0,0,0,0,0,0,,
K16,2018-05-10,S1,Coffee canephora,Coffea canephora,33,0,1,0,0,0,0,0,0,0,,
K16,2018-05-10,S1,Clerodendrum viscosum,Clerodendrum infortunatum,3,0,0,0,0,0,0,0,0,0,,
K16,2018-05-10,S1,Maesopsis eminii,Maesopsis eminii,4,0,3,1,0,0,0,0,0,0,,
K16,2018-05-10,S1,Elaeocarpus tuberculatus,Elaeocarpus tuberculatus,1,0,0,0,0,0,0,0,0,0,,
K16,2018-05-10,S1,Leea indica,Leea indica,2,0,0,0,0,0,0,0,0,0,,
K16,2018-05-10,S1,Aporosa acuminata,Aporosa indoacuminata,3,2,0,0,0,0,0,0,0,0,,
K16,2018-05-10,S1,Psychotria anamallayana,Psychotria anamallayana,1,1,0,0,0,0,0,0,0,0,,
K16,2018-05-10,S1,Eugenia sp.,Eugenia sp.,1,1,0,0,0,0,0,0,0,0,,
K16,2018-05-10,S1,Acronychia pedunculata,Acronychia pedunculata,0,3,0,0,0,0,0,0,0,0,,
K16,2018-05-10,S1,Xanthophyllum flavescens,Xanthophyllum flavescens,2,0,0,0,0,0,0,0,0,0,,
K16,2018-05-10,S1,Actinodaphne malabaricum,Actinodaphne malabarica,0,1,0,0,0,0,0,0,0,0,,
K16,2018-05-10,S1,Maesa indica,Maesa indica,2,0,0,0,0,0,0,0,0,0,,
K16,2018-05-10,S1,Aglaia canarana,Aglaia canarana,0,1,0,0,0,0,0,0,0,0,,
K16,2018-05-10,S1,Mangifera indica,Mangifera indica,0,1,0,0,0,0,0,0,0,0,,
K16,2018-05-10,S1,Olea dioica,Olea dioica,0,1,0,0,0,0,0,0,0,0,,
K16,2018-05-10,S1,Palaquium ellipticum,Palaquium ellipticum,0,1,0,0,0,0,0,0,0,0,,
K16,2018-05-10,S1,Citrus sp.,Citrus sp.,0,1,0,0,0,0,0,0,0,0,,
K16,2018-05-10,S1,Litsea oleiodes,Litsea nigrescens,1,0,0,0,0,0,0,0,0,0,,
K16,2018-05-10,S1,Apollonias arnottii,Apollonias arnottii,0,1,0,0,0,0,0,0,0,0,,
J16,2018-05-10,S1,Persea macarantha,Persea macrantha,4,2,0,0,0,0,0,0,0,0,,
J16,2018-05-10,S1,Coffee canephora,Coffea canephora,27,0,0,0,0,0,0,0,0,0,,
J16,2018-05-10,S1,Actinodaphne malabaricum,Actinodaphne malabarica,11,3,0,0,0,0,0,0,0,0,,
J16,2018-05-10,S1,Myristica dactyloides,Myristica beddomei,1,0,0,0,0,0,0,0,0,0,,
J16,2018-05-10,S1,Maesopsis eminii,Maesopsis eminii,1,0,0,1,0,0,0,0,0,0,,
J16,2018-05-10,S1,Leea indica,Leea indica,2,1,0,0,0,0,0,0,0,0,,
J16,2018-05-10,S1,Heynea trijuga,Heynea trijuga,1,0,0,0,0,0,0,0,0,0,,
J16,2018-05-10,S1,Turpinia malabarica,Turpinia malabarica,2,0,0,0,0,0,0,0,0,0,,
J16,2018-05-10,S1,Ficus exasperata,Ficus exasperata,2,0,0,0,0,0,0,0,0,0,,
J16,2018-05-10,S1,Maesa indica,Maesa indica,2,1,1,0,0,0,0,0,0,0,,
J16,2018-05-10,S1,Aporosa acuminata,Aporosa indoacuminata,0,1,0,0,0,0,0,0,0,0,,
J16,2018-05-10,S1,Xanthophyllum flavescens,Xanthophyllum flavescens,1,0,0,0,0,0,0,0,0,0,,
J16,2018-05-10,S1,Elaeocarpus tuberculatus,Elaeocarpus tuberculatus,1,0,0,0,0,0,0,0,0,0,,
L16,2018-05-10,S1,Syzygium densiflorum,Syzygium densiflorum,2,0,0,0,0,0,0,0,0,0,,
L16,2018-05-10,S1,Cinnamomum malabathrum,Cinnamomum malabatrum,18,14,0,0,0,0,0,0,0,0,,
L16,2018-05-10,S1,Elaeocarpus tuberculatus,Elaeocarpus tuberculatus,2,2,0,0,0,0,0,0,0,0,,
L16,2018-05-10,S1,Actinodaphne malabaricum,Actinodaphne malabarica,4,4,1,0,0,0,0,0,0,0,,
L16,2018-05-10,S1,Litsea oleiodes,Litsea nigrescens,1,1,0,0,0,0,0,0,0,0,,
L16,2018-05-10,S1,Leea indica,Leea indica,4,4,0,0,0,0,0,0,0,0,,
L16,2018-05-10,S1,Psychotria anamallayana,Psychotria anamallayana,2,3,0,0,0,0,0,0,0,0,,
L16,2018-05-10,S1,Turpinia malabarica,Turpinia malabarica,3,1,0,0,0,0,0,0,0,0,,
L16,2018-05-10,S1,Maesa indica,Maesa indica,7,1,1,0,0,0,0,0,0,0,,
L16,2018-05-10,S1,Olea dioica,Olea dioica,3,0,0,0,0,0,0,0,0,0,,
L16,2018-05-10,S1,Coffee canephora,Coffea canephora,0,1,0,0,0,0,0,0,0,0,,
L16,2018-05-10,S1,Xanthophyllum flavescens,Xanthophyllum flavescens,3,0,0,0,0,0,0,0,0,0,,
L16,2018-05-10,S1,Litsea coriacea,Litsea coriacea,0,0,1,0,0,0,0,0,0,0,,
L16,2018-05-10,S1,Dysoxylum malabaricum,Dysoxylum malabaricum,1,0,0,0,0,0,0,0,0,0,,
L16,2018-05-10,S1,Maesopsis eminii,Maesopsis eminii,0,5,0,1,0,0,0,0,0,0,,
L16,2018-05-10,S1,Aglaia canarana,Aglaia canarana,0,1,0,0,0,0,0,0,0,0,,
L16,2018-05-10,S1,Glochidion malabaricum,Glochidion malabaricum,2,1,0,0,0,0,0,0,0,0,,
L16,2018-05-10,S1,Palaquium ellipticum,Palaquium ellipticum,0,0,0,1,0,0,0,0,0,0,,
L16,2018-05-10,S1,Melicope lunu-ankenda,Euodia lunu-ankenda,0,1,0,0,0,0,0,0,0,0,,
N16,2018-05-10,S1,Epiprinus mallotiformis,Epiprinus mallotiformis,1,0,0,0,0,0,0,0,0,0,,
N16,2018-05-10,S1,Coffee canephora,Coffea canephora,68,2,0,0,0,0,0,0,0,0,,
N16,2018-05-10,S1,Leea indica,Leea indica,1,0,0,0,0,0,0,0,0,0,,
N16,2018-05-10,S1,Rauvolfia sp.,Rauwolfia sp.,9,1,0,0,0,0,0,0,0,0,,
N16,2018-05-10,S1,Palaquium ellipticum,Palaquium ellipticum,1,1,0,0,0,0,0,0,0,0,,
N16,2018-05-10,S1,Litsea coriacea,Litsea coriacea,0,1,0,0,0,0,0,0,0,0,,
N16,2018-05-10,S1,Xanthophyllum flavescens,Xanthophyllum flavescens,2,2,0,0,0,0,0,0,0,0,,
N16,2018-05-10,S1,Toona ciliata,Toona ciliata,2,0,0,0,0,0,0,0,0,0,,
N16,2018-05-10,S1,Melicope lunu-ankenda,Euodia lunu-ankenda,1,0,0,0,0,0,0,0,0,0,,
N16,2018-05-10,S1,Glochidion malabaricum,Glochidion malabaricum,1,0,0,0,0,0,0,0,0,0,,
N16,2018-05-10,S1,Litsea floribunda,Litsea floribunda,3,0,0,0,0,0,0,0,0,0,,
N16,2018-05-10,S1,Unidentified,Unidentified,0,1,0,0,0,0,0,0,0,0,,
N16,2018-05-10,S1,Cinnamomum malabathrum,Cinnamomum malabatrum,0,1,0,0,0,0,0,0,0,0,,
N16,2018-05-10,S1,Unidentified,Unidentified,1,0,0,0,0,0,0,0,0,0,,
N16,2018-05-10,S1,Coffee canephora,Coffea canephora,25,0,0,6,0,0,0,0,0,0,,
N16,2018-05-10,S1,Unidentified,Unidentified,1,0,0,0,0,0,0,0,0,0,,
N16,2018-05-10,S1,Litsea coriacea,Litsea coriacea,0,1,0,0,0,0,0,0,0,0,,
N16,2018-05-10,S1,Atalantia racemosa,Atalantia racemosa,1,1,0,0,0,0,0,0,0,0,,
N16,2018-05-10,S1,Diospyros sylvatica,Diospyros sylvatica,0,1,0,0,0,0,0,0,0,0,,
N16,2018-05-10,S1,Xanthophyllum flavescens,Xanthophyllum flavescens,1,0,0,0,0,0,0,0,0,0,,
N16,2018-05-10,S1,Turpinia malabarica,Turpinia malabarica,1,0,0,0,0,0,0,0,0,0,,
I17,2018-05-11,S1,Coffee canephora,Coffea canephora,78,73,0,7,0,0,0,0,0,0,,
I17,2018-05-11,S1,Actinodaphne malabaricum,Actinodaphne malabarica,0,1,0,0,0,0,0,0,0,0,,
I17,2018-05-11,S1,Leea indica,Leea indica,1,2,0,0,0,0,0,0,0,0,,
I17,2018-05-11,S1,Litsea coriacea,Litsea coriacea,0,1,0,0,0,0,0,0,0,0,,
I17,2018-05-11,S1,Xanthophyllum flavescens,Xanthophyllum flavescens,0,0,1,0,0,0,0,0,0,0,,
I17,2018-05-11,S1,Atalantia racemosa,Atalantia racemosa,0,1,0,0,0,0,0,0,0,0,,
I17,2018-05-11,S1,Maesa indica,Maesa indica,3,4,0,0,0,0,0,0,0,0,,
I17,2018-05-11,S1,Glochidion malabaricum,Glochidion malabaricum,1,0,0,0,0,0,0,0,0,0,,
I17,2018-05-11,S1,Syzygium cumini,Syzygium cumini,0,1,0,0,0,0,0,0,0,0,,
I17,2018-05-11,S1,Maesopsis eminii,Maesopsis eminii,1,0,0,0,0,0,0,0,0,0,,
J17,2018-05-11,S1,Actinodaphne malabaricum,Actinodaphne malabarica,1,5,0,2,0,0,0,0,0,0,,
J17,2018-05-11,S1,Maesopsis eminii,Maesopsis eminii,2,0,0,0,0,0,0,0,0,0,,
J17,2018-05-11,S1,Leea indica,Leea indica,2,1,0,0,0,0,0,0,0,0,,
J17,2018-05-11,S1,Coffee canephora,Coffea canephora,75,10,1,3,0,0,0,0,0,0,,
J17,2018-05-11,S1,Xanthophyllum flavescens,Xanthophyllum flavescens,1,0,0,0,0,0,0,0,0,0,,
J17,2018-05-11,S1,Litsea coriacea,Litsea coriacea,0,2,1,1,0,0,0,0,0,0,,
J17,2018-05-11,S1,Apollonias arnottii,Apollonias arnottii,0,1,0,0,0,0,0,0,0,0,,
J17,2018-05-11,S1,Paracroton pendulus,Paracroton pendulus,1,0,0,0,0,0,0,0,0,0,,
J17,2018-05-11,S1,Toona ciliata,Toona ciliata,1,0,0,0,0,0,0,0,0,0,,
J17,2018-05-11,S1,Atalantia racemosa,Atalantia racemosa,1,0,0,0,0,0,0,0,0,0,,
J17,2018-05-11,S1,Aglaia canarana,Aglaia canarana,0,1,0,0,0,0,0,0,0,0,,
J17,2018-05-11,S1,Macaranga indica,Macaranga indica,1,0,0,0,0,0,0,0,0,0,,
J17,2018-05-11,S1,Antidesma menausa,Antidesma menasu,1,0,0,0,0,0,0,0,0,0,,
J17,2018-05-11,S1,Clerodendrum viscosum,Clerodendrum infortunatum,1,0,0,0,0,0,0,0,0,0,,
J17,2018-05-11,S1,Lantana camara,Lantana camara,1,0,0,0,0,0,0,0,0,0,,
K17,2018-05-11,S1,Coffee canephora,Coffea canephora,153,2,0,0,0,0,0,0,0,0,,
K17,2018-05-11,S1,Xanthophyllum flavescens,Xanthophyllum flavescens,3,0,0,0,0,0,0,0,0,0,,
K17,2018-05-11,S1,Glochidion malabaricum,Glochidion malabaricum,0,0,0,1,0,0,0,0,0,0,,
K17,2018-05-11,S1,Diospyros sylvatica,Diospyros sylvatica,0,1,0,0,0,0,0,0,0,0,,
K17,2018-05-11,S1,Cinnamomum malabathrum,Cinnamomum malabatrum,1,1,1,0,0,0,0,0,0,0,,
K17,2018-05-11,S1,Psychotria anamallayana,Psychotria anamallayana,0,1,0,0,0,0,0,0,0,0,,
K17,2018-05-11,S1,Maesopsis eminii,Maesopsis eminii,2,0,0,0,0,0,0,0,0,0,,
K17,2018-05-11,S1,Aglaia canarana,Aglaia canarana,1,0,0,0,0,0,0,0,0,0,,
K17,2018-05-11,S1,Actinodaphne malabaricum,Actinodaphne malabarica,0,0,0,1,0,0,0,0,0,0,,
K17,2018-05-11,S1,Persea macarantha,Persea macrantha,1,0,0,0,0,0,0,0,0,0,,
K17,2018-05-11,S1,Myristica dactyloides,Myristica beddomei,1,0,0,0,0,0,0,0,0,0,,
K17,2018-05-11,S1,Toona ciliata,Toona ciliata,1,0,0,0,0,0,0,0,0,0,,
K17,2018-05-11,S1,Unidentified,Unidentified,1,0,0,0,0,0,0,0,0,0,,
M17,2018-05-11,S1,Otonephelium stipulaceum,Otonephelium stipulaceum,3,0,0,0,0,0,0,0,0,0,,
M17,2018-05-11,S1,Aglaia canarana,Aglaia canarana,1,0,0,0,0,0,0,0,0,0,,
M17,2018-05-11,S1,Coffee canephora,Coffea canephora,19,0,1,1,0,0,0,0,0,0,,
M17,2018-05-11,S1,Leea indica,Leea indica,1,0,0,0,0,0,0,0,0,0,,
M17,2018-05-11,S1,Atalantia racemosa,Atalantia racemosa,0,1,0,0,0,0,0,0,0,0,,
M17,2018-05-11,S1,Cinnamomum malabathrum,Cinnamomum malabatrum,1,0,0,0,0,0,0,0,0,0,,
M17,2018-05-11,S1,Elaeocarpus tuberculatus,Elaeocarpus tuberculatus,1,0,0,0,0,0,0,0,0,0,,
M17,2018-05-11,S1,Antidesma menausa,Antidesma menasu,1,0,0,0,0,0,0,0,0,0,,
M17,2018-05-11,S1,Maesopsis eminii,Maesopsis eminii,1,0,0,0,0,0,0,0,0,0,,
M17,2018-05-11,S1,Xanthophyllum flavescens,Xanthophyllum flavescens,1,0,0,0,0,0,0,0,0,0,,
L17,2018-05-11,S1,Cinnamomum malabathrum,Cinnamomum malabatrum,4,2,0,0,0,0,0,0,0,0,,
L17,2018-05-11,S1,Maesopsis eminii,Maesopsis eminii,2,7,0,8,0,0,0,0,0,0,,
L17,2018-05-11,S1,Apollonias arnottii,Apollonias arnottii,6,3,0,0,0,0,0,0,0,0,,
L17,2018-05-11,S1,Persea macarantha,Persea macrantha,0,1,0,0,0,0,0,0,0,0,,
L17,2018-05-11,S1,Leea indica,Leea indica,3,1,0,0,0,0,0,0,0,0,,
L17,2018-05-11,S1,Actinodaphne malabaricum,Actinodaphne malabarica,3,1,1,0,0,0,0,0,0,0,,
L17,2018-05-11,S1,Elaeocarpus tuberculatus,Elaeocarpus tuberculatus,1,0,0,0,0,0,0,0,0,0,,
L17,2018-05-11,S1,Acronychia pedunculata,Acronychia pedunculata,0,1,0,0,0,0,0,0,0,0,,
L17,2018-05-11,S1,Antidesma menausa,Antidesma menasu,0,0,1,0,0,0,0,0,0,0,,
L17,2018-05-11,S1,Xanthophyllum flavescens,Xanthophyllum flavescens,0,1,0,0,0,0,0,0,0,0,,
L17,2018-05-11,S1,Nothopegia beddomei,Nothopegia beddomei,1,0,0,0,0,0,0,0,0,0,,
L17,2018-05-11,S1,Litsea coriacea,Litsea coriacea,1,0,0,0,0,0,0,0,0,0,,
L13,2018-09-12,S1,Coffee canephora,Coffea canephora,558,79,0,1,0,0,0,0,0,0,,
K13,2018-09-12,S1,Coffee canephora,Coffea canephora,3,27,0,0,0,0,0,0,0,0,,
K13,2018-09-12,S1,Actinodaphne malabaricum,Actinodaphne malabarica,0,1,0,0,0,0,0,0,0,0,,
K13,2018-09-12,S1,Leea indica,Leea indica,1,0,0,0,0,0,0,0,0,0,,
K13,2018-09-12,S1,Glochidion malabaricum,Glochidion malabaricum,1,0,0,0,0,0,0,0,0,0,,
M13,2018-09-12,S1,Elaeocarpus tuberculatus,Elaeocarpus tuberculatus,3,2,1,0,0,0,0,0,0,0,,
M13,2018-09-12,S1,Turpinia malabarica,Turpinia malabarica,10,17,0,0,0,0,0,0,0,0,,
M13,2018-09-12,S1,Coffee canephora,Coffea canephora,16,9,0,0,0,0,0,0,0,0,,
M13,2018-09-12,S1,Litsea coriacea,Litsea coriacea,2,2,1,0,0,0,0,0,0,0,,
M13,2018-09-12,S1,Litsea floribunda,Litsea floribunda,1,1,0,0,0,0,0,0,0,0,,
M13,2018-09-12,S1,Psychotria anamallayana,Psychotria anamallayana,0,1,0,0,0,0,0,0,0,0,,
M13,2018-09-12,S1,Myristica dactyloides,Myristica beddomei,1,0,0,0,0,0,0,0,0,0,,
M13,2018-09-12,S1,Heynea trijuga,Heynea trijuga,0,1,0,0,0,0,0,0,0,0,,
M13,2018-09-12,S1,Persea macarantha,Persea macrantha,2,1,0,0,0,0,0,0,0,0,,
M13,2018-09-12,S1,Cinnamomum malabathrum,Cinnamomum malabatrum,0,1,0,0,0,0,0,0,0,0,,
M13,2018-09-12,S1,Diospyros sylvatica,Diospyros sylvatica,1,0,0,0,0,0,0,0,0,0,,
M13,2018-09-12,S1,Artocarpus heterophyllus,Artocarpus heterophyllus,1,0,0,0,0,0,0,0,0,0,,
M13,2018-09-12,S1,Glochidion malabaricum,Glochidion malabaricum,0,2,0,0,0,0,0,0,0,0,,
M13,2018-09-12,S1,Xanthophyllum flavescens,Xanthophyllum flavescens,0,1,0,0,0,0,0,0,0,0,,
M13,2018-09-12,S1,Antidesma menausa,Antidesma menasu,0,1,0,0,0,0,0,0,0,0,,
M13,2018-09-12,S1,Syzygium gardneri,Syzygium gardneri,0,1,0,0,0,0,0,0,0,0,,
M13,2018-09-12,S1,Actinodaphne malabaricum,Actinodaphne malabarica,0,0,1,1,0,0,0,0,0,0,,
N14,2018-09-12,S1,Psychotria anamallayana,Psychotria anamallayana,1,1,0,0,0,0,0,0,0,0,,
N14,2018-09-12,S1,Coffee canephora,Coffea canephora,45,48,1,0,0,0,0,0,0,0,,
N14,2018-09-12,S1,Otonephelium stipulaceum,Otonephelium stipulaceum,10,0,0,0,0,0,0,0,0,0,,
N14,2018-09-12,S1,Neolitsea sp.,Neolitsea sp.,1,0,0,0,0,0,0,0,0,0,,
N14,2018-09-12,S1,Trema orientalis,Trema orientale,0,1,0,0,0,0,0,0,0,0,,
N14,2018-09-12,S1,Memecylon sp.,Memecylon sp.,9,6,0,0,0,0,0,0,0,0,,
N14,2018-09-12,S1,Glochidion malabaricum,Glochidion malabaricum,3,1,0,0,0,0,0,0,0,0,,
N14,2018-09-12,S1,Palaquium ellipticum,Palaquium ellipticum,3,2,1,0,0,0,0,0,0,0,,
N14,2018-09-12,S1,Litsea oleiodes,Litsea nigrescens,0,1,0,0,0,0,0,0,0,0,,
N14,2018-09-12,S1,Aporosa acuminata,Aporosa indoacuminata,0,1,0,0,0,0,0,0,0,0,,
N14,2018-09-12,S1,Maesopsis eminii,Maesopsis eminii,0,1,0,0,0,0,0,0,0,0,,
N14,2018-09-12,S1,Leea indica,Leea indica,1,1,1,0,0,0,0,0,0,0,,
N14,2018-09-12,S1,Xanthophyllum flavescens,Xanthophyllum flavescens,3,0,0,0,0,0,0,0,0,0,,
N14,2018-09-12,S1,Antidesma menausa,Antidesma menasu,2,0,0,0,0,0,0,0,0,0,,
N14,2018-09-12,S1,Turpinia malabarica,Turpinia malabarica,9,1,3,0,0,0,0,0,0,0,,
N14,2018-09-12,S1,Elaeocarpus tuberculatus,Elaeocarpus tuberculatus,2,0,1,1,0,0,0,0,0,0,,
N14,2018-09-12,S1,Actinodaphne malabaricum,Actinodaphne malabarica,1,0,0,0,0,0,0,0,0,0,,
N14,2018-09-12,S1,Aglaia canarana,Aglaia canarana,1,0,0,0,0,0,0,0,0,0,,
N14,2018-09-12,S1,Clerodendrum viscosum,Clerodendrum infortunatum,0,1,0,0,0,0,0,0,0,0,,
N14,2018-09-12,S1,Wrightia sp.,Wrightia sp.,0,1,0,0,0,0,0,0,0,0,,
N14,2018-09-12,S1,Myristica dactyloides,Myristica beddomei,1,0,0,0,0,0,0,0,0,0,,
N14,2018-09-12,S1,Litsea oleiodes,Litsea nigrescens,1,0,0,0,0,0,0,0,0,0,,
N14,2018-09-12,S1,Drypetes malabarica,Drypetes malabarica,2,0,0,0,0,0,0,0,0,0,,
N14,2018-09-12,S1,Syzygium densiflorum,Syzygium densiflorum,1,0,0,0,0,0,0,0,0,0,,
N14,2018-09-12,S1,Cinnamomum malabathrum,Cinnamomum malabatrum,1,0,0,0,0,0,0,0,0,0,,
M14,2018-09-12,S1,Leea indica,Leea indica,2,1,0,0,0,0,0,0,0,0,,
M14,2018-09-12,S1,Holigarna nigra,Holigarna nigra,3,2,0,0,0,0,0,0,0,0,,
M14,2018-09-12,S1,Otonephelium stipulaceum,Otonephelium stipulaceum,4,0,0,0,0,0,0,0,0,0,,
M14,2018-09-12,S1,Turpinia malabarica,Turpinia malabarica,21,4,0,1,0,0,0,0,0,0,,
M14,2018-09-12,S1,Psychotria anamallayana,Psychotria anamallayana,1,0,0,0,0,0,0,0,0,0,,
M14,2018-09-12,S1,Glochidion malabaricum,Glochidion malabaricum,0,0,2,0,0,0,0,0,0,0,,
M14,2018-09-12,S1,Persea macarantha,Persea macrantha,0,2,0,0,0,0,0,0,0,0,,
M14,2018-09-12,S1,Coffee canephora,Coffea canephora,44,17,0,0,0,0,0,0,0,0,,
M14,2018-09-12,S1,Xanthophyllum flavescens,Xanthophyllum flavescens,2,1,0,0,0,0,0,0,0,0,,
M14,2018-09-12,S1,Diospyros panniculata,Diospyros paniculata,5,0,0,0,0,0,0,0,0,0,,
M14,2018-09-12,S1,Litsea floribunda,Litsea floribunda,0,0,0,2,0,0,0,0,0,0,,
M14,2018-09-12,S1,Reinwardtiodendron anaimalaiense,Reinwardtiodendron anaimalaiense,0,1,0,0,0,0,0,0,0,0,,
M14,2018-09-12,S1,Palaquium ellipticum,Palaquium ellipticum,1,1,0,0,0,0,0,0,0,0,,
M14,2018-09-12,S1,Actinodaphne malabaricum,Actinodaphne malabarica,1,0,0,0,0,0,0,0,0,0,,
M14,2018-09-12,S1,Olea dioica,Olea dioica,0,1,0,0,0,0,0,0,0,0,,
M14,2018-09-12,S1,Aglaia canarana,Aglaia canarana,2,1,0,0,0,0,0,0,0,0,,
L14,2018-09-12,S1,Olea dioica,Olea dioica,0,8,0,1,0,0,0,0,0,0,,
L14,2018-09-12,S1,Litsea coriacea,Litsea coriacea,2,1,0,0,0,0,0,0,0,0,,
L14,2018-09-12,S1,Actinodaphne malabaricum,Actinodaphne malabarica,3,5,0,1,0,0,0,0,0,0,,
L14,2018-09-12,S1,Glochidion malabaricum,Glochidion malabaricum,0,0,0,1,0,0,0,0,0,0,,
L14,2018-09-12,S1,Clerodendrum viscosum,Clerodendrum infortunatum,0,1,0,0,0,0,0,0,0,0,,
L14,2018-09-12,S1,Spathodea campanulata,Spathodea campanulata,0,1,0,0,0,0,0,0,0,0,,
L14,2018-09-12,S1,Elaeocarpus tuberculatus,Elaeocarpus tuberculatus,0,0,1,0,0,0,0,0,0,0,,
L14,2018-09-12,S1,Turpinia malabarica,Turpinia malabarica,2,0,1,0,0,0,0,0,0,0,,
L14,2018-09-12,S1,Cinnamomum malabathrum,Cinnamomum malabatrum,1,0,0,0,0,0,0,0,0,0,,
L14,2018-09-12,S1,Leea indica,Leea indica,1,0,0,0,0,0,0,0,0,0,,
L14,2018-09-12,S1,Heynea trijuga,Heynea trijuga,1,0,0,0,0,0,0,0,0,0,,
K14,2018-09-12,S1,Clerodendrum viscosum,Clerodendrum infortunatum,0,1,0,0,0,0,0,0,0,0,,
K14,2018-09-12,S1,Maesa indica,Maesa indica,2,0,0,0,0,0,0,0,0,0,,
K14,2018-09-12,S1,Litsea floribunda,Litsea floribunda,0,1,0,0,0,0,0,0,0,0,,
J12,2018-09-13,S1,Actinodaphne malabaricum,Actinodaphne malabarica,7,4,1,1,0,0,0,0,0,0,,
J12,2018-09-13,S1,Turpinia malabarica,Turpinia malabarica,1,0,0,0,0,0,0,0,0,0,,
J12,2018-09-13,S1,Ficus exasperata,Ficus exasperata,0,0,1,0,0,0,0,0,0,0,,
J12,2018-09-13,S1,Heynea trijuga,Heynea trijuga,6,0,0,1,0,0,0,0,0,0,,
J12,2018-09-13,S1,Litsea coriacea,Litsea coriacea,3,3,0,1,0,0,0,0,0,0,,
J12,2018-09-13,S1,Breynia vitis-idaea,Breynia vitis-idaea,1,0,0,0,0,0,0,0,0,0,,
J12,2018-09-13,S1,Glochidion malabaricum,Glochidion malabaricum,0,1,1,0,0,0,0,0,0,0,,
J12,2018-09-13,S1,Aglaia canarana,Aglaia canarana,2,1,0,0,0,0,0,0,0,0,,
J12,2018-09-13,S1,Psychotria anamallayana,Psychotria anamallayana,2,0,0,0,0,0,0,0,0,0,,
J12,2018-09-13,S1,Olea dioica,Olea dioica,1,1,0,1,0,0,0,0,0,0,,
J12,2018-09-13,S1,Clerodendrum viscosum,Clerodendrum infortunatum,0,1,0,0,0,0,0,0,0,0,,
J12,2018-09-13,S1,Leea indica,Leea indica,1,0,0,0,0,0,0,0,0,0,,
J12,2018-09-13,S1,Cinnamomum malabathrum,Cinnamomum malabatrum,1,1,0,0,0,0,0,0,0,0,,
J12,2018-09-13,S1,Litsea oleiodes,Litsea nigrescens,1,1,0,0,0,0,0,0,0,0,,
J12,2018-09-13,S1,Maesopsis eminii,Maesopsis eminii,0,0,0,1,0,0,0,0,0,0,,
J12,2018-09-13,S1,Elaeocarpus tuberculatus,Elaeocarpus tuberculatus,0,0,1,0,0,0,0,0,0,0,,
N13,2018-09-13,S1,Turpinia malabarica,Turpinia malabarica,25,1,3,0,0,0,0,0,0,0,,
N13,2018-09-13,S1,Toona ciliata,Toona ciliata,6,0,0,0,0,0,0,0,0,0,,
N13,2018-09-13,S1,Phoebe lanceolata,Phoebe lanceolata,0,1,0,0,0,0,0,0,0,0,,
N13,2018-09-13,S1,Psychotria anamallayana,Psychotria anamallayana,4,4,0,0,0,0,0,0,0,0,,
N13,2018-09-13,S1,Meiogyne pannosa,Meiogyne pannosa,5,1,0,0,0,0,0,0,0,0,,
N13,2018-09-13,S1,Garcinia morella,Garcinia morella,2,0,0,0,0,0,0,0,0,0,,
N13,2018-09-13,S1,Glochidion malabaricum,Glochidion malabaricum,1,0,1,1,0,0,0,0,0,0,,
N13,2018-09-13,S1,Leea indica,Leea indica,3,2,0,0,0,0,0,0,0,0,,
N13,2018-09-13,S1,Myristica dactyloides,Myristica beddomei,21,2,1,0,0,0,0,0,0,0,,
N13,2018-09-13,S1,Antidesma menausa,Antidesma menasu,1,0,1,0,0,0,0,0,0,0,,
N13,2018-09-13,S1,Vernonia arborea,Vernonia arborea,1,0,0,0,0,0,0,0,0,0,,
N13,2018-09-13,S1,Otonephelium stipulaceum,Otonephelium stipulaceum,11,0,0,0,0,0,0,0,0,0,,
N13,2018-09-13,S1,Xanthophyllum flavescens,Xanthophyllum flavescens,7,0,0,0,0,0,0,0,0,0,,
N13,2018-09-13,S1,Drypetes wightii,Drypetes wightii,1,0,0,0,0,0,0,0,0,0,,
N13,2018-09-13,S1,Coffee canephora,Coffea canephora,16,13,0,0,0,0,0,0,0,0,,
N13,2018-09-13,S1,Palaquium ellipticum,Palaquium ellipticum,2,0,0,0,0,0,0,0,0,0,,
N13,2018-09-13,S1,Aporosa acuminata,Aporosa indoacuminata,0,1,0,0,0,0,0,0,0,0,,
N13,2018-09-13,S1,Persea macarantha,Persea macrantha,1,1,0,0,0,0,0,0,0,0,,
N13,2018-09-13,S1,Diospyros sylvatica,Diospyros sylvatica,0,1,0,0,0,0,0,0,0,0,,
N13,2018-09-13,S1,Elaeocarpus tuberculatus,Elaeocarpus tuberculatus,0,0,1,0,0,0,0,0,0,0,,
N13,2018-09-13,S1,Vateria indica,Vateria indica,1,1,1,0,0,0,0,0,0,0,,
N13,2018-09-13,S1,Cinnamomum malabathrum,Cinnamomum malabatrum,0,0,0,1,0,0,0,0,0,0,,
N13,2018-09-13,S1,Litsea coriacea,Litsea coriacea,0,0,0,1,0,0,0,0,0,0,,
N13,2018-09-13,S1,Actinodaphne malabaricum,Actinodaphne malabarica,0,0,1,0,0,0,0,0,0,0,,
N13,2018-09-13,S1,Syzygium gardneri,Syzygium gardneri,1,0,0,0,0,0,0,0,0,0,,
N13,2018-09-13,S1,Cullenia exarillata,Cullenia exarillata,2,0,0,0,0,0,0,0,0,0,,
N13,2018-09-13,S1,Litsea floribunda,Litsea floribunda,1,1,0,0,0,0,0,0,0,0,,
N12,2018-09-13,S1,Psychotria anamallayana,Psychotria anamallayana,18,12,1,0,0,0,0,0,0,0,,
N12,2018-09-13,S1,Turpinia malabarica,Turpinia malabarica,5,0,0,0,0,0,0,0,0,0,,
N12,2018-09-13,S1,Ardisia pauciflora,Ardisia pauciflora,1,0,0,0,0,0,0,0,0,0,,
N12,2018-09-13,S1,Coffee canephora,Coffea canephora,61,5,0,0,0,0,0,0,0,0,,
N12,2018-09-13,S1,Palaquium ellipticum,Palaquium ellipticum,2,1,0,0,0,0,0,0,0,0,,
N12,2018-09-13,S1,Otonephelium stipulaceum,Otonephelium stipulaceum,5,0,0,0,0,0,0,0,0,0,,
N12,2018-09-13,S1,Xanthophyllum flavescens,Xanthophyllum flavescens,3,0,0,0,0,0,0,0,0,0,,
N12,2018-09-13,S1,Holigarna nigra,Holigarna nigra,4,0,0,0,0,0,0,0,0,0,,
N12,2018-09-13,S1,Cullenia exarillata,Cullenia exarillata,1,0,0,0,0,0,0,0,0,0,,
N12,2018-09-13,S1,Dendrocnide sinuata,Dendrocnide sinuata,1,1,0,0,0,0,0,0,0,0,,
N12,2018-09-13,S1,Diospyros sylvatica,Diospyros sylvatica,2,0,0,0,0,0,0,0,0,0,,
N12,2018-09-13,S1,Litsea floribunda,Litsea floribunda,2,0,0,0,0,0,0,0,0,0,,
N12,2018-09-13,S1,Memecylon sp.,Memecylon sp.,1,0,0,0,0,0,0,0,0,0,,
N12,2018-09-13,S1,Murraya paniculata,Murraya paniculata,1,0,0,0,0,0,0,0,0,0,,
M12,2018-09-13,S1,Coffee canephora,Coffea canephora,39,14,0,0,0,0,0,0,0,0,,
M12,2018-09-13,S1,Meiogyne pannosa,Meiogyne pannosa,0,1,0,0,0,0,0,0,0,0,,
M12,2018-09-13,S1,Holigarna nigra,Holigarna nigra,3,1,0,0,0,0,0,0,0,0,,
M12,2018-09-13,S1,Diospyros sylvatica,Diospyros sylvatica,2,0,0,0,0,0,0,0,0,0,,
M12,2018-09-13,S1,Actinodaphne malabaricum,Actinodaphne malabarica,3,0,0,0,0,0,0,0,0,0,,
M12,2018-09-13,S1,Clerodendrum viscosum,Clerodendrum infortunatum,1,1,1,1,0,0,0,0,0,0,,
M12,2018-09-13,S1,Antidesma menausa,Antidesma menasu,1,0,0,0,0,0,0,0,0,0,,
M12,2018-09-13,S1,Heynea trijuga,Heynea trijuga,2,0,0,0,0,0,0,0,0,0,,
M12,2018-09-13,S1,Xanthophyllum flavescens,Xanthophyllum flavescens,3,1,0,0,0,0,0,0,0,0,,
M12,2018-09-13,S1,Aglaia canarana,Aglaia canarana,0,2,0,0,0,0,0,0,0,0,,
M12,2018-09-13,S1,Otonephelium stipulaceum,Otonephelium stipulaceum,1,0,0,0,0,0,0,0,0,0,,
M12,2018-09-13,S1,Litsea floribunda,Litsea floribunda,2,0,1,0,0,0,0,0,0,0,,
M12,2018-09-13,S1,Elaeocarpus tuberculatus,Elaeocarpus tuberculatus,0,0,1,0,0,0,0,0,0,0,,
M12,2018-09-13,S1,Leea indica,Leea indica,0,1,0,0,0,0,0,0,0,0,,
M12,2018-09-13,S1,Turpinia malabarica,Turpinia malabarica,4,0,0,0,0,0,0,0,0,0,,
M12,2018-09-13,S1,Palaquium ellipticum,Palaquium ellipticum,1,0,0,0,0,0,0,0,0,0,,
M12,2018-09-13,S1,Semecarpus travancorica,Semecarpus travancoricus,6,0,1,0,0,0,0,0,0,0,,
M12,2018-09-13,S1,Aporosa acuminata,Aporosa indoacuminata,3,0,0,0,0,0,0,0,0,0,,
M12,2018-09-13,S1,Litsea coriacea,Litsea coriacea,4,0,0,0,0,0,0,0,0,0,,
M12,2018-09-13,S1,Euodia lunu ankenda,Euodia lunu-ankenda,0,2,0,0,0,0,0,0,0,0,,
M12,2018-09-13,S1,Artocarpus heterophyllus,Artocarpus heterophyllus,1,0,0,0,0,0,0,0,0,0,,
L12,2018-09-13,S1,Semecarpus travancorica,Semecarpus travancoricus,20,5,0,0,0,0,0,0,0,0,,
L12,2018-09-13,S1,Coffee canephora,Coffea canephora,43,19,1,0,0,0,0,0,0,0,,
L12,2018-09-13,S1,Persea macarantha,Persea macrantha,0,2,0,0,0,0,0,0,0,0,,
L12,2018-09-13,S1,Syzygium densiflorum,Syzygium densiflorum,0,2,0,0,0,0,0,0,0,0,,
L12,2018-09-13,S1,Clerodendrum viscosum,Clerodendrum infortunatum,2,4,0,0,0,0,0,0,0,0,,
L12,2018-09-13,S1,Olea dioica,Olea dioica,0,3,0,0,0,0,0,0,0,0,,
L12,2018-09-13,S1,Leea indica,Leea indica,1,2,0,1,0,0,0,0,0,0,,
L12,2018-09-13,S1,Turpinia malabarica,Turpinia malabarica,0,4,2,0,0,0,0,0,0,0,,
L12,2018-09-13,S1,Vateria indica,Vateria indica,1,0,0,0,0,0,0,0,0,0,,
L12,2018-09-13,S1,Phoebe lanceolata,Phoebe lanceolata,1,0,0,0,0,0,0,0,0,0,,
L12,2018-09-13,S1,Actinodaphne malabaricum,Actinodaphne malabarica,1,0,0,0,0,0,0,0,0,0,,
L12,2018-09-13,S1,Palaquium ellipticum,Palaquium ellipticum,1,0,0,0,0,0,0,0,0,0,,
L12,2018-09-13,S1,Syzygium gardneri,Syzygium gardneri,0,1,0,0,0,0,0,0,0,0,,
L12,2018-09-13,S1,Glochidion malabaricum,Glochidion malabaricum,1,2,0,0,0,0,0,0,0,0,,
L12,2018-09-13,S1,Myristica dactyloides,Myristica beddomei,0,1,0,0,0,0,0,0,0,0,,
L12,2018-09-13,S1,Artocarpus heterophyllus,Artocarpus heterophyllus,1,1,1,0,0,0,0,0,0,0,,
L12,2018-09-13,S1,Ficus exasperata,Ficus exasperata,1,0,0,0,0,0,0,0,0,0,,
L12,2018-09-13,S1,Aglaia canarana,Aglaia canarana,0,1,0,0,0,0,0,0,0,0,,
L12,2018-09-13,S1,Mastixia arborea,Mastixia arborea,1,0,0,0,0,0,0,0,0,0,,
K12,2018-09-13,S1,Lantana camara,Lantana camara,0,3,0,0,0,0,0,0,0,0,,
K12,2018-09-13,S1,Turpinia malabarica,Turpinia malabarica,8,1,0,0,0,0,0,0,0,0,,
K12,2018-09-13,S1,Dimocarpus longan,Dimocarpus longan,8,0,0,0,0,0,0,0,0,0,,
K12,2018-09-13,S1,Glochidion malabaricum,Glochidion malabaricum,0,1,0,0,0,0,0,0,0,0,,
K12,2018-09-13,S1,Actinodaphne malabaricum,Actinodaphne malabarica,1,0,1,0,0,0,0,0,0,0,,
K12,2018-09-13,S1,Xanthophyllum flavescens,Xanthophyllum flavescens,2,1,1,0,0,0,0,0,0,0,,
K12,2018-09-13,S1,Litsea coriacea,Litsea coriacea,2,0,0,0,0,0,0,0,0,0,,
K12,2018-09-13,S1,Coffee canephora,Coffea canephora,38,1,0,0,0,0,0,0,0,0,,
K12,2018-09-13,S1,Elaeocarpus tuberculatus,Elaeocarpus tuberculatus,1,0,0,0,0,0,0,0,0,0,,
K12,2018-09-13,S1,Canarium strictum,Canarium strictum,8,0,1,0,0,0,0,0,0,0,,
K12,2018-09-13,S1,Persea macarantha,Persea macrantha,0,1,0,0,0,0,0,0,0,0,,
K12,2018-09-13,S1,Leea indica,Leea indica,4,0,0,0,0,0,0,0,0,0,,
L11,2018-09-14,S1,Coffee canephora,Coffea canephora,221,4,1,0,0,0,0,0,0,0,,
L11,2018-09-14,S1,Leea indica,Leea indica,4,8,0,0,0,0,0,0,0,0,,
L11,2018-09-14,S1,Actinodaphne malabaricum,Actinodaphne malabarica,3,2,0,0,0,0,0,0,0,0,,
L11,2018-09-14,S1,Syzygium laetum,Syzygium laetum,1,0,0,0,0,0,0,0,0,0,,
L11,2018-09-14,S1,Olea dioica,Olea dioica,2,1,0,0,0,0,0,0,0,0,,
L11,2018-09-14,S1,Antidesma menausa,Antidesma menasu,1,0,0,0,0,0,0,0,0,0,,
L11,2018-09-14,S1,Vateria indica,Vateria indica,2,0,1,0,0,0,0,0,0,0,,
L11,2018-09-14,S1,Bombax ceiba,Bombax ceiba,0,0,1,0,0,0,0,0,0,0,,
L11,2018-09-14,S1,Drypetes wightii,Drypetes wightii,1,0,0,0,0,0,0,0,0,0,,
L11,2018-09-14,S1,Litsea coriacea,Litsea coriacea,1,0,0,0,0,0,0,0,0,0,,
L11,2018-09-14,S1,Psychotria anamallayana,Psychotria anamallayana,1,0,0,0,0,0,0,0,0,0,,
L11,2018-09-14,S1,Diospyros sylvatica,Diospyros sylvatica,0,1,0,0,0,0,0,0,0,0,,
L11,2018-09-14,S1,Maesopsis eminii,Maesopsis eminii,0,3,0,1,0,0,0,0,0,0,,
L11,2018-09-14,S1,Wrightia sp.,Wrightia sp.,0,1,0,0,0,0,0,0,0,0,,
L11,2018-09-14,S1,Meliosma simplicifolia,Meliosma simplicifolia,0,1,0,0,0,0,0,0,0,0,,
N11,2018-09-14,S1,Coffee canephora,Coffea canephora,36,8,0,0,0,0,0,0,0,0,,
N11,2018-09-14,S1,Otonephelium stipulaceum,Otonephelium stipulaceum,59,2,0,0,0,0,0,0,0,0,,
N11,2018-09-14,S1,Turpinia malabarica,Turpinia malabarica,24,0,4,0,0,0,0,0,0,0,,
N11,2018-09-14,S1,Aporosa acuminata,Aporosa indoacuminata,0,2,0,0,0,0,0,0,0,0,,
N11,2018-09-14,S1,Litsea floribunda,Litsea floribunda,2,1,0,0,0,0,0,0,0,0,,
N11,2018-09-14,S1,Psychotria anamallayana,Psychotria anamallayana,0,2,0,0,0,0,0,0,0,0,,
N11,2018-09-14,S1,Leea indica,Leea indica,2,4,1,0,0,0,0,0,0,0,,
N11,2018-09-14,S1,Vateria indica,Vateria indica,4,0,0,0,0,0,0,0,0,0,,
N11,2018-09-14,S1,Myristica dactyloides,Myristica beddomei,0,0,1,0,0,0,0,0,0,0,,
N11,2018-09-14,S1,Elaeocarpus tuberculatus,Elaeocarpus tuberculatus,1,0,0,0,0,0,0,0,0,0,,
N11,2018-09-14,S1,Litsea coriacea,Litsea coriacea,3,0,0,0,0,0,0,0,0,0,,
N11,2018-09-14,S1,Aglaia canarana,Aglaia canarana,1,0,0,0,0,0,0,0,0,0,,
N11,2018-09-14,S1,Palaquium ellipticum,Palaquium ellipticum,1,0,0,0,0,0,0,0,0,0,,
N11,2018-09-14,S1,Macaranga indica,Macaranga indica,1,0,0,0,0,0,0,0,0,0,,
N11,2018-09-14,S1,Actinodaphne malabaricum,Actinodaphne malabarica,0,1,0,0,0,0,0,0,0,0,,
M11,2018-09-14,S1,Olea dioica,Olea dioica,0,1,0,0,0,0,0,0,0,0,,
M11,2018-09-14,S1,Aglaia canarana,Aglaia canarana,1,2,0,0,0,0,0,0,0,0,,
M11,2018-09-14,S1,Turpinia malabarica,Turpinia malabarica,19,8,3,1,0,0,0,0,0,0,,
M11,2018-09-14,S1,Coffee canephora,Coffea canephora,9,4,0,0,0,0,0,0,0,0,,
M11,2018-09-14,S1,Palaquium ellipticum,Palaquium ellipticum,0,2,0,0,0,0,0,0,0,0,,
M11,2018-09-14,S1,Diospyros sylvatica,Diospyros sylvatica,2,0,0,0,0,0,0,0,0,0,,
M11,2018-09-14,S1,Xanthophyllum flavescens,Xanthophyllum flavescens,4,0,0,0,0,0,0,0,0,0,,
M11,2018-09-14,S1,Psychotria anamallayana,Psychotria anamallayana,1,0,0,0,0,0,0,0,0,0,,
M11,2018-09-14,S1,Otonephelium stipulaceum,Otonephelium stipulaceum,9,0,0,0,0,0,0,0,0,0,,
M11,2018-09-14,S1,Litsea coriacea,Litsea coriacea,2,1,0,0,0,0,0,0,0,0,,
M11,2018-09-14,S1,Antidesma menausa,Antidesma menasu,3,1,0,0,0,0,0,0,0,0,,
M11,2018-09-14,S1,Garcinia morella,Garcinia morella,1,0,0,0,0,0,0,0,0,0,,
M11,2018-09-14,S1,Litsea floribunda,Litsea floribunda,2,0,0,0,0,0,0,0,0,0,,
M11,2018-09-14,S1,Ficus hispida,Ficus hispida,1,0,0,0,0,0,0,0,0,0,,
M11,2018-09-14,S1,Myristica dactyloides,Myristica beddomei,3,0,0,0,0,0,0,0,0,0,,
M11,2018-09-14,S1,Glochidion malabaricum,Glochidion malabaricum,1,0,0,0,0,0,0,0,0,0,,
M11,2018-09-14,S1,Elaeocarpus tuberculatus,Elaeocarpus tuberculatus,1,0,0,0,0,0,0,0,0,0,,
J11,2018-09-14,S1,Actinodaphne malabaricum,Actinodaphne malabarica,0,0,0,1,0,0,0,0,0,0,,
J11,2018-09-14,S1,Coffee canephora,Coffea canephora,19,6,0,0,0,0,0,0,0,0,,
J11,2018-09-14,S1,Glochidion malabaricum,Glochidion malabaricum,1,0,0,0,0,0,0,0,0,0,,
J11,2018-09-14,S1,Elaeocarpus tuberculatus,Elaeocarpus tuberculatus,1,0,0,0,0,0,0,0,0,0,,
J11,2018-09-14,S1,Turpinia malabarica,Turpinia malabarica,0,0,0,1,0,0,0,0,0,0,,
J11,2018-09-14,S1,Macaranga peltata,Macaranga peltata,0,0,0,1,0,0,0,0,0,0,,
K11,2018-09-14,S1,Litsea oleiodes,Litsea nigrescens,1,4,0,0,0,0,0,0,0,0,,
K11,2018-09-14,S1,Aglaia canarana,Aglaia canarana,1,0,0,0,0,0,0,0,0,0,,
K11,2018-09-14,S1,Coffee canephora,Coffea canephora,6,0,0,0,0,0,0,0,0,0,,
K11,2018-09-14,S1,Antidesma menausa,Antidesma menasu,1,0,1,0,0,0,0,0,0,0,,
K11,2018-09-14,S1,Meliosma simplicifolia,Meliosma simplicifolia,3,0,0,0,0,0,0,0,0,0,,
K11,2018-09-14,S1,Persea macarantha,Persea macrantha,1,0,0,0,0,0,0,0,0,0,,
K11,2018-09-14,S1,Leea indica,Leea indica,3,4,0,0,0,0,0,0,0,0,,
K11,2018-09-14,S1,Litsea oleiodes,Litsea nigrescens,1,0,0,0,0,0,0,0,0,0,,
K11,2018-09-14,S1,Actinodaphne malabaricum,Actinodaphne malabarica,1,0,0,0,0,0,0,0,0,0,,
K11,2018-09-14,S1,Glochidion malabaricum,Glochidion malabaricum,2,0,0,0,0,0,0,0,0,0,,
K11,2018-09-14,S1,Cinnamomum malabathrum,Cinnamomum malabatrum,0,1,0,0,0,0,0,0,0,0,,
K11,2018-09-14,S1,Turpinia malabarica,Turpinia malabarica,3,0,0,0,0,0,0,0,0,0,,
K11,2018-09-14,S1,Holigarna nigra,Holigarna nigra,1,0,0,0,0,0,0,0,0,0,,
A02,2018-10-15,S1,Actinodaphne malabaricum,Actinodaphne malabarica,2,5,0,0,0,0,0,0,0,0,,
A02,2018-10-15,S1,Clerodendrum viscosum,Clerodendrum infortunatum,0,9,1,0,0,0,0,0,0,0,,
A02,2018-10-15,S1,Lantana camara,Lantana camara,0,4,0,0,0,0,0,0,0,0,,
B02,2018-10-15,S1,Actinodaphne malabaricum,Actinodaphne malabarica,0,6,0,0,0,0,0,0,0,0,,
B02,2018-10-15,S1,Cinnamomum malabathrum,Cinnamomum malabatrum,1,4,0,0,0,0,0,0,0,0,,
B02,2018-10-15,S1,Spathodea campanulata,Spathodea campanulata,0,1,0,0,0,0,0,0,0,0,,
B02,2018-10-15,S1,Lantana camara,Lantana camara,3,6,0,0,0,0,0,0,0,0,,
C02,2018-10-15,S1,Cinnamomum malabathrum,Cinnamomum malabatrum,2,2,0,0,0,0,0,0,0,0,,
C02,2018-10-15,S1,Heynea trijuga,Heynea trijuga,5,4,0,0,0,0,0,0,0,0,,
C02,2018-10-15,S1,Otonephelium stipulaceum,Otonephelium stipulaceum,6,0,0,0,0,0,0,0,0,0,,
C02,2018-10-15,S1,Melicope lunu-ankenda,Euodia lunu-ankenda,1,0,0,0,0,0,0,0,0,0,,
C02,2018-10-15,S1,Actinodaphne malabaricum,Actinodaphne malabarica,2,0,0,0,0,0,0,0,0,0,,
C02,2018-10-15,S1,Aglaia canarana,Aglaia canarana,0,1,0,0,0,0,0,0,0,0,,
C02,2018-10-15,S1,Persea macarantha,Persea macrantha,0,1,0,0,0,0,0,0,0,0,,
C02,2018-10-15,S1,Macaranga indica,Macaranga indica,0,1,0,0,0,0,0,0,0,0,,
C02,2018-10-15,S1,Spathodea campanulata,Spathodea campanulata,0,0,1,0,0,0,0,0,0,0,,
D02,2018-10-15,S1,Vateria indica,Vateria indica,17,27,2,3,0,0,0,0,0,0,,
D02,2018-10-15,S1,Aglaia canarana,Aglaia canarana,5,5,0,0,0,0,0,0,0,0,,
D02,2018-10-15,S1,Actinodaphne malabaricum,Actinodaphne malabarica,3,4,0,1,0,0,0,0,0,0,,
D02,2018-10-15,S1,Dimocarpus longan,Dimocarpus longan,0,0,0,1,0,0,0,0,0,0,,
D02,2018-10-15,S1,Diospyros panniculata,Diospyros paniculata,0,1,0,0,0,0,0,0,0,0,,
D02,2018-10-15,S1,Cinnamomum malabathrum,Cinnamomum malabatrum,29,11,2,0,0,0,0,0,0,0,,
D02,2018-10-15,S1,Olea dioica,Olea dioica,0,1,0,0,0,0,0,0,0,0,,
D02,2018-10-15,S1,Heynea trijuga,Heynea trijuga,6,1,0,0,0,0,0,0,0,0,,
D02,2018-10-15,S1,Persea macarantha,Persea macrantha,2,0,0,0,0,0,0,0,0,0,,
D02,2018-10-15,S1,Xanthophyllum flavescens,Xanthophyllum flavescens,1,1,0,0,0,0,0,0,0,0,,
D02,2018-10-15,S1,Antidesma menausa,Antidesma menasu,1,1,0,0,0,0,0,0,0,0,,
D02,2018-10-15,S1,Turpinia malabarica,Turpinia malabarica,1,0,0,0,0,0,0,0,0,0,,
D02,2018-10-15,S1,Nothapodytes pneumonia,Nothapodytes nimmoniana,1,0,0,0,0,0,0,0,0,0,,
E02,2018-10-15,S1,Clerodendrum viscosum,Clerodendrum infortunatum,3,1,0,0,0,0,0,0,0,0,,
E02,2018-10-15,S1,Turpinia malabarica,Turpinia malabarica,1,1,0,0,0,0,0,0,0,0,,
E02,2018-10-15,S1,Litsea coriacea,Litsea coriacea,2,0,0,0,0,0,0,0,0,0,,
E02,2018-10-15,S1,Aglaia canarana,Aglaia canarana,0,1,0,0,0,0,0,0,0,0,,
E02,2018-10-15,S1,Actinodaphne malabaricum,Actinodaphne malabarica,1,1,0,0,0,0,0,0,0,0,,
E02,2018-10-15,S1,Cinnamomum malabathrum,Cinnamomum malabatrum,2,0,0,0,0,0,0,0,0,0,,
E02,2018-10-15,S1,Leea indica,Leea indica,1,0,0,0,0,0,0,0,0,0,,
E02,2018-10-15,S1,Aporosa acuminata,Aporosa indoacuminata,0,1,0,0,0,0,0,0,0,0,,
E02,2018-10-15,S1,Olea dioica,Olea dioica,3,5,0,0,0,0,0,0,0,0,,
E02,2018-10-15,S1,Spathodea campanulata,Spathodea campanulata,0,1,0,0,0,0,0,0,0,0,,
E02,2018-10-15,S1,Holigarna nigra,Holigarna nigra,1,0,0,0,0,0,0,0,0,0,,
F02,2018-10-15,S1,Actinodaphne malabaricum,Actinodaphne malabarica,1,0,0,0,0,0,0,0,0,0,,
F02,2018-10-15,S1,Lantana camara,Lantana camara,0,1,0,0,0,0,0,0,0,0,,
F02,2018-10-15,S1,Clerodendrum viscosum,Clerodendrum infortunatum,0,3,0,0,0,0,0,0,0,0,,
F02,2018-10-15,S1,Turpinia malabarica,Turpinia malabarica,0,4,0,0,0,0,0,0,0,0,,
F02,2018-10-15,S1,Vateria indica,Vateria indica,0,2,0,0,0,0,0,0,0,0,,
C01,2018-10-15,S1,Turpinia malabarica,Turpinia malabarica,0,3,0,0,0,0,0,0,0,0,,
C01,2018-10-15,S1,Actinodaphne malabaricum,Actinodaphne malabarica,0,4,0,1,0,0,0,0,0,0,,
C01,2018-10-15,S1,Olea dioica,Olea dioica,0,1,0,0,0,0,0,0,0,0,,
C01,2018-10-15,S1,Maesa indica,Maesa indica,0,6,0,0,0,0,0,0,0,0,,
C01,2018-10-15,S1,Clerodendrum viscosum,Clerodendrum infortunatum,0,2,0,0,0,0,0,0,0,0,,
C01,2018-10-15,S1,Lantana camara,Lantana camara,0,8,0,0,0,0,0,0,0,0,,
C01,2018-10-15,S1,Melicope lunu-ankenda,Euodia lunu-ankenda,0,1,0,0,0,0,0,0,0,0,,
C01,2018-10-15,S1,Spathodea campanulata,Spathodea campanulata,1,0,0,0,0,0,0,0,0,0,,
C01,2018-10-15,S1,Psidium guajava,Psidium guajava,0,1,0,0,0,0,0,0,0,0,,
B01,2018-10-15,S1,Vateria indica,Vateria indica,31,21,0,0,0,0,0,0,0,0,,
B01,2018-10-15,S1,Turpinia malabarica,Turpinia malabarica,0,1,0,0,0,0,0,0,0,0,,
B01,2018-10-15,S1,Actinodaphne malabaricum,Actinodaphne malabarica,0,3,0,1,0,0,0,0,0,0,,
B01,2018-10-15,S1,Clerodendrum viscosum,Clerodendrum infortunatum,0,10,0,1,0,0,0,0,0,0,,
B01,2018-10-15,S1,Xanthophyllum flavescens,Xanthophyllum flavescens,0,2,0,0,0,0,0,0,0,0,,
B01,2018-10-15,S1,Ficus hispida,Ficus hispida,0,0,0,1,0,0,0,0,0,0,,
B01,2018-10-15,S1,Cinnamomum malabathrum,Cinnamomum malabatrum,1,0,0,0,0,0,0,0,0,0,,
B01,2018-10-15,S1,Elaeocarpus tuberculatus,Elaeocarpus tuberculatus,0,1,0,0,0,0,0,0,0,0,,
A01,2018-10-15,S1,Actinodaphne malabaricum,Actinodaphne malabarica,1,4,0,0,0,0,0,0,0,0,,
A01,2018-10-15,S1,Ficus exasperata,Ficus exasperata,0,1,0,0,0,0,0,0,0,0,,
A01,2018-10-15,S1,Lantana camara,Lantana camara,0,1,0,0,0,0,0,0,0,0,,
A01,2018-10-15,S1,Xanthophyllum flavescens,Xanthophyllum flavescens,0,1,0,0,0,0,0,0,0,0,,
H03,2018-10-13,S1,Melicope lunu-ankenda,Euodia lunu-ankenda,0,1,0,0,0,0,0,0,0,0,,
H03,2018-10-13,S1,Glochidion malabaricum,Glochidion malabaricum,0,0,0,2,0,0,0,0,0,0,,
H03,2018-10-13,S1,Turpinia malabarica,Turpinia malabarica,0,1,0,0,0,0,0,0,0,0,,
H03,2018-10-13,S1,Mangifera indica,Mangifera indica,1,0,0,0,0,0,0,0,0,0,,
H03,2018-10-13,S1,Cinnamomum malabathrum,Cinnamomum malabatrum,0,1,0,0,0,0,0,0,0,0,,
H03,2018-10-13,S1,Heynea trijuga,Heynea trijuga,0,1,0,0,0,0,0,0,0,0,,
G03,2018-10-13,S1,Turpinia malabarica,Turpinia malabarica,4,6,0,0,0,0,0,0,0,0,,
G03,2018-10-13,S1,Clerodendrum viscosum,Clerodendrum infortunatum,4,4,0,0,0,0,0,0,0,0,,
G03,2018-10-13,S1,Vateria indica,Vateria indica,1,2,0,0,0,0,0,0,0,0,,
G03,2018-10-13,S1,Melicope lunu-ankenda,Euodia lunu-ankenda,1,2,0,0,0,0,0,0,0,0,,
G03,2018-10-13,S1,Actinodaphne malabaricum,Actinodaphne malabarica,0,1,0,0,0,0,0,0,0,0,,
G03,2018-10-13,S1,Diospyros ghatensis,Diospyros ghatensis,1,0,0,0,0,0,0,0,0,0,,
G03,2018-10-13,S1,Maesopsis eminii,Maesopsis eminii,0,1,0,0,0,0,0,0,0,0,,
G03,2018-10-13,S1,Cinnamomum malabathrum,Cinnamomum malabatrum,0,1,0,0,0,0,0,0,0,0,,
G03,2018-10-13,S1,Garcinia gummi-gutta,Garcinia gummi-gutta,1,0,0,0,0,0,0,0,0,0,,
G03,2018-10-13,S1,Leea indica,Leea indica,0,2,0,0,0,0,0,0,0,0,,
G03,2018-10-13,S1,Persea macarantha,Persea macrantha,0,1,0,0,0,0,0,0,0,0,,
G03,2018-10-13,S1,Melicope lunu-ankenda,Euodia lunu-ankenda,0,0,0,1,0,0,0,0,0,0,,
G03,2018-10-13,S1,Glochidion malabaricum,Glochidion malabaricum,0,1,0,0,0,0,0,0,0,0,,
F03,2018-10-13,S1,Cinnamomum malabathrum,Cinnamomum malabatrum,0,1,0,0,0,0,0,0,0,0,,
F03,2018-10-13,S1,Diospyros sylvatica,Diospyros sylvatica,0,3,0,0,0,0,0,0,0,0,,
F03,2018-10-13,S1,Elaeocarpus tuberculatus,Elaeocarpus tuberculatus,1,3,0,0,0,0,0,0,0,0,,
F03,2018-10-13,S1,Turpinia malabarica,Turpinia malabarica,0,6,0,0,0,0,0,0,0,0,,
F03,2018-10-13,S1,Heynea trijuga,Heynea trijuga,1,1,0,0,0,0,0,0,0,0,,
F03,2018-10-13,S1,Holigarna nigra,Holigarna nigra,18,1,0,0,0,0,0,0,0,0,,
F03,2018-10-13,S1,Glochidion malabaricum,Glochidion malabaricum,0,2,0,0,0,0,0,0,0,0,,
F03,2018-10-13,S1,Artocarpus heterophyllus,Artocarpus heterophyllus,1,0,0,0,0,0,0,0,0,0,,
F03,2018-10-13,S1,Mangifera indica,Mangifera indica,8,3,0,0,0,0,0,0,0,0,,
F03,2018-10-13,S1,Drypetes wightii,Drypetes wightii,0,1,0,0,0,0,0,0,0,0,,
F03,2018-10-13,S1,Palaquium ellipticum,Palaquium ellipticum,0,1,0,0,0,0,0,0,0,0,,
F03,2018-10-13,S1,Actinodaphne malabaricum,Actinodaphne malabarica,0,1,0,0,0,0,0,0,0,0,,
F03,2018-10-13,S1,Aglaia canarana,Aglaia canarana,1,0,0,0,0,0,0,0,0,0,,
F03,2018-10-13,S1,Leea indica,Leea indica,1,0,0,0,0,0,0,0,0,0,,
F03,2018-10-13,S1,Artocarpus heterophyllus,Artocarpus heterophyllus,11,0,0,1,0,0,0,0,0,0,,
F03,2018-10-13,S1,Maesa indica,Maesa indica,0,2,0,0,0,0,0,0,0,0,,
F03,2018-10-13,S1,Litsea oleiodes,Litsea nigrescens,1,0,0,0,0,0,0,0,0,0,,
F03,2018-10-13,S1,Vernonia arborea,Vernonia arborea,0,0,0,1,0,0,0,0,0,0,,
F03,2018-10-13,S1,Ficus exasperata,Ficus exasperata,0,1,0,0,0,0,0,0,0,0,,
E03,2018-10-13,S1,Actinodaphne malabaricum,Actinodaphne malabarica,6,3,0,0,0,0,0,0,0,0,,
E03,2018-10-13,S1,Cinnamomum malabathrum,Cinnamomum malabatrum,10,2,0,0,0,0,0,0,0,0,,
E03,2018-10-13,S1,Heynea trijuga,Heynea trijuga,22,5,0,0,0,0,0,0,0,0,,
E03,2018-10-13,S1,Antidesma menausa,Antidesma menasu,2,1,0,0,0,0,0,0,0,0,,
E03,2018-10-13,S1,Coffee canephora,Coffea canephora,2,0,0,0,0,0,0,0,0,0,,
E03,2018-10-13,S1,Holigarna nigra,Holigarna nigra,7,0,0,0,0,0,0,0,0,0,,
E03,2018-10-13,S1,Clerodendrum viscosum,Clerodendrum infortunatum,1,1,2,0,0,0,0,0,0,0,,
E03,2018-10-13,S1,Artocarpus heterophyllus,Artocarpus heterophyllus,1,0,0,0,0,0,0,0,0,0,,
E03,2018-10-13,S1,Turpinia malabarica,Turpinia malabarica,2,3,0,0,0,0,0,0,0,0,,
E03,2018-10-13,S1,Leea indica,Leea indica,0,1,0,0,0,0,0,0,0,0,,
E03,2018-10-13,S1,Elaeocarpus tuberculatus,Elaeocarpus tuberculatus,0,0,0,1,0,0,0,0,0,0,,
E03,2018-10-13,S1,Aglaia canarana,Aglaia canarana,0,1,0,0,0,0,0,0,0,0,,
E03,2018-10-13,S1,Persea macarantha,Persea macrantha,1,0,0,1,0,0,0,0,0,0,,
E03,2018-10-13,S1,Ficus hispida,Ficus hispida,0,0,0,1,0,0,0,0,0,0,,
E03,2018-10-13,S1,Dysoxylum malabaricum,Dysoxylum malabaricum,1,1,0,0,0,0,0,0,0,0,,
D03,2018-10-13,S1,Maesa indica,Maesa indica,4,3,0,0,0,0,0,0,0,0,,
D03,2018-10-13,S1,Actinodaphne malabaricum,Actinodaphne malabarica,0,3,0,0,0,0,0,0,0,0,,
D03,2018-10-13,S1,Lantana camara,Lantana camara,0,2,0,0,0,0,0,0,0,0,,
D03,2018-10-13,S1,Ficus hispida,Ficus hispida,0,1,0,0,0,0,0,0,0,0,,
D03,2018-10-13,S1,Aglaia canarana,Aglaia canarana,0,0,0,1,0,0,0,0,0,0,,
C03,2018-10-13,S1,Aporosa acuminata,Aporosa indoacuminata,0,1,0,0,0,0,0,0,0,0,,
C03,2018-10-13,S1,Ficus hispida,Ficus hispida,0,1,0,0,0,0,0,0,0,0,,
C03,2018-10-13,S1,Cinnamomum malabathrum,Cinnamomum malabatrum,3,3,0,0,0,0,0,0,0,0,,
C03,2018-10-13,S1,Lantana camara,Lantana camara,0,2,0,0,0,0,0,0,0,0,,
C03,2018-10-13,S1,Actinodaphne malabaricum,Actinodaphne malabarica,1,6,0,0,0,0,0,0,0,0,,
C03,2018-10-13,S1,Xanthophyllum flavescens,Xanthophyllum flavescens,1,0,0,0,0,0,0,0,0,0,,
C03,2018-10-13,S1,Artocarpus heterophyllus,Artocarpus heterophyllus,1,0,0,0,0,0,0,0,0,0,,
C03,2018-10-13,S1,Maesa indica,Maesa indica,3,3,0,0,0,0,0,0,0,0,,
C03,2018-10-13,S1,Melicope lunu-ankenda,Euodia lunu-ankenda,0,1,0,0,0,0,0,0,0,0,,
C03,2018-10-13,S1,Clerodendrum viscosum,Clerodendrum infortunatum,1,0,0,0,0,0,0,0,0,0,,
I03,2018-10-13,S1,Vateria indica,Vateria indica,1,0,0,0,0,0,0,0,0,0,,
I03,2018-10-13,S1,Turpinia malabarica,Turpinia malabarica,12,1,1,0,0,0,0,0,0,0,,
I03,2018-10-13,S1,Phoebe lanceolata,Phoebe lanceolata,1,1,0,0,0,0,0,0,0,0,,
I03,2018-10-13,S1,Leea indica,Leea indica,0,1,0,0,0,0,0,0,0,0,,
I03,2018-10-13,S1,Vernonia arborea,Vernonia arborea,4,1,0,0,0,0,0,0,0,0,,
I03,2018-10-13,S1,Litsea floribunda,Litsea floribunda,0,0,1,0,0,0,0,0,0,0,,
I03,2018-10-13,S1,Persea macarantha,Persea macrantha,0,0,1,0,0,0,0,0,0,0,,
I03,2018-10-13,S1,Meiogyne pannosa,Meiogyne pannosa,1,0,0,0,0,0,0,0,0,0,,
I03,2018-10-13,S1,Litsea coriacea,Litsea coriacea,5,0,0,0,0,0,0,0,0,0,,
I03,2018-10-13,S1,Myristica dactyloides,Myristica beddomei,3,0,0,0,0,0,0,0,0,0,,
I03,2018-10-13,S1,Actinodaphne malabaricum,Actinodaphne malabarica,1,0,0,0,0,0,0,0,0,0,,
I03,2018-10-13,S1,Heynea trijuga,Heynea trijuga,0,1,0,1,0,0,0,0,0,0,,
I03,2018-10-13,S1,Vernonia arborea,Vernonia arborea,0,0,2,2,0,0,0,0,0,0,,
I03,2018-10-13,S1,Garcinia gummi-gutta,Garcinia gummi-gutta,1,1,0,0,0,0,0,0,0,0,,
I03,2018-10-13,S1,Elaeocarpus tuberculatus,Elaeocarpus tuberculatus,0,0,0,1,0,0,0,0,0,0,,
I03,2018-10-13,S1,Holigarna nigra,Holigarna nigra,1,0,1,0,0,0,0,0,0,0,,
I03,2018-10-13,S1,Nothapodytes pneumonia,Nothapodytes nimmoniana,1,0,0,0,0,0,0,0,0,0,,
I03,2018-10-13,S1,Diospyros sylvatica,Diospyros sylvatica,0,1,0,0,0,0,0,0,0,0,,
H04,2018-10-13,S1,Heynea trijuga,Heynea trijuga,0,3,0,0,0,0,0,0,0,0,,
H04,2018-10-13,S1,Symplocos cochinchinensis,Symplocos cochinchinensis,0,1,0,0,0,0,0,0,0,0,,
H04,2018-10-13,S1,Villebrunia integrifolia,Villebrunea integrifolia,0,1,0,0,0,0,0,0,0,0,,
H04,2018-10-13,S1,Meliosma simplicifolia,Meliosma simplicifolia,0,3,0,0,0,0,0,0,0,0,,
H04,2018-10-13,S1,Turpinia malabarica,Turpinia malabarica,13,10,0,0,0,0,0,0,0,0,,
H04,2018-10-13,S1,Vernonia arborea,Vernonia arborea,0,1,0,0,0,0,0,0,0,0,,
H04,2018-10-13,S1,Diospyros sylvatica,Diospyros sylvatica,0,6,0,0,0,0,0,0,0,0,,
H04,2018-10-13,S1,Elaeocarpus tuberculatus,Elaeocarpus tuberculatus,0,3,0,1,0,0,0,0,0,0,,
H04,2018-10-13,S1,Holigarna nigra,Holigarna nigra,14,2,0,0,0,0,0,0,0,0,,
H04,2018-10-13,S1,Ficus exasperata,Ficus exasperata,0,1,0,0,0,0,0,0,0,0,,
H04,2018-10-13,S1,Clerodendrum viscosum,Clerodendrum infortunatum,0,3,0,0,0,0,0,0,0,0,,
H04,2018-10-13,S1,Xanthophyllum flavescens,Xanthophyllum flavescens,0,4,0,0,0,0,0,0,0,0,,
H04,2018-10-13,S1,Actinodaphne malabaricum,Actinodaphne malabarica,3,1,0,0,0,0,0,0,0,0,,
H04,2018-10-13,S1,Phoebe lanceolata,Phoebe lanceolata,0,1,0,0,0,0,0,0,0,0,,
H04,2018-10-13,S1,Aporosa acuminata,Aporosa indoacuminata,0,3,0,0,0,0,0,0,0,0,,
H04,2018-10-13,S1,Persea macarantha,Persea macrantha,0,0,0,0,0,0,0,0,0,0,,
H04,2018-10-13,S1,Unidentified,Unidentified,0,2,0,0,0,0,0,0,0,0,Looks like diospros?,
H04,2018-10-13,S1,Garcinia gummi-gutta,Garcinia gummi-gutta,0,1,0,0,0,0,0,0,0,0,,
H04,2018-10-13,S1,Otonephelium stipulaceum,Otonephelium stipulaceum,1,0,0,0,0,0,0,0,0,0,,
H04,2018-10-13,S1,Artocarpus heterophyllus,Artocarpus heterophyllus,2,0,0,0,0,0,0,0,0,0,,
H04,2018-10-13,S1,Clerodendrum viscosum,Clerodendrum infortunatum,2,5,0,0,0,0,0,0,0,0,,
H04,2018-10-13,S1,Lantana camara,Lantana camara,0,1,0,0,0,0,0,0,0,0,,
H04,2018-10-13,S1,Cinnamomum malabathrum,Cinnamomum malabatrum,0,1,0,0,0,0,0,0,0,0,,
H04,2018-10-13,S1,Antidesma menausa,Antidesma menasu,1,0,0,0,0,0,0,0,0,0,,
H04,2018-10-13,S1,Leea indica,Leea indica,2,0,0,0,0,0,0,0,0,0,,
H04,2018-10-13,S1,Meiogyne pannosa,Meiogyne pannosa,1,0,0,0,0,0,0,0,0,0,,
H04,2018-10-13,S1,Psychotria anamallayana,Psychotria anamallayana,0,1,0,0,0,0,0,0,0,0,,
H04,2018-10-13,S1,Meliosma simplicifolia,Meliosma simplicifolia,3,1,0,0,0,0,0,0,0,0,,
G05,2018-10-12,S1,Leea indica,Leea indica,3,2,0,0,0,0,0,0,0,0,,
G05,2018-10-12,S1,Melicope lunu-ankenda,Euodia lunu-ankenda,0,1,0,0,0,0,0,0,0,0,,
G05,2018-10-12,S1,Xanthophyllum flavescens,Xanthophyllum flavescens,2,1,0,0,0,0,0,0,0,0,,
G05,2018-10-12,S1,Meiogyne pannosa,Meiogyne pannosa,0,2,0,0,0,0,0,0,0,0,,
G05,2018-10-12,S1,Antidesma menausa,Antidesma menasu,1,0,0,0,0,0,0,0,0,0,,
G05,2018-10-12,S1,Heynea trijuga,Heynea trijuga,3,1,0,0,0,0,0,0,0,0,,
G05,2018-10-12,S1,Actinodaphne malabaricum,Actinodaphne malabarica,0,0,1,0,0,0,0,0,0,0,,
G05,2018-10-12,S1,Drypetes wightii,Drypetes wightii,2,2,1,0,0,0,0,0,0,0,,
F04,2018-10-11,S1,Cinnamomum malabathrum,Cinnamomum malabatrum,0,4,0,0,0,0,0,0,0,0,,
F04,2018-10-11,S1,Actinodaphne malabaricum,Actinodaphne malabarica,0,6,0,1,0,0,0,0,0,0,,
F04,2018-10-11,S1,Litsea floribunda,Litsea floribunda,0,2,0,0,0,0,0,0,0,0,,
F04,2018-10-11,S1,Clerodendrum viscosum,Clerodendrum infortunatum,0,1,0,0,0,0,0,0,0,0,,
E04,2018-10-11,S1,Cinnamomum malabathrum,Cinnamomum malabatrum,4,1,0,1,0,0,0,0,0,0,,
E04,2018-10-11,S1,Actinodaphne malabaricum,Actinodaphne malabarica,4,2,0,3,0,0,0,0,0,0,,
E04,2018-10-11,S1,Vateria indica,Vateria indica,1,1,1,1,0,0,0,0,0,0,,
E04,2018-10-11,S1,Aglaia canarana,Aglaia canarana,1,0,0,0,0,0,0,0,0,0,,
E04,2018-10-11,S1,Diospyros sylvatica,Diospyros sylvatica,0,1,0,0,0,0,0,0,0,0,,
E04,2018-10-11,S1,Turpinia malabarica,Turpinia malabarica,0,1,0,0,0,0,0,0,0,0,,
E04,2018-10-11,S1,Olea dioica,Olea dioica,1,0,0,0,0,0,0,0,0,0,,
G06,2018-10-11,S1,Cinnamomum malabathrum,Cinnamomum malabatrum,5,7,0,0,0,0,0,0,0,0,,
G06,2018-10-11,S1,Litsea oleiodes,Litsea nigrescens,1,2,0,0,0,0,0,0,0,0,,
G06,2018-10-11,S1,Persea macarantha,Persea macrantha,0,1,0,0,0,0,0,0,0,0,,
G06,2018-10-11,S1,Heynea trijuga,Heynea trijuga,1,2,0,0,0,0,0,0,0,0,,
G06,2018-10-11,S1,Actinodaphne malabaricum,Actinodaphne malabarica,1,1,0,0,0,0,0,0,0,0,,
G06,2018-10-11,S1,Xanthophyllum flavescens,Xanthophyllum flavescens,3,0,0,0,0,0,0,0,0,0,,
G06,2018-10-11,S1,Clerodendrum viscosum,Clerodendrum infortunatum,5,2,0,0,0,0,0,0,0,0,,
G06,2018-10-11,S1,Turpinia malabarica,Turpinia malabarica,6,4,0,0,0,0,0,0,0,0,,
G06,2018-10-11,S1,Chionanthus courtallensis,Chionanthus courtallensis,3,0,0,0,0,0,0,0,0,0,,
G06,2018-10-11,S1,Lantana camara,Lantana camara,0,1,0,0,0,0,0,0,0,0,,
G06,2018-10-11,S1,Unidentified/Vaagai,Fabaceae,0,3,0,0,0,0,0,0,0,0,,
F05,2018-10-11,S1,Turpinia malabarica,Turpinia malabarica,3,3,0,0,0,0,0,0,0,0,,
F05,2018-10-11,S1,Diospyros panniculata,Diospyros paniculata,1,5,0,0,0,0,0,0,0,0,,
F05,2018-10-11,S1,Meiogyne pannosa,Meiogyne pannosa,0,1,0,0,0,0,0,0,0,0,,
F05,2018-10-11,S1,Cinnamomum malabathrum,Cinnamomum malabatrum,1,1,0,0,0,0,0,0,0,0,,
F05,2018-10-11,S1,Vateria indica,Vateria indica,19,3,0,0,0,0,0,0,0,0,,
F05,2018-10-11,S1,Unidentified/Vaagai,Fabaceae,0,0,1,1,0,0,0,0,0,0,,
F05,2018-10-11,S1,Actinodaphne malabaricum,Actinodaphne malabarica,2,2,0,0,0,0,0,0,0,0,,
F05,2018-10-11,S1,Semecarpus travancorica,Semecarpus travancoricus,23,12,0,0,0,0,0,0,0,0,,
F05,2018-10-11,S1,Aglaia canarana,Aglaia canarana,1,4,0,0,0,0,0,0,0,0,,
F05,2018-10-11,S1,Heynea trijuga,Heynea trijuga,1,0,0,0,0,0,0,0,0,0,,
F05,2018-10-11,S1,Leea indica,Leea indica,0,1,0,0,0,0,0,0,0,0,,
F05,2018-10-11,S1,Artocarpus heterophyllus,Artocarpus heterophyllus,1,0,0,0,0,0,0,0,0,0,,
F05,2018-10-11,S1,Otonephelium stipulaceum,Otonephelium stipulaceum,1,0,0,0,0,0,0,0,0,0,,
F05,2018-10-11,S1,Clerodendrum viscosum,Clerodendrum infortunatum,0,1,0,0,0,0,0,0,0,0,,
F05,2018-10-11,S1,Ficus exasperata,Ficus exasperata,1,0,0,0,0,0,0,0,0,0,,
H06,2018-10-11,S1,Gliricidia sepium,Gliricidia sepium,0,4,0,0,0,0,0,0,0,0,,
H06,2018-10-11,S1,Elaeocarpus tuberculatus,Elaeocarpus tuberculatus,0,0,1,0,0,0,0,0,0,0,,
H06,2018-10-11,S1,Vateria indica,Vateria indica,1,0,0,0,0,0,0,0,0,0,,
H06,2018-10-11,S1,Actinodaphne malabaricum,Actinodaphne malabarica,1,0,0,0,0,0,0,0,0,0,,
H06,2018-10-11,S1,Melicope lunu-ankenda,Euodia lunu-ankenda,0,1,0,0,0,0,0,0,0,0,,
I06,2018-10-11,S1,Leea indica,Leea indica,0,1,0,0,0,0,0,0,0,0,,
I06,2018-10-11,S1,Antidesma menausa,Antidesma menasu,0,2,0,0,0,0,0,0,0,0,,
I06,2018-10-11,S1,Heynea trijuga,Heynea trijuga,1,1,0,0,0,0,0,0,0,0,,
I06,2018-10-11,S1,Actinodaphne malabaricum,Actinodaphne malabarica,0,1,0,0,0,0,0,0,0,0,,
I06,2018-10-11,S1,Turpinia malabarica,Turpinia malabarica,0,1,0,0,0,0,0,0,0,0,,
I06,2018-10-11,S1,Litsea oleiodes,Litsea nigrescens,0,2,0,0,0,0,0,0,0,0,,
I06,2018-10-11,S1,Vateria indica,Vateria indica,0,1,0,0,0,0,0,0,0,0,,
I06,2018-10-11,S1,Olea dioica,Olea dioica,0,1,0,0,0,0,0,0,0,0,,
I06,2018-10-11,S1,Holigarna nigra,Holigarna nigra,0,1,0,0,0,0,0,0,0,0,,
J06,2018-10-11,S2,Litsea coriacea,Litsea coriacea,0,1,0,0,0,0,0,0,0,0,,
J06,2018-10-11,S2,Actinodaphne malabaricum,Actinodaphne malabarica,0,0,1,3,0,0,0,0,0,0,,
J06,2018-10-11,S2,Aglaia canarana,Aglaia canarana,2,2,0,0,0,0,0,0,0,0,,
J06,2018-10-11,S2,Actinodaphne malabaricum,Actinodaphne malabarica,3,4,0,0,0,0,0,0,0,0,,
J06,2018-10-11,S2,Leea indica,Leea indica,2,0,0,0,0,0,0,0,0,0,,
J06,2018-10-11,S2,Atalantia racemosa,Atalantia racemosa,0,1,0,0,0,0,0,0,0,0,,
J06,2018-10-11,S2,Dysoxylum binectariferum,Dysoxylum gotadhora,0,1,0,0,0,0,0,0,0,0,,
J06,2018-10-11,S2,Cinnamomum malabathrum,Cinnamomum malabatrum,1,0,0,0,0,0,0,0,0,0,,
J06,2018-10-11,S2,Heynea trijuga,Heynea trijuga,2,0,1,0,0,0,0,0,0,0,,
J06,2018-10-11,S2,Vernonia arborea,Vernonia arborea,0,1,0,0,0,0,0,0,0,0,,
J06,2018-10-11,S2,Litsea oleiodes,Litsea nigrescens,2,1,0,0,0,0,0,0,0,0,,
J06,2018-10-11,S2,Persea macarantha,Persea macrantha,0,1,0,0,0,0,0,0,0,0,,
J06,2018-10-11,S2,Turpinia malabarica,Turpinia malabarica,1,1,0,1,0,0,0,0,0,0,,
J06,2018-10-11,S2,Elaeocarpus tuberculatus,Elaeocarpus tuberculatus,2,0,0,0,0,0,0,0,0,0,,
J06,2018-10-11,S2,Beilschmiedia wightii,Beilschmiedia wightii,1,0,0,0,0,0,0,0,0,0,,
J06,2018-10-11,S2,Clerodendrum viscosum,Clerodendrum infortunatum,0,1,0,0,0,0,0,0,0,0,,
J06,2018-10-11,S2,Paracroton pendulus,Paracroton pendulus,0,1,0,0,0,0,0,0,0,0,,
J06,2018-10-11,S2,Chionanthus courtallensis,Chionanthus courtallensis,0,1,0,0,0,0,0,0,0,0,,
J10,2018-10-08,S1,Psidium guajava,Psidium guajava,0,1,0,0,0,0,0,0,0,0,,
N10,2018-10-08,S1,Actinodaphne malabaricum,Actinodaphne malabarica,2,0,0,0,0,0,0,0,0,0,,
N10,2018-10-08,S1,Turpinia malabarica,Turpinia malabarica,1,0,0,0,0,0,0,0,0,0,,
N10,2018-10-08,S1,Leea indica,Leea indica,2,11,0,0,0,0,0,0,0,0,,
N10,2018-10-08,S1,Glochidion malabaricum,Glochidion malabaricum,1,2,1,0,0,0,0,0,0,0,,
N10,2018-10-08,S1,Mangifera indica,Mangifera indica,0,1,0,0,0,0,0,0,0,0,,
N10,2018-10-08,S1,Myristica dactyloides,Myristica beddomei,0,1,0,0,0,0,0,0,0,0,,
N10,2018-10-08,S1,Breynia vitis-idaea,Breynia vitis-idaea,0,1,0,0,0,0,0,0,0,0,,
K06,2018-10-11,S1,Turpinia malabarica,Turpinia malabarica,1,15,0,0,0,0,0,0,0,0,,
K06,2018-10-11,S1,Glochidion malabaricum,Glochidion malabaricum,1,3,0,0,0,0,0,0,0,0,,
K06,2018-10-11,S1,Melicope lunu-ankenda,Euodia lunu-ankenda,0,1,0,0,0,0,0,0,0,0,,
K06,2018-10-11,S1,Holigarna nigra,Holigarna nigra,2,2,0,0,0,0,0,0,0,0,,
K06,2018-10-11,S1,Heynea trijuga,Heynea trijuga,1,2,0,0,0,0,0,0,0,0,,
K06,2018-10-11,S1,Aglaia canarana,Aglaia canarana,14,3,0,0,0,0,0,0,0,0,,
K06,2018-10-11,S1,Leea indica,Leea indica,3,2,0,0,0,0,0,0,0,0,,
K06,2018-10-11,S1,Garcinia gummi-gutta,Garcinia gummi-gutta,2,4,0,0,0,0,0,0,0,0,,
K06,2018-10-11,S1,Elaeocarpus tuberculatus,Elaeocarpus tuberculatus,2,2,0,0,0,0,0,0,0,0,,
K06,2018-10-11,S1,Paracroton pendulus,Paracroton pendulus,0,2,0,0,0,0,0,0,0,0,,
K06,2018-10-11,S1,Actinodaphne malabaricum,Actinodaphne malabarica,2,1,0,3,0,0,0,0,0,0,,
K06,2018-10-11,S1,Clerodendrum viscosum,Clerodendrum infortunatum,3,2,2,0,0,0,0,0,0,0,,
K06,2018-10-11,S1,Xanthophyllum flavescens,Xanthophyllum flavescens,1,0,0,0,0,0,0,0,0,0,,
K06,2018-10-11,S1,Litsea oleiodes,Litsea nigrescens,1,0,0,0,0,0,0,0,0,0,,
K06,2018-10-11,S1,Vernonia arborea,Vernonia arborea,1,0,0,0,0,0,0,0,0,0,,
K06,2018-10-11,S1,Litsea coriacea,Litsea coriacea,4,0,0,0,0,0,0,0,0,0,,
K06,2018-10-11,S1,Myristica dactyloides,Myristica beddomei,2,2,0,0,0,0,0,0,0,0,,
K06,2018-10-11,S1,Chionanthus courtallensis,Chionanthus courtallensis,0,1,0,0,0,0,0,0,0,0,,
K06,2018-10-11,S1,Vateria indica,Vateria indica,1,0,0,0,0,0,0,0,0,0,,
L06,2018-10-11,S1,Garcinia gummi-gutta,Garcinia gummi-gutta,5,1,3,1,0,0,0,0,0,0,,
L06,2018-10-11,S1,Vateria indica,Vateria indica,5,0,0,0,0,0,0,0,0,0,,
L06,2018-10-11,S1,Actinodaphne malabaricum,Actinodaphne malabarica,2,0,0,1,0,0,0,0,0,0,,
L06,2018-10-11,S1,Antidesma menausa,Antidesma menasu,1,0,0,0,0,0,0,0,0,0,,
L06,2018-10-11,S1,Meiogyne pannosa,Meiogyne pannosa,0,3,0,0,0,0,0,0,0,0,,
L06,2018-10-11,S1,Psidium guajava,Psidium guajava,0,4,0,0,0,0,0,0,0,0,,
L06,2018-10-11,S1,Turpinia malabarica,Turpinia malabarica,7,1,0,0,0,0,0,0,0,0,,
L06,2018-10-11,S1,Glochidion malabaricum,Glochidion malabaricum,1,0,1,1,0,0,0,0,0,0,,
L06,2018-10-11,S1,Otonephelium stipulaceum,Otonephelium stipulaceum,1,0,0,0,0,0,0,0,0,0,,
L06,2018-10-11,S1,Psychotria anamallayana,Psychotria anamallayana,1,0,0,0,0,0,0,0,0,0,,
L06,2018-10-11,S1,Xanthophyllum flavescens,Xanthophyllum flavescens,1,0,0,0,0,0,0,0,0,0,,
L06,2018-10-11,S1,Lantana camara,Lantana camara,0,1,0,0,0,0,0,0,0,0,,
L06,2018-10-11,S1,Breynia vitis-idaea,Breynia vitis-idaea,1,0,0,0,0,0,0,0,0,0,,
H07,2018-10-11,S1,Leea indica,Leea indica,0,1,0,0,0,0,0,0,0,0,,
H07,2018-10-11,S1,Melicope lunu-ankenda,Euodia lunu-ankenda,0,1,0,0,0,0,0,0,0,0,,
H07,2018-10-11,S1,Vateria indica,Vateria indica,0,1,0,0,0,0,0,0,0,0,,
H07,2018-10-11,S1,Semecarpus travancorica,Semecarpus travancoricus,0,1,0,0,0,0,0,0,0,0,,
G07,2018-10-11,S1,Melicope lunu-ankenda,Euodia lunu-ankenda,0,1,0,0,0,0,0,0,0,0,,
G07,2018-10-11,S1,Toona ciliata,Toona ciliata,0,0,0,1,0,0,0,0,0,0,,
G07,2018-10-11,S1,Aglaia canarana,Aglaia canarana,0,1,0,0,0,0,0,0,0,0,,
G07,2018-10-11,S1,Diospyros sylvatica,Diospyros sylvatica,0,2,0,0,0,0,0,0,0,0,,
G07,2018-10-11,S1,Artocarpus heterophyllus,Artocarpus heterophyllus,6,2,0,0,0,0,0,0,0,0,,
G07,2018-10-11,S1,Elaeocarpus tuberculatus,Elaeocarpus tuberculatus,0,2,0,0,0,0,0,0,0,0,,
G07,2018-10-11,S1,Maesopsis eminii,Maesopsis eminii,34,1,0,0,0,0,0,0,0,0,,
G07,2018-10-11,S1,Vernonia arborea,Vernonia arborea,2,2,0,0,0,0,0,0,0,0,,
G07,2018-10-11,S1,Heynea trijuga,Heynea trijuga,1,0,0,0,0,0,0,0,0,0,,
G07,2018-10-11,S1,Aporosa acuminata,Aporosa indoacuminata,0,1,0,0,0,0,0,0,0,0,,
G07,2018-10-11,S1,Actinodaphne malabaricum,Actinodaphne malabarica,2,0,0,0,0,0,0,0,0,0,,
L04,2018-10-12,S1,Chionanthus courtallensis,Chionanthus courtallensis,7,31,0,0,0,0,0,0,0,0,,
L04,2018-10-12,S1,Vernonia arborea,Vernonia arborea,1,7,0,0,0,0,0,0,0,0,,
L04,2018-10-12,S1,Glochidion malabaricum,Glochidion malabaricum,3,4,0,0,0,0,0,0,0,0,,
L04,2018-10-12,S1,Antidesma menausa,Antidesma menasu,0,3,0,0,0,0,0,0,0,0,,
L04,2018-10-12,S1,Memecylon sp.,Memecylon sp.,0,1,0,0,0,0,0,0,0,0,,
L04,2018-10-12,S1,Actinodaphne malabaricum,Actinodaphne malabarica,5,3,0,0,0,0,0,0,0,0,,
L04,2018-10-12,S1,Myristica dactyloides,Myristica beddomei,2,3,0,0,0,0,0,0,0,0,,
L04,2018-10-12,S1,Clerodendrum viscosum,Clerodendrum infortunatum,7,4,0,0,0,0,0,0,0,0,,
L04,2018-10-12,S1,Garcinia gummi-gutta,Garcinia gummi-gutta,2,1,0,0,0,0,0,0,0,0,,
L04,2018-10-12,S1,Heynea trijuga,Heynea trijuga,4,2,0,0,0,0,0,0,0,0,,
L04,2018-10-12,S1,Diospyros sylvatica,Diospyros sylvatica,0,1,0,0,0,0,0,0,0,0,,
L04,2018-10-12,S1,Xanthophyllum flavescens,Xanthophyllum flavescens,4,1,0,0,0,0,0,0,0,0,,
L04,2018-10-12,S1,Leea indica,Leea indica,6,4,0,0,0,0,0,0,0,0,,
L04,2018-10-12,S1,Litsea oleiodes,Litsea nigrescens,1,0,0,0,0,0,0,0,0,0,,
L04,2018-10-12,S1,Vateria indica,Vateria indica,3,0,0,0,0,0,0,0,0,0,,
L04,2018-10-12,S1,Meliosma pinnata,Meliosma pinnata,1,0,0,0,0,0,0,0,0,0,,
L04,2018-10-12,S1,Cinnamomum malabathrum,Cinnamomum malabatrum,1,0,0,0,0,0,0,0,0,0,,
L04,2018-10-12,S1,Elaeocarpus tuberculatus,Elaeocarpus tuberculatus,0,4,0,0,0,0,0,0,0,0,,
L04,2018-10-12,S1,Syzygium densiflorum,Syzygium densiflorum,2,1,0,0,0,0,0,0,0,0,,
L04,2018-10-12,S1,Litsea oleiodes,Litsea nigrescens,1,1,0,0,0,0,0,0,0,0,,
L04,2018-10-12,S1,Dimocarpus longan,Dimocarpus longan,1,0,0,0,0,0,0,0,0,0,,
L04,2018-10-12,S1,Litsea floribunda,Litsea floribunda,1,0,0,0,0,0,0,0,0,0,,
L04,2018-10-12,S1,Nothapodytes pneumonia,Nothapodytes nimmoniana,1,0,0,0,0,0,0,0,0,0,,
K05,2018-10-12,S1,Turpinia malabarica,Turpinia malabarica,6,3,0,0,0,0,0,0,0,0,,
K05,2018-10-12,S1,Otonephelium stipulaceum,Otonephelium stipulaceum,5,0,0,0,0,0,0,0,0,0,,
K05,2018-10-12,S1,Heynea trijuga,Heynea trijuga,3,1,0,0,0,0,0,0,0,0,,
K05,2018-10-12,S1,Litsea floribunda,Litsea floribunda,4,1,0,0,0,0,0,0,0,0,,
K05,2018-10-12,S1,Xanthophyllum flavescens,Xanthophyllum flavescens,0,1,0,0,0,0,0,0,0,0,,
K05,2018-10-12,S1,Aglaia canarana,Aglaia canarana,0,1,0,0,0,0,0,0,0,0,,
K05,2018-10-12,S1,Actinodaphne malabaricum,Actinodaphne malabarica,7,5,1,3,0,0,0,0,0,0,,
K05,2018-10-12,S1,Vateria indica,Vateria indica,1,1,0,0,0,0,0,0,0,0,,
K05,2018-10-12,S1,Leea indica,Leea indica,1,4,0,0,0,0,0,0,0,0,,
K05,2018-10-12,S1,Maesopsis eminii,Maesopsis eminii,0,1,0,0,0,0,0,0,0,0,,
K05,2018-10-12,S1,Persea macarantha,Persea macrantha,0,1,0,0,0,0,0,0,0,0,,
K05,2018-10-12,S1,Holigarna nigra,Holigarna nigra,2,0,0,0,0,0,0,0,0,0,,
K05,2018-10-12,S1,Elaeocarpus tuberculatus,Elaeocarpus tuberculatus,0,1,0,0,0,0,0,0,0,0,,
K05,2018-10-12,S1,Drypetes wightii,Drypetes wightii,0,1,0,0,0,0,0,0,0,0,,
K05,2018-10-12,S1,Diospyros sylvatica,Diospyros sylvatica,6,0,0,0,0,0,0,0,0,0,,
J05,2018-10-12,S1,Actinodaphne malabaricum,Actinodaphne malabarica,6,6,1,0,0,0,0,0,0,0,,
J05,2018-10-12,S1,Turpinia malabarica,Turpinia malabarica,2,1,0,0,0,0,0,0,0,0,,
J05,2018-10-12,S1,Leea indica,Leea indica,2,2,0,0,0,0,0,0,0,0,,
J05,2018-10-12,S1,Vateria indica,Vateria indica,0,1,0,0,0,0,0,0,0,0,,
J05,2018-10-12,S1,Holigarna nigra,Holigarna nigra,1,0,0,0,0,0,0,0,0,0,,
J05,2018-10-12,S1,Glochidion malabaricum,Glochidion malabaricum,0,1,0,0,0,0,0,0,0,0,,
K04,2018-10-12,S1,Actinodaphne malabaricum,Actinodaphne malabarica,10,1,0,0,0,0,0,0,0,0,,
K04,2018-10-12,S1,Turpinia malabarica,Turpinia malabarica,6,0,0,0,0,0,0,0,0,0,,
K04,2018-10-12,S1,Vateria indica,Vateria indica,46,4,0,0,0,0,0,0,0,0,,
K04,2018-10-12,S1,Clerodendrum viscosum,Clerodendrum infortunatum,8,19,0,0,0,0,0,0,0,0,,
K04,2018-10-12,S1,Chionanthus courtallensis,Chionanthus courtallensis,0,1,0,0,0,0,0,0,0,0,,
K04,2018-10-12,S1,Heynea trijuga,Heynea trijuga,0,1,0,0,0,0,0,0,0,0,,
K04,2018-10-12,S1,Xanthophyllum flavescens,Xanthophyllum flavescens,4,0,0,0,0,0,0,0,0,0,,
K04,2018-10-12,S1,Diospyros sylvatica,Diospyros sylvatica,3,2,0,0,0,0,0,0,0,0,,
K04,2018-10-12,S1,Glochidion malabaricum,Glochidion malabaricum,1,1,0,0,0,0,0,0,0,0,,
K04,2018-10-12,S1,Syzygium densiflorum,Syzygium densiflorum,3,1,0,0,0,0,0,0,0,0,,
K04,2018-10-12,S1,Leea indica,Leea indica,2,1,0,0,0,0,0,0,0,0,,
K04,2018-10-12,S1,Garcinia gummi-gutta,Garcinia gummi-gutta,2,0,0,0,0,0,0,0,0,0,,
K04,2018-10-12,S1,Vernonia arborea,Vernonia arborea,1,1,0,0,0,0,0,0,0,0,,
K04,2018-10-12,S1,Aporosa acuminata,Aporosa indoacuminata,1,0,0,0,0,0,0,0,0,0,,
K04,2018-10-12,S1,Litsea floribunda,Litsea floribunda,2,0,0,0,0,0,0,0,0,0,,
K04,2018-10-12,S1,Drypetes malabarica,Drypetes malabarica,2,0,0,0,0,0,0,0,0,0,,
K04,2018-10-12,S1,Coffee canephora,Coffea canephora,3,0,0,0,0,0,0,0,0,0,,
K04,2018-10-12,S1,Memecylon sp.,Memecylon sp.,1,0,0,0,0,0,0,0,0,0,,
K04,2018-10-12,S1,Holigarna nigra,Holigarna nigra,3,0,0,0,0,0,0,0,0,0,,
K04,2018-10-12,S1,Diospyros panniculata,Diospyros paniculata,1,0,0,0,0,0,0,0,0,0,,
J04,2018-10-12,S1,Leea indica,Leea indica,1,0,0,0,0,0,0,0,0,0,,
J04,2018-10-12,S1,Turpinia malabarica,Turpinia malabarica,4,1,0,0,0,0,0,0,0,0,,
J04,2018-10-12,S1,Vateria indica,Vateria indica,31,1,1,0,0,0,0,0,0,0,,
J04,2018-10-12,S1,Actinodaphne malabaricum,Actinodaphne malabarica,2,0,0,0,0,0,0,0,0,0,,
J04,2018-10-12,S1,Holigarna nigra,Holigarna nigra,12,0,0,0,0,0,0,0,0,0,,
J04,2018-10-12,S1,Xanthophyllum flavescens,Xanthophyllum flavescens,1,0,0,0,0,0,0,0,0,0,,
J04,2018-10-12,S1,Vernonia arborea,Vernonia arborea,3,0,0,0,0,0,0,0,0,0,,
J04,2018-10-12,S1,Memecylon sp.,Memecylon sp.,1,0,0,0,0,0,0,0,0,0,,
J04,2018-10-12,S1,Cinnamomum malabathrum,Cinnamomum malabatrum,1,0,0,0,0,0,0,0,0,0,,
J04,2018-10-12,S1,Elaeocarpus tuberculatus,Elaeocarpus tuberculatus,1,0,0,0,0,0,0,0,0,0,,
I05,2018-10-12,S1,Cinnamomum malabathrum,Cinnamomum malabatrum,10,19,0,6,0,0,0,0,0,0,,
I05,2018-10-12,S1,Aglaia canarana,Aglaia canarana,3,1,0,0,0,0,0,0,0,0,,
I05,2018-10-12,S1,Leea indica,Leea indica,1,3,0,0,0,0,0,0,0,0,,
I05,2018-10-12,S1,Actinodaphne malabaricum,Actinodaphne malabarica,7,1,0,0,0,0,0,0,0,0,,
I05,2018-10-12,S1,Garcinia gummi-gutta,Garcinia gummi-gutta,2,1,0,0,0,0,0,0,0,0,,
I05,2018-10-12,S1,Heynea trijuga,Heynea trijuga,2,0,0,0,0,0,0,0,0,0,,
I05,2018-10-12,S1,Diospyros sylvatica,Diospyros sylvatica,1,1,0,0,0,0,0,0,0,0,,
I05,2018-10-12,S1,Holigarna nigra,Holigarna nigra,3,0,0,0,0,0,0,0,0,0,,
I05,2018-10-12,S1,Artocarpus heterophyllus,Artocarpus heterophyllus,2,0,1,0,0,0,0,0,0,0,,
I05,2018-10-12,S1,Glochidion malabaricum,Glochidion malabaricum,0,1,0,0,0,0,0,0,0,0,,
I05,2018-10-12,S1,Antidesma menausa,Antidesma menasu,0,1,0,0,0,0,0,0,0,0,,
I05,2018-10-12,S1,Vateria indica,Vateria indica,1,0,0,0,0,0,0,0,0,0,,
H05,2018-10-12,S1,Semecarpus travancorica,Semecarpus travancoricus,0,1,0,0,0,0,0,0,0,0,,
H05,2018-10-12,S1,Turpinia malabarica,Turpinia malabarica,3,3,0,0,0,0,0,0,0,0,,
H05,2018-10-12,S1,Diospyros sylvatica,Diospyros sylvatica,1,12,0,0,0,0,0,0,0,0,,
H05,2018-10-12,S1,Actinodaphne malabaricum,Actinodaphne malabarica,2,0,0,0,0,0,0,0,0,0,,
H05,2018-10-12,S1,Cinnamomum malabathrum,Cinnamomum malabatrum,1,3,0,0,0,0,0,0,0,0,,
H05,2018-10-12,S1,Artocarpus heterophyllus,Artocarpus heterophyllus,0,1,0,0,0,0,0,0,0,0,,
H05,2018-10-12,S1,Coffee canephora,Coffea canephora,2,2,0,0,0,0,0,0,0,0,,
H05,2018-10-12,S1,Litsea oleiodes,Litsea nigrescens,0,0,1,0,0,0,0,0,0,0,,
H05,2018-10-12,S1,Holigarna nigra,Holigarna nigra,4,0,0,0,0,0,0,0,0,0,,
H05,2018-10-12,S1,Persea macarantha,Persea macrantha,1,0,0,0,0,0,0,0,0,0,,
H05,2018-10-12,S1,Elaeocarpus tuberculatus,Elaeocarpus tuberculatus,0,2,0,0,0,0,0,0,0,0,,
H05,2018-10-12,S1,Cryptocarya anamalayana,Cryptocarya anamalayana,1,0,0,0,0,0,0,0,0,0,,
H05,2018-10-12,S1,Xanthophyllum flavescens,Xanthophyllum flavescens,2,0,0,0,0,0,0,0,0,0,,
H05,2018-10-12,S1,Antidesma menausa,Antidesma menasu,0,0,0,1,0,0,0,0,0,0,,
H05,2018-10-12,S1,Syzygium densiflorum,Syzygium densiflorum,0,1,0,0,0,0,0,0,0,0,,
H05,2018-10-12,S1,Drypetes malabarica,Drypetes malabarica,5,0,0,0,0,0,0,0,0,0,,
H05,2018-10-12,S1,Vernonia arborea,Vernonia arborea,1,1,0,0,0,0,0,0,0,0,,
H05,2018-10-12,S1,Cinnamomum malabathrum,Cinnamomum malabatrum,1,0,0,0,0,0,0,0,0,0,,
H05,2018-10-12,S1,Dimocarpus longan,Dimocarpus longan,1,0,0,0,0,0,0,0,0,0,,
H05,2018-10-12,S1,Drypetes wightii,Drypetes wightii,1,0,0,0,0,0,0,0,0,0,,
H05,2018-10-12,S1,Meliosma simplicifolia,Meliosma simplicifolia,0,1,0,0,0,0,0,0,0,0,,
L05,2018-10-12,S1,Chionanthus courtallensis,Chionanthus courtallensis,3,1,0,0,0,0,0,0,0,0,,
L05,2018-10-12,S1,Vernonia arborea,Vernonia arborea,1,5,0,0,0,0,0,0,0,0,,
L05,2018-10-12,S1,Diospyros sylvatica,Diospyros sylvatica,2,5,0,0,0,0,0,0,0,0,,
L05,2018-10-12,S1,Vateria indica,Vateria indica,2,1,0,0,0,0,0,0,0,0,,
L05,2018-10-12,S1,Turpinia malabarica,Turpinia malabarica,10,2,0,0,0,0,0,0,0,0,,
L05,2018-10-12,S1,Clerodendrum viscosum,Clerodendrum infortunatum,0,3,0,0,0,0,0,0,0,0,,
L05,2018-10-12,S1,Glochidion malabaricum,Glochidion malabaricum,1,2,0,0,0,0,0,0,0,0,,
L05,2018-10-12,S1,Olea dioica,Olea dioica,0,1,0,0,0,0,0,0,0,0,,
L05,2018-10-12,S1,Syzygium densiflorum,Syzygium densiflorum,40,2,0,0,0,0,0,0,0,0,,
L05,2018-10-12,S1,Meiogyne pannosa,Meiogyne pannosa,1,1,0,0,0,0,0,0,0,0,,
L05,2018-10-12,S1,Litsea coriacea,Litsea coriacea,2,0,0,0,0,0,0,0,0,0,,
L05,2018-10-12,S1,Actinodaphne malabaricum,Actinodaphne malabarica,20,1,0,0,0,0,0,0,0,0,,
L05,2018-10-12,S1,Xanthophyllum flavescens,Xanthophyllum flavescens,2,0,0,0,0,0,0,0,0,0,,
L05,2018-10-12,S1,Otonephelium stipulaceum,Otonephelium stipulaceum,4,1,0,0,0,0,0,0,0,0,,
L05,2018-10-12,S1,Litsea oleiodes,Litsea nigrescens,10,0,0,0,0,0,0,0,0,0,,
L05,2018-10-12,S1,Leea indica,Leea indica,3,0,0,0,0,0,0,0,0,0,,
L05,2018-10-12,S1,Heynea trijuga,Heynea trijuga,1,0,0,0,0,0,0,0,0,0,,
L05,2018-10-12,S1,Litsea floribunda,Litsea floribunda,2,0,0,0,0,0,0,0,0,0,,
L05,2018-10-12,S1,Drypetes wightii,Drypetes wightii,0,1,0,0,0,0,0,0,0,0,,
L05,2018-10-12,S1,Holigarna nigra,Holigarna nigra,6,0,0,0,0,0,0,0,0,0,,
L05,2018-10-12,S1,Psychotria anamallayana,Psychotria anamallayana,1,0,0,0,0,0,0,0,0,0,,
L05,2018-10-12,S1,Aglaia canarana,Aglaia canarana,1,1,0,0,0,0,0,0,0,0,,
L05,2018-10-12,S1,Palaquium ellipticum,Palaquium ellipticum,1,0,0,0,0,0,0,0,0,0,,
I08,2018-10-10,S1,Leea indica,Leea indica,0,1,0,0,0,0,0,0,0,0,,
I08,2018-10-10,S1,Artocarpus heterophyllus,Artocarpus heterophyllus,0,1,0,0,0,0,0,0,0,0,,
I08,2018-10-10,S1,Diospyros sylvatica,Diospyros sylvatica,0,2,0,0,0,0,0,0,0,0,,
I08,2018-10-10,S1,Cinnamomum malabathrum,Cinnamomum malabatrum,1,1,0,0,0,0,0,0,0,0,,
I08,2018-10-10,S1,Prunus ceylanica,Prunus ceylanica,0,1,0,0,0,0,0,0,0,0,,
H08,2018-10-10,S1,Litsea oleiodes,Litsea nigrescens,3,0,0,0,0,0,0,0,0,0,,
H08,2018-10-10,S1,Meiogyne pannosa,Meiogyne pannosa,0,2,0,1,0,0,0,0,0,0,,
H08,2018-10-10,S1,Actinodaphne malabaricum,Actinodaphne malabarica,0,0,0,0,0,0,0,0,0,0,,
J08,2018-10-10,S1,Vateria indica,Vateria indica,5,13,0,0,0,0,0,0,0,0,,
J08,2018-10-10,S1,Litsea oleiodes,Litsea nigrescens,7,5,0,0,0,0,0,0,0,0,,
J08,2018-10-10,S1,Spathodea campanulata,Spathodea campanulata,0,1,0,0,0,0,0,0,0,0,,
J08,2018-10-10,S1,Diospyros sylvatica,Diospyros sylvatica,0,1,0,0,0,0,0,0,0,0,,
J08,2018-10-10,S1,Leea indica,Leea indica,1,0,0,0,0,0,0,0,0,0,,
J08,2018-10-10,S1,Turpinia malabarica,Turpinia malabarica,1,0,0,0,0,0,0,0,0,0,,
J08,2018-10-10,S1,Actinodaphne malabaricum,Actinodaphne malabarica,2,0,0,0,0,0,0,0,0,0,,
J08,2018-10-10,S1,Maesopsis eminii,Maesopsis eminii,0,1,0,0,0,0,0,0,0,0,,
J08,2018-10-10,S1,Palaquium ellipticum,Palaquium ellipticum,1,0,0,0,0,0,0,0,0,0,,
L08,2018-10-10,S1,Calophyllum polyanthum,Calophyllum polyanthum,1,0,0,0,0,0,0,0,0,0,,
L08,2018-10-10,S1,Turpinia malabarica,Turpinia malabarica,12,7,0,0,0,0,0,0,0,0,,
L08,2018-10-10,S1,Heynea trijuga,Heynea trijuga,1,0,0,0,0,0,0,0,0,0,,
L08,2018-10-10,S1,Psychotria anamallayana,Psychotria anamallayana,1,0,0,0,0,0,0,0,0,0,,
L08,2018-10-10,S1,Maesopsis eminii,Maesopsis eminii,0,6,0,0,0,0,0,0,0,0,,
L08,2018-10-10,S1,Vateria indica,Vateria indica,0,1,0,0,0,0,0,0,0,0,,
L08,2018-10-10,S1,Beilschmiedia wightii,Beilschmiedia wightii,0,2,0,0,0,0,0,0,0,0,,
L08,2018-10-10,S1,Chionanthus courtallensis,Chionanthus courtallensis,0,3,0,0,0,0,0,0,0,0,,
L08,2018-10-10,S1,Dysoxylum malabaricum,Dysoxylum malabaricum,0,1,0,0,0,0,0,0,0,0,,
L08,2018-10-10,S1,Melicope lunu-ankenda,Euodia lunu-ankenda,0,2,0,0,0,0,0,0,0,0,,
L08,2018-10-10,S1,Aglaia canarana,Aglaia canarana,1,4,0,0,0,0,0,0,0,0,,
L08,2018-10-10,S1,Actinodaphne malabaricum,Actinodaphne malabarica,0,4,0,1,0,0,0,0,0,0,,
L08,2018-10-10,S1,Leea indica,Leea indica,1,2,0,0,0,0,0,0,0,0,,
L08,2018-10-10,S1,Antidesma menausa,Antidesma menasu,1,3,0,0,0,0,0,0,0,0,,
L08,2018-10-10,S1,Persea macarantha,Persea macrantha,0,2,0,0,0,0,0,0,0,0,,
L08,2018-10-10,S1,Glochidion malabaricum,Glochidion malabaricum,2,1,0,0,0,0,0,0,0,0,,
L08,2018-10-10,S1,Paracroton pendulus,Paracroton pendulus,1,0,0,0,0,0,0,0,0,0,,
L08,2018-10-10,S1,Myristica dactyloides,Myristica beddomei,0,1,0,0,0,0,0,0,0,0,,
L08,2018-10-10,S1,Clerodendrum viscosum,Clerodendrum infortunatum,1,1,0,0,0,0,0,0,0,0,,
L08,2018-10-10,S1,Meiogyne pannosa,Meiogyne pannosa,1,2,0,0,0,0,0,0,0,0,,
L08,2018-10-10,S1,Litsea coriacea,Litsea coriacea,0,1,0,0,0,0,0,0,0,0,,
L08,2018-10-10,S1,Heynea trijuga,Heynea trijuga,2,0,0,0,0,0,0,0,0,0,,
L08,2018-10-10,S1,Breynia vitis-idaea,Breynia vitis-idaea,1,0,0,0,0,0,0,0,0,0,,
L08,2018-10-10,S1,Unidentified,Unidentified,0,1,0,0,0,0,0,0,0,0,,
M07,2018-10-10,S1,Diospyros ghatensis,Diospyros ghatensis,1,1,0,0,0,0,0,0,0,0,,
M07,2018-10-10,S1,Leea indica,Leea indica,1,7,0,0,0,0,0,0,0,0,,
M07,2018-10-10,S1,Glochidion malabaricum,Glochidion malabaricum,3,3,0,0,0,0,0,0,0,0,,
M07,2018-10-10,S1,Actinodaphne malabaricum,Actinodaphne malabarica,0,1,0,0,0,0,0,0,0,0,,
M07,2018-10-10,S1,Maesopsis eminii,Maesopsis eminii,0,1,0,0,0,0,0,0,0,0,,
M07,2018-10-10,S1,Xanthophyllum flavescens,Xanthophyllum flavescens,0,1,0,0,0,0,0,0,0,0,,
M07,2018-10-10,S1,Drypetes wightii,Drypetes wightii,22,0,0,0,0,0,0,0,0,0,,
M07,2018-10-10,S1,Antidesma menausa,Antidesma menasu,0,1,0,0,0,0,0,0,0,0,,
M07,2018-10-10,S1,Epiprinus mallotiformis,Epiprinus mallotiformis,0,1,0,0,0,0,0,0,0,0,,
M07,2018-10-10,S1,Psychotria anamallayana,Psychotria anamallayana,1,0,0,0,0,0,0,0,0,0,,
M07,2018-10-10,S1,Turpinia malabarica,Turpinia malabarica,1,2,0,0,0,0,0,0,0,0,,
M07,2018-10-10,S1,Chionanthus courtallensis,Chionanthus courtallensis,0,1,0,0,0,0,0,0,0,0,,
K07,2018-10-10,S1,Paracroton pendulus,Paracroton pendulus,4,2,0,0,0,0,0,0,0,0,,
K07,2018-10-10,S1,Poeciloneuron indicum,Poeciloneuron indicum,0,1,0,0,0,0,0,0,0,0,,
K07,2018-10-10,S1,Diospyros ghatensis,Diospyros ghatensis,0,1,0,0,0,0,0,0,0,0,,
K07,2018-10-10,S1,Vernonia arborea,Vernonia arborea,3,2,0,0,0,0,0,0,0,0,,
K07,2018-10-10,S1,Garcinia gummi-gutta,Garcinia gummi-gutta,5,0,0,0,0,0,0,0,0,0,,
K07,2018-10-10,S1,Myristica dactyloides,Myristica beddomei,1,0,0,0,0,0,0,0,0,0,,
K07,2018-10-10,S1,Mesua ferrea,Mesua ferrea,3,0,0,0,0,0,0,0,0,0,,
K07,2018-10-10,S1,Diospyros sylvatica,Diospyros sylvatica,7,1,0,0,0,0,0,0,0,0,,
K07,2018-10-10,S1,Turpinia malabarica,Turpinia malabarica,36,2,0,0,0,0,0,0,0,0,,
K07,2018-10-10,S1,Artocarpus heterophyllus,Artocarpus heterophyllus,5,1,0,0,0,0,0,0,0,0,,
K07,2018-10-10,S1,Palaquium ellipticum,Palaquium ellipticum,2,0,0,0,0,0,0,0,0,0,,
K07,2018-10-10,S1,Xanthophyllum flavescens,Xanthophyllum flavescens,2,2,0,0,0,0,0,0,0,0,,
K07,2018-10-10,S1,Litsea oleiodes,Litsea nigrescens,1,0,0,0,0,0,0,0,0,0,,
K07,2018-10-10,S1,Actinodaphne malabaricum,Actinodaphne malabarica,1,1,0,0,0,0,0,0,0,0,,
K07,2018-10-10,S1,Coffee canephora,Coffea canephora,0,1,0,0,0,0,0,0,0,0,,
K07,2018-10-10,S1,Holigarna nigra,Holigarna nigra,2,2,1,0,0,0,0,0,0,0,,
K07,2018-10-10,S1,Vateria indica,Vateria indica,1,0,0,0,0,0,0,0,0,0,,
K07,2018-10-10,S1,Drypetes wightii,Drypetes wightii,0,5,0,0,0,0,0,0,0,0,,
K07,2018-10-10,S1,Palaquium ravii,Palaquium ravii,0,1,0,0,0,0,0,0,0,0,,
K07,2018-10-10,S1,Leea indica,Leea indica,0,2,0,0,0,0,0,0,0,0,,
K07,2018-10-10,S1,Cinnamomum malabathrum,Cinnamomum malabatrum,2,0,0,0,0,0,0,0,0,0,,
K07,2018-10-10,S1,Otonephelium stipulaceum,Otonephelium stipulaceum,1,0,0,0,0,0,0,0,0,0,,
K07,2018-10-10,S1,Dimocarpus longan,Dimocarpus longan,0,2,0,0,0,0,0,0,0,0,,
J07,2018-10-10,S1,Vateria indica,Vateria indica,0,6,0,2,0,0,0,0,0,0,,
J07,2018-10-10,S1,Diospyros panniculata,Diospyros paniculata,0,1,0,0,0,0,0,0,0,0,,
I07,2018-10-10,S1,Actinodaphne malabaricum,Actinodaphne malabarica,0,5,0,0,0,0,0,0,0,0,,
I07,2018-10-10,S1,Leea indica,Leea indica,0,2,0,0,0,0,0,0,0,0,,
I07,2018-10-10,S1,Cinnamomum malabathrum,Cinnamomum malabatrum,0,1,0,0,0,0,0,0,0,0,,
I07,2018-10-10,S1,Gliricidia sepium,Gliricidia sepium,0,4,0,0,0,0,0,0,0,0,,
I07,2018-10-10,S1,Lantana camara,Lantana camara,0,4,0,0,0,0,0,0,0,0,,
L07,2018-10-10,S1,Turpinia malabarica,Turpinia malabarica,4,23,0,0,0,0,0,0,0,0,,
L07,2018-10-10,S1,Cinnamomum malabathrum,Cinnamomum malabatrum,0,1,0,0,0,0,0,0,0,0,,
L07,2018-10-10,S1,Glochidion malabaricum,Glochidion malabaricum,4,1,0,0,0,0,0,0,0,0,,
L07,2018-10-10,S1,Drypetes wightii,Drypetes wightii,2,1,0,0,0,0,0,0,0,0,,
L07,2018-10-10,S1,Holigarna nigra,Holigarna nigra,1,0,0,0,0,0,0,0,0,0,,
L07,2018-10-10,S1,Litsea floribunda,Litsea floribunda,1,0,0,0,0,0,0,0,0,0,,
L07,2018-10-10,S1,Heynea trijuga,Heynea trijuga,7,0,0,0,0,0,0,0,0,0,,
L07,2018-10-10,S1,Xanthophyllum flavescens,Xanthophyllum flavescens,6,0,0,0,0,0,0,0,0,0,,
L07,2018-10-10,S1,Croton zeylanicus,Croton zeylanicus,1,0,0,0,0,0,0,0,0,0,,
L07,2018-10-10,S1,Palaquium ellipticum,Palaquium ellipticum,6,4,0,0,0,0,0,0,0,0,,
L07,2018-10-10,S1,Olea dioica,Olea dioica,1,0,0,0,0,0,0,0,0,0,,
L07,2018-10-10,S1,Actinodaphne malabaricum,Actinodaphne malabarica,5,0,0,0,0,0,0,0,0,0,,
L07,2018-10-10,S1,Otonephelium stipulaceum,Otonephelium stipulaceum,4,0,0,0,0,0,0,0,0,0,,
L07,2018-10-10,S1,Chionanthus courtallensis,Chionanthus courtallensis,0,4,0,0,0,0,0,0,0,0,,
L07,2018-10-10,S1,Persea macarantha,Persea macrantha,1,0,0,0,0,0,0,0,0,0,,
L07,2018-10-10,S1,Beilschmiedia wightii,Beilschmiedia wightii,3,0,0,0,0,0,0,0,0,0,,
L07,2018-10-10,S1,Prunus ceylanica,Prunus ceylanica,1,1,0,0,0,0,0,0,0,0,,
L07,2018-10-10,S1,Meiogyne pannosa,Meiogyne pannosa,0,1,0,0,0,0,0,0,0,0,,
L07,2018-10-10,S1,Litsea oleiodes,Litsea nigrescens,2,0,0,0,0,0,0,0,0,0,,
L07,2018-10-10,S1,Garcinia gummi-gutta,Garcinia gummi-gutta,4,1,0,0,0,0,0,0,0,0,,
L07,2018-10-10,S1,Coffee canephora,Coffea canephora,0,2,0,0,0,0,0,0,0,0,,
L07,2018-10-10,S1,Maesopsis eminii,Maesopsis eminii,0,3,0,0,0,0,0,0,0,0,,
L07,2018-10-10,S1,Leea indica,Leea indica,0,1,0,0,0,0,0,0,0,0,,
L07,2018-10-10,S1,Aglaia canarana,Aglaia canarana,0,1,0,0,0,0,0,0,0,0,,
L07,2018-10-10,S1,Myristica dactyloides,Myristica beddomei,0,1,0,0,0,0,0,0,0,0,,
L07,2018-10-10,S1,Antidesma menausa,Antidesma menasu,1,0,0,0,0,0,0,0,0,0,,
L07,2018-10-10,S1,Dysoxylum malabaricum,Dysoxylum malabaricum,0,1,0,0,0,0,0,0,0,0,,
L07,2018-10-10,S1,Vernonia arborea,Vernonia arborea,0,1,0,0,0,0,0,0,0,0,,
K08,2018-10-10,S1,Leea indica,Leea indica,11,3,0,0,0,0,0,0,0,0,,
K08,2018-10-10,S1,Glochidion malabaricum,Glochidion malabaricum,22,0,0,1,0,0,0,0,0,0,,
K08,2018-10-10,S1,Macaranga indica,Macaranga indica,1,0,0,0,0,0,0,0,0,0,,
K08,2018-10-10,S1,Actinodaphne malabaricum,Actinodaphne malabarica,2,0,0,0,0,0,0,0,0,0,,
K08,2018-10-10,S1,Breynia vitis-idaea,Breynia vitis-idaea,1,0,0,0,0,0,0,0,0,0,,
K08,2018-10-10,S1,Antidesma menausa,Antidesma menasu,0,1,0,0,0,0,0,0,0,0,,
K08,2018-10-10,S1,Litsea oleiodes,Litsea nigrescens,1,0,0,0,0,0,0,0,0,0,,
M08,2018-10-09,S1,Actinodaphne malabaricum,Actinodaphne malabarica,0,1,0,1,0,0,0,0,0,0,,
M08,2018-10-09,S1,Leea indica,Leea indica,0,2,0,0,0,0,0,0,0,0,,
M08,2018-10-09,S1,Aglaia canarana,Aglaia canarana,0,3,0,0,0,0,0,0,0,0,,
M08,2018-10-09,S1,Heynea trijuga,Heynea trijuga,0,1,0,0,0,0,0,0,0,0,,
M08,2018-10-09,S1,Epiprinus mallotiformis,Epiprinus mallotiformis,0,1,0,0,0,0,0,0,0,0,,
M08,2018-10-09,S1,Beilschmiedia wightii,Beilschmiedia wightii,1,1,0,0,0,0,0,0,0,0,,
M08,2018-10-09,S1,Turpinia malabarica,Turpinia malabarica,0,1,0,0,0,0,0,0,0,0,,
M08,2018-10-09,S1,Paracroton pendulus,Paracroton pendulus,0,1,0,0,0,0,0,0,0,0,,
N08,2018-10-09,S1,Psychotria anamallayana,Psychotria anamallayana,0,1,0,0,0,0,0,0,0,0,,
N08,2018-10-09,S1,Leea indica,Leea indica,0,1,0,0,0,0,0,0,0,0,,
N08,2018-10-09,S1,Litsea floribunda,Litsea floribunda,1,1,0,0,0,0,0,0,0,0,,
N08,2018-10-09,S1,Otonephelium stipulaceum,Otonephelium stipulaceum,46,9,0,0,0,0,0,0,0,0,,
N08,2018-10-09,S1,Turpinia malabarica,Turpinia malabarica,3,0,0,0,0,0,0,0,0,0,,
N08,2018-10-09,S1,Meiogyne pannosa,Meiogyne pannosa,0,1,0,0,0,0,0,0,0,0,,
N08,2018-10-09,S1,Aglaia canarana,Aglaia canarana,1,5,0,0,0,0,0,0,0,0,,
N08,2018-10-09,S1,Glochidion malabaricum,Glochidion malabaricum,4,7,0,0,0,0,0,0,0,0,,
N08,2018-10-09,S1,Drypetes wightii,Drypetes wightii,2,1,0,0,0,0,0,0,0,0,,
N08,2018-10-09,S1,Actinodaphne malabaricum,Actinodaphne malabarica,2,1,0,0,0,0,0,0,0,0,,
N08,2018-10-09,S1,Litsea oleiodes,Litsea nigrescens,0,2,0,0,0,0,0,0,0,0,,
N08,2018-10-09,S1,Garcinia gummi-gutta,Garcinia gummi-gutta,0,1,0,0,0,0,0,0,0,0,,
N08,2018-10-09,S1,Calophyllum sp.,Calophyllum sp.,0,2,0,0,0,0,0,0,0,0,,
N08,2018-10-09,S1,Beilschmiedia wightii,Beilschmiedia wightii,1,1,0,0,0,0,0,0,0,0,,
N08,2018-10-09,S1,Maesopsis eminii,Maesopsis eminii,0,1,0,0,0,0,0,0,0,0,,
N08,2018-10-09,S1,Myristica dactyloides,Myristica beddomei,0,1,0,0,0,0,0,0,0,0,,
N08,2018-10-09,S1,Holigarna nigra,Holigarna nigra,1,0,0,0,0,0,0,0,0,0,,
N08,2018-10-09,S1,Psidium guajava,Psidium guajava,1,0,0,0,0,0,0,0,0,0,,
O08,2018-10-09,S1,Melicope lunu-ankenda,Euodia lunu-ankenda,2,3,0,0,0,0,0,0,0,0,,
O08,2018-10-09,S1,Litsea coriacea,Litsea coriacea,0,1,0,0,0,0,0,0,0,0,,
O08,2018-10-09,S1,Heynea trijuga,Heynea trijuga,2,0,1,0,0,0,0,0,0,0,,
O08,2018-10-09,S1,Leea indica,Leea indica,1,0,0,0,0,0,0,0,0,0,,
O08,2018-10-09,S1,Glochidion malabaricum,Glochidion malabaricum,1,0,0,0,0,0,0,0,0,0,,
O08,2018-10-09,S1,Psychotria anamallayana,Psychotria anamallayana,0,1,0,0,0,0,0,0,0,0,,
O08,2018-10-09,S1,Actinodaphne malabaricum,Actinodaphne malabarica,0,2,0,0,0,0,0,0,0,0,,
O08,2018-10-09,S1,Olea dioica,Olea dioica,0,2,0,0,0,0,0,0,0,0,,
O08,2018-10-09,S1,Spathodea campanulata,Spathodea campanulata,0,0,1,0,0,0,0,0,0,0,,
N09,2018-10-09,S1,Villebrunia integrifolia,Villebrunea integrifolia,1,1,0,0,0,0,0,0,0,0,,
N09,2018-10-09,S1,Glochidion malabaricum,Glochidion malabaricum,0,4,1,1,0,0,0,0,0,0,,
N09,2018-10-09,S1,Semecarpus travancorica,Semecarpus travancoricus,7,0,1,0,0,0,0,0,0,0,,
N09,2018-10-09,S1,Canarium strictum,Canarium strictum,2,0,0,0,0,0,0,0,0,0,,
N09,2018-10-09,S1,Persea macarantha,Persea macrantha,2,1,1,0,0,0,0,0,0,0,,
N09,2018-10-09,S1,Otonephelium stipulaceum,Otonephelium stipulaceum,2,0,0,0,0,0,0,0,0,0,,
N09,2018-10-09,S1,Drypetes wightii,Drypetes wightii,3,0,0,0,0,0,0,0,0,0,,
N09,2018-10-09,S1,Actinodaphne malabaricum,Actinodaphne malabarica,3,4,0,0,0,0,0,0,0,0,,
N09,2018-10-09,S1,Leea indica,Leea indica,3,3,0,0,0,0,0,0,0,0,,
N09,2018-10-09,S1,Syzygium densiflorum,Syzygium densiflorum,0,1,0,0,0,0,0,0,0,0,,
N09,2018-10-09,S1,Aporosa acuminata,Aporosa indoacuminata,0,3,0,0,0,0,0,0,0,0,,
N09,2018-10-09,S1,Psychotria anamallayana,Psychotria anamallayana,3,6,0,0,0,0,0,0,0,0,,
N09,2018-10-09,S1,Myristica dactyloides,Myristica beddomei,0,1,0,0,0,0,0,0,0,0,,
N09,2018-10-09,S1,Vateria indica,Vateria indica,5,0,1,0,0,0,0,0,0,0,,
N09,2018-10-09,S1,Epiprinus mallotiformis,Epiprinus mallotiformis,0,1,0,0,0,0,0,0,0,0,,
N09,2018-10-09,S1,Chionanthus courtallensis,Chionanthus courtallensis,0,3,0,0,0,0,0,0,0,0,,
N09,2018-10-09,S1,Dendrocnide sinuata,Dendrocnide sinuata,1,2,0,0,0,0,0,0,0,0,,
N09,2018-10-09,S1,Litsea coriacea,Litsea coriacea,2,1,0,0,0,0,0,0,0,0,,
N09,2018-10-09,S1,Litsea floribunda,Litsea floribunda,1,0,0,0,0,0,0,0,0,0,,
N09,2018-10-09,S1,Aglaia canarana,Aglaia canarana,1,1,0,0,0,0,0,0,0,0,,
N09,2018-10-09,S1,Dysoxylum binectariferum,Dysoxylum gotadhora,1,0,0,0,0,0,0,0,0,0,,
N09,2018-10-09,S1,Holigarna nigra,Holigarna nigra,1,0,0,0,0,0,0,0,0,0,,
N09,2018-10-09,S1,Meiogyne pannosa,Meiogyne pannosa,0,1,0,0,0,0,0,0,0,0,,
N09,2018-10-09,S1,Artocarpus heterophyllus,Artocarpus heterophyllus,1,0,0,0,0,0,0,0,0,0,,
M09,2018-10-09,S1,Litsea floribunda,Litsea floribunda,1,0,0,0,0,0,0,0,0,0,,
M09,2018-10-09,S1,Glochidion malabaricum,Glochidion malabaricum,3,1,0,0,0,0,0,0,0,0,,
M09,2018-10-09,S1,Leea indica,Leea indica,1,4,0,0,0,0,0,0,0,0,,
M09,2018-10-09,S1,Breynia vitis-idaea,Breynia vitis-idaea,2,0,0,0,0,0,0,0,0,0,,
M09,2018-10-09,S1,Maesopsis eminii,Maesopsis eminii,1,0,0,1,0,0,0,0,0,0,,
M09,2018-10-09,S1,Ficus exasperata,Ficus exasperata,2,0,0,0,0,0,0,0,0,0,,
K09,2018-10-09,S1,Cinnamomum malabathrum,Cinnamomum malabatrum,1,1,0,0,0,0,0,0,0,0,,
K09,2018-10-09,S1,Myristica dactyloides,Myristica beddomei,1,1,0,0,0,0,0,0,0,0,,
K09,2018-10-09,S1,Actinodaphne malabaricum,Actinodaphne malabarica,3,1,0,0,0,0,0,0,0,0,,
K09,2018-10-09,S1,Glochidion malabaricum,Glochidion malabaricum,2,5,0,1,0,0,0,0,0,0,,
K09,2018-10-09,S1,Holigarna nigra,Holigarna nigra,0,1,0,0,0,0,0,0,0,0,,
K09,2018-10-09,S1,Turpinia malabarica,Turpinia malabarica,3,0,0,0,0,0,0,0,0,0,,
K09,2018-10-09,S1,Litsea oleiodes,Litsea nigrescens,1,0,0,0,0,0,0,0,0,0,,
I09,2018-10-09,S1,Litsea coriacea,Litsea coriacea,0,1,0,0,0,0,0,0,0,0,,
I09,2018-10-09,S1,Cinnamomum malabathrum,Cinnamomum malabatrum,1,1,0,0,0,0,0,0,0,0,,
I09,2018-10-09,S1,Gliricidia sepium,Gliricidia sepium,0,2,0,0,0,0,0,0,0,0,,
I09,2018-10-09,S1,Actinodaphne malabaricum,Actinodaphne malabarica,1,2,0,0,0,0,0,0,0,0,,
I09,2018-10-09,S1,Litsea oleiodes,Litsea nigrescens,0,1,0,0,0,0,0,0,0,0,,
I09,2018-10-09,S1,Aglaia canarana,Aglaia canarana,1,0,0,0,0,0,0,0,0,0,,
I09,2018-10-09,S1,Clerodendrum viscosum,Clerodendrum infortunatum,0,2,0,0,0,0,0,0,0,0,,
I09,2018-10-09,S1,Dysoxylum malabaricum,Dysoxylum malabaricum,1,0,0,0,0,0,0,0,0,0,,
I09,2018-10-09,S1,Diospyros sylvatica,Diospyros sylvatica,1,0,0,0,0,0,0,0,0,0,,
J09,2018-10-09,S1,Actinodaphne malabaricum,Actinodaphne malabarica,0,4,0,0,0,0,0,0,0,0,,
J09,2018-10-09,S1,Cinnamomum malabathrum,Cinnamomum malabatrum,0,2,0,0,0,0,0,0,0,0,,
J09,2018-10-09,S1,Lantana camara,Lantana camara,0,1,0,0,0,0,0,0,0,0,,
L09,2018-10-09,S1,Persea macarantha,Persea macrantha,2,4,0,0,0,0,0,0,0,0,,
L09,2018-10-09,S1,Artocarpus heterophyllus,Artocarpus heterophyllus,1,1,0,0,0,0,0,0,0,0,,
L09,2018-10-09,S1,Paracroton pendulus,Paracroton pendulus,0,1,0,0,0,0,0,0,0,0,,
L09,2018-10-09,S1,Drypetes malabarica,Drypetes malabarica,3,0,0,0,0,0,0,0,0,0,,
L09,2018-10-09,S1,Heynea trijuga,Heynea trijuga,20,0,1,0,0,0,0,0,0,0,,
L09,2018-10-09,S1,Vateria indica,Vateria indica,0,1,0,0,0,0,0,0,0,0,,
L09,2018-10-09,S1,Palaquium ellipticum,Palaquium ellipticum,2,1,0,0,0,0,0,0,0,0,,
L09,2018-10-09,S1,Cinnamomum malabathrum,Cinnamomum malabatrum,6,5,0,0,0,0,0,0,0,0,,
L09,2018-10-09,S1,Litsea coriacea,Litsea coriacea,9,1,0,0,0,0,0,0,0,0,,
L09,2018-10-09,S1,Litsea floribunda,Litsea floribunda,5,0,0,0,0,0,0,0,0,0,,
L09,2018-10-09,S1,Xanthophyllum flavescens,Xanthophyllum flavescens,5,1,0,0,0,0,0,0,0,0,,
L09,2018-10-09,S1,Diospyros sylvatica,Diospyros sylvatica,3,12,0,0,0,0,0,0,0,0,,
L09,2018-10-09,S1,Aglaia canarana,Aglaia canarana,8,7,1,0,0,0,0,0,0,0,,
L09,2018-10-09,S1,Litsea oleiodes,Litsea nigrescens,7,2,0,0,0,0,0,0,0,0,,
L09,2018-10-09,S1,Antidesma menausa,Antidesma menasu,4,2,0,0,0,0,0,0,0,0,,
L09,2018-10-09,S1,Actinodaphne malabaricum,Actinodaphne malabarica,3,0,1,0,0,0,0,0,0,0,,
L09,2018-10-09,S1,Glochidion malabaricum,Glochidion malabaricum,2,0,0,0,0,0,0,0,0,0,,
L09,2018-10-09,S1,Myristica dactyloides,Myristica beddomei,8,1,0,0,0,0,0,0,0,0,,
L09,2018-10-09,S1,Leea indica,Leea indica,1,0,0,0,0,0,0,0,0,0,,
L09,2018-10-09,S1,Breynia vitis-idaea,Breynia vitis-idaea,0,1,0,0,0,0,0,0,0,0,,
L09,2018-10-09,S1,Palaquium ravii,Palaquium ravii,2,0,0,0,0,0,0,0,0,0,,
L09,2018-10-09,S1,Apollonias arnottii,Apollonias arnottii,1,0,0,0,0,0,0,0,0,0,,
L09,2018-10-09,S1,Canarium strictum,Canarium strictum,1,0,0,0,0,0,0,0,0,0,,
L09,2018-10-09,S1,Dysoxylum malabaricum,Dysoxylum malabaricum,0,1,0,0,0,0,0,0,0,0,,
L09,2018-10-09,S1,Syzygium densiflorum,Syzygium densiflorum,1,0,0,0,0,0,0,0,0,0,,
L09,2018-10-09,S1,Vernonia arborea,Vernonia arborea,0,0,0,1,0,0,0,0,0,0,,
L09,2018-10-09,S1,Psychotria anamallayana,Psychotria anamallayana,1,0,0,0,0,0,0,0,0,0,,
L09,2018-10-09,S1,Mesua ferrea,Mesua ferrea,1,0,0,0,0,0,0,0,0,0,,
L09,2018-10-09,S1,Holigarna nigra,Holigarna nigra,1,0,0,0,0,0,0,0,0,0,,
L09,2018-10-09,S1,Olea dioica,Olea dioica,0,1,0,0,0,0,0,0,0,0,,
L09,2018-10-09,S1,Beilschmiedia wightii,Beilschmiedia wightii,1,0,0,0,0,0,0,0,0,0,,
M10,2018-10-08,S1,Otonephelium stipulaceum,Otonephelium stipulaceum,45,8,0,0,0,0,0,0,0,0,,
M10,2018-10-08,S1,Drypetes malabarica,Drypetes malabarica,2,0,0,0,0,0,0,0,0,0,,
M10,2018-10-08,S1,Holigarna nigra,Holigarna nigra,3,0,0,0,0,0,0,0,0,0,,
M10,2018-10-08,S1,Litsea oleiodes,Litsea nigrescens,2,0,0,0,0,0,0,0,0,0,,
M10,2018-10-08,S1,Coffee canephora,Coffea canephora,8,30,0,0,0,0,0,0,0,0,,
M10,2018-10-08,S1,Aglaia canarana,Aglaia canarana,1,0,0,0,0,0,0,0,0,0,,
M10,2018-10-08,S1,Litsea floribunda,Litsea floribunda,1,0,0,0,0,0,0,0,0,0,,
M10,2018-10-08,S1,Phoebe lanceolata,Phoebe lanceolata,0,1,0,0,0,0,0,0,0,0,,
M10,2018-10-08,S1,Turpinia malabarica,Turpinia malabarica,3,0,0,0,0,0,0,0,0,0,,
M10,2018-10-08,S1,Paracroton pendulus,Paracroton pendulus,0,2,0,0,0,0,0,0,0,0,,
M10,2018-10-08,S1,Actinodaphne malabaricum,Actinodaphne malabarica,1,0,0,0,0,0,0,0,0,0,,
M10,2018-10-08,S1,Drypetes wightii,Drypetes wightii,4,0,0,0,0,0,0,0,0,0,,
M10,2018-10-08,S1,Psychotria anamallayana,Psychotria anamallayana,1,1,0,0,0,0,0,0,0,0,,
M10,2018-10-08,S1,Dysoxylum binectariferum,Dysoxylum gotadhora,0,1,0,0,0,0,0,0,0,0,,
M10,2018-10-08,S1,Ficus exasperata,Ficus exasperata,1,0,0,0,0,0,0,0,0,0,,
M10,2018-10-08,S1,Xanthophyllum flavescens,Xanthophyllum flavescens,2,0,0,0,0,0,0,0,0,0,,
L10,2018-10-08,S1,Xanthophyllum flavescens,Xanthophyllum flavescens,0,2,0,0,0,0,0,0,0,0,,
L10,2018-10-08,S1,Diospyros sylvatica,Diospyros sylvatica,0,1,0,0,0,0,0,0,0,0,,
L10,2018-10-08,S1,Actinodaphne malabaricum,Actinodaphne malabarica,2,4,0,0,0,0,0,0,0,0,,
L10,2018-10-08,S1,Aglaia canarana,Aglaia canarana,10,9,0,0,0,0,0,0,0,0,,
L10,2018-10-08,S1,Leea indica,Leea indica,3,0,0,0,0,0,0,0,0,0,,
L10,2018-10-08,S1,Wrightia sp.,Wrightia sp.,0,1,0,0,0,0,0,0,0,0,,
L10,2018-10-08,S1,Glochidion malabaricum,Glochidion malabaricum,0,1,0,0,0,0,0,0,0,0,,
L10,2018-10-08,S1,Coffee canephora,Coffea canephora,2,3,0,0,0,0,0,0,0,0,,
L10,2018-10-08,S1,Persea macarantha,Persea macrantha,0,1,0,0,0,0,0,0,0,0,,
L10,2018-10-08,S1,Olea dioica,Olea dioica,0,2,0,0,0,0,0,0,0,0,,
L10,2018-10-08,S1,Litsea oleiodes,Litsea nigrescens,1,1,0,0,0,0,0,0,0,0,,
L10,2018-10-08,S1,Turpinia malabarica,Turpinia malabarica,1,1,0,0,0,0,0,0,0,0,,
L10,2018-10-08,S1,Beilschmiedia wightii,Beilschmiedia wightii,0,1,0,0,0,0,0,0,0,0,,
L10,2018-10-08,S1,Cinnamomum malabathrum,Cinnamomum malabatrum,0,3,0,0,0,0,0,0,0,0,,
L10,2018-10-08,S1,Vateria indica,Vateria indica,3,0,0,0,0,0,0,0,0,0,,
L10,2018-10-08,S1,Otonephelium stipulaceum,Otonephelium stipulaceum,2,0,0,0,0,0,0,0,0,0,,
L10,2018-10-08,S1,Macaranga indica,Macaranga indica,2,0,0,0,0,0,0,0,0,0,,
L10,2018-10-08,S1,Antidesma menausa,Antidesma menasu,3,0,0,0,0,0,0,0,0,0,,
L10,2018-10-08,S1,Elaeocarpus tuberculatus,Elaeocarpus tuberculatus,1,0,0,0,0,0,0,0,0,0,,
K10,2018-10-08,S1,Litsea oleiodes,Litsea nigrescens,3,0,0,0,0,0,0,0,0,0,,
K10,2018-10-08,S1,Vateria indica,Vateria indica,7,0,0,0,0,0,0,0,0,0,,
K10,2018-10-08,S1,Glochidion malabaricum,Glochidion malabaricum,0,4,0,0,0,0,0,0,0,0,,
K10,2018-10-08,S1,Litsea floribunda,Litsea floribunda,0,1,0,0,0,0,0,0,0,0,,
K10,2018-10-08,S1,Leea indica,Leea indica,0,1,0,0,0,0,0,0,0,0,,
K10,2018-10-08,S1,Diospyros sylvatica,Diospyros sylvatica,0,1,0,0,0,0,0,0,0,0,,
K10,2018-10-08,S1,Xanthophyllum flavescens,Xanthophyllum flavescens,0,2,0,0,0,0,0,0,0,0,,
K10,2018-10-08,S1,Actinodaphne malabaricum,Actinodaphne malabarica,1,1,0,0,0,0,0,0,0,0,,
K10,2018-10-08,S1,Cinnamomum malabathrum,Cinnamomum malabatrum,0,0,0,1,0,0,0,0,0,0,,
K10,2018-10-08,S1,Symplocos cochinchinensis,Symplocos cochinchinensis,0,1,0,0,0,0,0,0,0,0,,
K10,2018-10-08,S1,Drypetes malabarica,Drypetes malabarica,1,0,0,0,0,0,0,0,0,0,,
K10,2018-10-08,S1,Toona ciliata,Toona ciliata,1,0,0,0,0,0,0,0,0,0,,
K10,2018-10-08,S1,Breynia vitis-idaea,Breynia vitis-idaea,0,1,0,0,0,0,0,0,0,0,,
G04,2018-10-13,S1,Leea indica,Leea indica,3,2,0,0,0,0,0,0,0,0,,
G04,2018-10-13,S1,Melicope lunu-ankenda,Euodia lunu-ankenda,0,1,0,0,0,0,0,0,0,0,,
G04,2018-10-13,S1,Xanthophyllum flavescens,Xanthophyllum flavescens,2,1,0,0,0,0,0,0,0,0,,
G04,2018-10-13,S1,Meiogyne pannosa,Meiogyne pannosa,0,2,0,0,0,0,0,0,0,0,,
G04,2018-10-13,S1,Antidesma menausa,Antidesma menasu,1,0,0,0,0,0,0,0,0,0,,
G04,2018-10-13,S1,Heynea trijuga,Heynea trijuga,3,0,0,0,0,0,0,0,0,0,,
G04,2018-10-13,S1,Actinodaphne malabaricum,Actinodaphne malabarica,0,0,1,0,0,0,0,0,0,0,,
G04,2018-10-13,S1,Drypetes malabarica,Drypetes malabarica,2,2,1,0,0,0,0,0,0,0,,
M16,2018-05-10,S1,Coffee canephora,Coffea canephora,25,0,0,6,0,0,0,0,0,0,,
M16,2018-05-10,S1,Unidentified,Unidentified,1,0,0,0,0,0,0,0,0,0,,
M16,2018-05-10,S1,Litsea coriacea,Litsea coriacea,0,1,0,0,0,0,0,0,0,0,,
M16,2018-05-10,S1,Atalantia racemosa,Atalantia racemosa,1,1,0,0,0,0,0,0,0,0,,
M16,2018-05-10,S1,Diospyros sylvatica,Diospyros sylvatica,0,1,0,0,0,0,0,0,0,0,,
M16,2018-05-10,S1,Xanthophyllum flavescens,Xanthophyllum flavescens,1,0,0,0,0,0,0,0,0,0,,
M16,2018-05-10,S1,Turpinia malabarica,Turpinia malabarica,1,0,0,0,0,0,0,0,0,0,,
THEN-P9E,2019-02-11,S1,Gliricidia sepium,Gliricidia sepium,56,3,0,17,0,0,0,0,0,0,,
THEN-P9E,2019-02-11,S1,Cinnamomum malabathrum,Cinnamomum malabatrum,1,0,0,0,0,0,0,0,0,0,,
THEN-P10E,2019-02-11,S1,Cleidion spiciflorum,Cleidion spiciflorum,3,0,0,1,0,0,0,0,0,0,,
THEN-P10E,2019-02-11,S1,Gliricidia sepium,Gliricidia sepium,9,1,0,34,0,0,0,0,0,0,,
DS-P11E,2019-02-11,S1,Clerodendrum viscosum,Clerodendrum infortunatum,1,9,0,0,0,0,0,0,0,0,,
DS-P11E,2019-02-11,S1,Lantana camara,Lantana camara,0,6,0,0,0,0,0,0,0,0,,
DS-P11E,2019-02-11,S1,Maesa indica,Maesa indica,0,1,0,0,0,0,0,0,0,0,,
UCO-P12E,2019-02-11,S1,Lantana camara,Lantana camara,0,3,0,0,0,0,0,0,0,0,,
UCO-P12E,2019-02-11,S1,Litsea floribunda,Litsea floribunda,3,0,0,0,0,0,0,0,0,0,,
UCO-P12E,2019-02-11,S1,Ficus hispida,Ficus hispida,0,1,0,0,0,0,0,0,0,0,,
UCO-P12E,2019-02-11,S1,Clerodendrum viscosum,Clerodendrum infortunatum,5,3,0,0,0,0,0,0,0,0,,
UCO-P12E,2019-02-11,S1,Actinodaphne malabaricum,Actinodaphne malabarica,3,0,0,0,0,0,0,0,0,0,,
UCO-P12E,2019-02-11,S1,Maesa indica,Maesa indica,0,5,0,2,0,0,0,0,0,0,,
PKT-P13E,2019-02-12,S1,Lantana camara,Lantana camara,0,2,0,0,0,0,0,0,0,0,,
PKT-P13E,2019-02-12,S1,Clerodendrum viscosum,Clerodendrum infortunatum,2,1,0,0,0,0,0,0,0,0,,
PKT-P13E,2019-02-12,S1,Maesa indica,Maesa indica,3,2,0,0,0,0,0,0,0,0,,
PKT-P14E,2019-02-12,S1,Persea macarantha,Persea macrantha,1,0,0,0,0,0,0,0,0,0,,
PKT-P14E,2019-02-12,S1,Atalantia racemosa,Atalantia racemosa,1,0,0,0,0,0,0,0,0,0,,
PKT-P14E,2019-02-12,S1,Elaeocarpus tuberculatus,Elaeocarpus tuberculatus,1,1,0,0,0,0,0,0,0,0,,
PKT-P14E,2019-02-12,S1,Symplocos cochinchinensis,Symplocos cochinchinensis,3,10,0,0,0,0,0,0,0,0,,
PKT-P14E,2019-02-12,S1,Nothopegia beddomei,Nothopegia beddomei,1,0,0,0,0,0,0,0,0,0,,
PKT-P14E,2019-02-12,S1,Drypetes wightii,Drypetes wightii,0,1,0,0,0,0,0,0,0,0,,
PKT-P14E,2019-02-12,S1,Litsea oleiodes,Litsea nigrescens,0,1,0,0,0,0,0,0,0,0,,
PKT-P14E,2019-02-12,S1,Maesa indica,Maesa indica,0,2,0,0,0,0,0,0,0,0,,
PKT-P14E,2019-02-12,S1,Macaranga indica,Macaranga indica,0,1,0,0,0,0,0,0,0,0,,
PKT-P14E,2019-02-12,S1,Trichilia connaroides,Heynea trijuga,0,1,0,0,0,0,0,0,0,0,,
PKT-P14E,2019-02-12,S1,Neolitsea sp.,Neolitsea sp.,0,1,0,0,0,0,0,0,0,0,,
PTTM_P1D,2021-03-06,S1,Coffee canephora,Coffea canephora,282,135,0,0,0,0,0,0,0,0,,
PTTM_P1D,2021-03-06,S1,Myristica dactyloides,Myristica beddomei,2,0,0,0,0,0,0,0,0,0,,
PTTM_P1D,2021-03-06,S1,Litsea floribunda,Litsea floribunda,0,0,0,1,0,0,0,0,0,0,,
PTTM_P1D,2021-03-06,S1,Clerodendrum viscosum,Clerodendrum infortunatum,2,7,0,0,0,0,0,0,0,0,,
PTTM_P1D,2021-03-06,S1,UN ID,Unidentified,1,7,0,1,0,0,0,0,0,0,,
PTTM_P1D,2021-03-06,S1,Actinodaphne malabaricum,Actinodaphne malabarica,0,1,0,0,0,0,0,0,0,0,,
PTTM_P1D,2021-03-06,S1,Maesopsis eminii,Maesopsis eminii,0,1,0,0,0,0,0,0,0,0,,
PTTM_P1D,2021-03-06,S1,Dimocarpus longan,Dimocarpus longan,1,1,0,0,0,0,0,0,0,0,,
PTTM_P1D,2021-03-06,S1,Persea macarantha,Persea macrantha,0,1,0,0,0,0,0,0,0,0,,
PTTM_P1D,2021-03-06,S1,Olea dioica,Olea dioica,1,1,0,0,0,0,0,0,0,0,,
PTTM_P2D,2021-03-06,S1,Heritiera papilio,Heritiera papilio,2,7,0,0,0,0,0,0,0,0,,
PTTM_P2D,2021-03-06,S1,Dimocarpus longan,Dimocarpus longan,1,4,0,1,0,0,0,0,0,0,,
PTTM_P2D,2021-03-06,S1,Diospyros sylvatica,Diospyros sylvatica,2,6,0,2,0,0,0,0,0,0,,
PTTM_P2D,2021-03-06,S1,Agrostistachys indica,Agrostistachys indica,2,0,0,0,0,0,0,0,0,0,,
PTTM_P2D,2021-03-06,S1,Litsea oleiodes,Litsea nigrescens,3,0,0,0,0,0,0,0,0,0,,
PTTM_P2D,2021-03-06,S1,Coffee,Coffea canephora,80,63,0,0,0,0,0,0,0,0,,
PTTM_P2D,2021-03-06,S1,Ormosia travancorica,Ormosia travancorica,0,3,0,0,0,0,0,0,0,0,,
PTTM_P2D,2021-03-06,S1,Antidesma menausa,Antidesma menasu,0,1,0,0,0,0,0,0,0,0,,
PTTM_P2D,2021-03-06,S1,Olea dioica,Olea dioica,3,2,0,0,0,0,0,0,0,0,,
PTTM_P2D,2021-03-06,S1,Myristica dactyloides,Myristica beddomei,1,0,0,0,0,0,0,0,0,0,,
PTTM_P2D,2021-03-06,S1,Mesua ferrea,Mesua ferrea,1,0,0,0,0,0,0,0,0,0,,
SIRK_P1D,2021-03-06,S1,Aporosa acuminata,Aporosa indoacuminata,4,22,0,1,0,0,0,0,0,0,,
SIRK_P1D,2021-03-06,S1,Symplocos cochinchinensis,Symplocos cochinchinensis,8,9,0,0,0,0,0,0,0,0,,
SIRK_P1D,2021-03-06,S1,Xanthophyllum flavescens,Xanthophyllum flavescens,13,2,0,0,0,0,0,0,0,0,,
SIRK_P1D,2021-03-06,S1,Atalantia racemosa,Atalantia racemosa,1,0,0,0,0,0,0,0,0,0,,
SIRK_P1D,2021-03-06,S1,Actinodaphne tadulingamii,Actinodaphne tadulingamii,2,0,0,0,0,0,0,0,0,0,,
SIRK_P1D,2021-03-06,S1,Maesa indica,Maesa indica,1,0,0,0,0,0,0,0,0,0,,
SIRK_P1D,2021-03-06,S1,Rauvolfia sp.,Rauwolfia sp.,0,0,0,1,0,0,0,0,0,0,,
SIRK_P2D,2021-03-06,S1,Symplocos cochinchinensis,Symplocos cochinchinensis,11,7,0,2,0,0,0,0,0,0,,
SIRK_P2D,2021-03-06,S1,Rauvolfia sp.,Rauwolfia sp.,0,2,0,2,0,0,0,0,0,0,,
SIRK_P2D,2021-03-06,S1,Aporosa acuminata,Aporosa indoacuminata,1,4,0,0,0,0,0,0,0,0,,
SIRK_P2D,2021-03-06,S1,Maesopsis eminii,Maesopsis eminii,8,0,0,0,0,0,0,0,0,0,,
SIRK_P2D,2021-03-06,S1,Maesa indica,Maesa indica,1,1,0,0,0,0,0,0,0,0,,
SIRK_P2D,2021-03-06,S1,Litsea floribunda,Litsea floribunda,3,0,0,0,0,0,0,0,0,0,,
SIRK_P2D,2021-03-06,S1,Syzygium cumini,Syzygium cumini,0,0,0,1,0,0,0,0,0,0,,
SIRK_P3D,2021-03-06,S1,Atalantia racemosa,Atalantia racemosa,4,0,0,0,0,0,0,0,0,0,,
SIRK_P3D,2021-03-06,S1,Aporosa acuminata,Aporosa indoacuminata,2,6,0,0,0,0,0,0,0,0,,
SIRK_P3D,2021-03-06,S1,Xanthophyllum flavescens,Xanthophyllum flavescens,5,0,0,0,0,0,0,0,0,0,,
SIRK_P3D,2021-03-06,S1,Glochidion malabaricum,Glochidion malabaricum,1,5,1,2,0,0,0,0,0,0,,
SIRK_P3D,2021-03-06,S1,Rauvolfia sp.,Rauwolfia sp.,0,0,0,1,0,0,0,0,0,0,,
SIRK_P3D,2021-03-06,S1,Maesopsis eminii,Maesopsis eminii,2,2,0,0,0,0,0,0,0,0,,
SIRK_P3D,2021-03-06,S1,Litsea floribunda,Litsea floribunda,1,1,0,0,0,0,0,0,0,0,,
SIRK_P3D,2021-03-06,S1,Symplocos cochinchinensis,Symplocos cochinchinensis,7,6,0,0,0,0,0,0,0,0,,
SIRK_P3D,2021-03-06,S1,Syzygium cumini,Syzygium cumini,0,0,0,1,0,0,0,0,0,0,,
SIRK_P3D,2021-03-06,S1,Nothapodytes nimmoniana,Nothapodytes nimmoniana,0,1,0,0,0,0,0,0,0,0,,
AGO_01R,2022-12-24,S1,Cinnamomum malabathrum,Cinnamomum malabatrum,0,0,0,0,2,0,1,0,0,0,,
AGO_01R,2022-12-24,S1,Maesa indica,Maesa indica,0,0,0,0,0,0,2,0,0,0,,
AGO_01R,2022-12-24,S1,Clerodendrum viscosum,Clerodendrum infortunatum,0,0,0,0,0,0,2,0,0,0,,
AGO_01R,2022-12-24,S1,Litsea coriacea,Litsea coriacea,0,0,0,0,1,0,0,0,0,0,,
AGO_01R,2022-12-24,S1,Actinodaphne malabaricum,Actinodaphne malabarica,0,0,0,0,1,0,0,0,0,0,1 small seedling planted,1
AGO_01R,2022-12-24,S1,Lantana camara,Lantana camara,0,0,0,0,1,0,0,0,0,0,,
AGO_02R,2022-12-24,S1,Clerodendrum viscosum,Clerodendrum infortunatum,0,0,0,0,2,0,16,0,6,0,,
AGO_02R,2022-12-24,S1,Atalantia racemosa,Atalantia racemosa,0,0,0,0,0,0,1,0,0,0,Planted,Y
AGO_02R,2022-12-24,S1,Maesa indica,Maesa indica,0,0,0,0,8,0,5,0,0,0,,
AGO_02R,2022-12-24,S1,Olea dioica,Olea dioica,0,0,0,0,1,0,0,0,0,0,,
AGO_02R,2022-12-24,S1,Heynea trijuga,Heynea trijuga,0,0,0,0,1,0,1,0,0,0,Planted,Y
AGO_02R,2022-12-24,S1,Vernonia arborea,Vernonia arborea,0,0,0,0,1,0,0,0,0,0,Planted,Y
AGO_02R,2022-12-24,S1,Aglaia canarana,Aglaia canarana,0,0,0,0,0,0,1,0,0,0,Planted,Y
AGO_02R,2022-12-24,S1,Litsea coriacea,Litsea coriacea,0,0,0,0,0,1,0,0,0,0,,
AGO_02R,2022-12-24,S1,Actinodaphne malabaricum,Actinodaphne malabarica,0,0,0,0,1,0,0,0,0,0,,
AGO_02R,2022-12-24,S1,Litsea oleiodes,Litsea nigrescens,0,0,0,0,0,0,1,0,0,0,Planted,Y
AGO_02R,2022-12-24,S1,UN ID,Unidentified,0,0,0,0,1,0,0,0,0,0,Planted leafless,Y
AGO_03R,2022-12-24,S1,Cinnamomum malabathrum,Cinnamomum malabatrum,0,0,0,0,3,0,4,0,0,0,,
AGO_03R,2022-12-24,S1,Aglaia canarana,Aglaia canarana,0,0,0,0,0,0,1,0,0,0,Planted,Y
AGO_03R,2022-12-24,S1,Clerodendrum viscosum,Clerodendrum infortunatum,0,0,0,0,1,0,0,0,0,0,,
AGO_03R,2022-12-24,S1,Maesa indica,Maesa indica,0,0,0,0,2,0,4,0,0,0,,
AGO_03R,2022-12-24,S1,Actinodaphne bourdillonii,Actinodaphne bourdillonii,0,0,0,0,0,0,1,0,0,0,Planted,Y
AGO_03R,2022-12-24,S1,Litsea oleiodes,Litsea nigrescens,0,0,0,0,0,0,1,0,0,0,Planted,Y
OLCA_P1B,2022-12-23,S2,Dimocarpus longan,Dimocarpus longan,0,0,0,0,1,0,4,0,1,3,,
OLCA_P1B,2022-12-23,S2,Palaquium ellipticum,Palaquium ellipticum,0,0,0,0,8,0,1,0,0,0,,
OLCA_P1B,2022-12-23,S2,Dichapetalum gelonioides,Dichapetalum gelonioides,0,0,0,0,0,0,1,0,0,0,,
OLCA_P1B,2022-12-23,S2,Neolitsea zeylanica,Neolitsea zeylanica,0,0,0,0,0,0,1,0,0,0,,
OLCA_P1B,2022-12-23,S2,Cullenia exarillata,Cullenia exarillata,0,0,0,0,1,0,0,0,1,0,,
OLCA_P1B,2022-12-23,S2,Syzygium laetum,Syzygium laetum,0,0,0,0,0,0,0,0,2,3,,
OLCA_P1B,2022-12-23,S2,Meiogyne pannosa,Meiogyne pannosa,0,0,0,0,0,0,0,0,1,0,,
OLCA_P1B,2022-12-23,S2,Litsea stocksii,Litsea stocksii,0,0,0,0,0,0,1,0,0,0,,
OLCA_P1B,2022-12-23,S2,Myristica beddomei,Myristica beddomei,0,0,0,0,0,0,2,0,0,1,,
OLCA_P1B,2022-12-23,S2,Aglaia simplicifolia,Aglaia simplicifolia,0,0,0,0,0,0,0,0,1,0,,
OLCA_P1B,2022-12-23,S2,Orophea thomsonii,Orophea thomsonii,0,0,0,0,0,0,0,0,0,1,,
OLCA_P1B,2022-12-23,S2,Ardisia pauciflora,Ardisia pauciflora,0,0,0,0,0,0,1,0,0,0,,
OLCA_P1B,2022-12-23,S2,Aglaia tomentosa,Aglaia tomentosa,0,0,0,0,0,0,0,0,1,0,,
OLCA_P1B,2022-12-23,S2,Microtropis wallichiana,Microtropis wallichiana,0,0,0,0,0,0,0,0,1,0,,
OLCA_P1B,2022-12-23,S2,Goniothalamus sp.,Goniothalamus sp.,0,0,0,0,0,0,1,0,0,0,,
OLCA_P1B,2022-12-23,S2,Actinodaphne bourdillonii,Actinodaphne bourdillonii,0,0,0,0,0,0,1,0,0,0,,
OLCA_P1B,2022-12-23,S2,Syzygium sp.,Syzygium sp.,0,0,0,0,0,0,0,0,1,0,,
OLCA_P1B,2022-12-23,S2,Litsea bourdillonii,Litsea bourdillonii,0,0,0,0,1,0,0,0,0,0,,
OLCA_P2B,2022-12-23,S2,Ardisia pauciflora,Ardisia pauciflora,0,0,0,0,0,0,1,0,0,0,,
OLCA_P2B,2022-12-23,S2,Actinodaphne tadulingamii,Actinodaphne tadulingamii,0,0,0,0,0,0,1,0,0,0,,
OLCA_P2B,2022-12-23,S2,Clerodendrum viscosum,Clerodendrum infortunatum,0,0,0,0,0,0,2,0,0,0,,
OLCA_P2B,2022-12-23,S2,Palaquium ellipticum,Palaquium ellipticum,0,0,0,0,19,0,1,0,0,0,,
OLCA_P2B,2022-12-23,S2,Dendrocnide sinuata,Dendrocnide sinuata,0,0,0,0,0,0,2,0,0,1,,
OLCA_P2B,2022-12-23,S2,Phoebe lanceolata,Phoebe lanceolata,0,0,0,0,0,0,1,0,1,0,,
OLCA_P2B,2022-12-23,S2,Dimocarpus longan,Dimocarpus longan,0,0,0,0,0,0,0,0,1,0,,
OLCA_P2B,2022-12-23,S2,Atalantia racemosa,Atalantia racemosa,0,0,0,0,1,0,0,0,0,0,,
OLCA_P2B,2022-12-23,S2,Caryota urens,Caryota urens,0,0,0,0,2,0,0,0,0,0,,
OLCA_P2B,2022-12-23,S2,Dichapetalum gelonioides,Dichapetalum gelonioides,0,0,0,0,1,0,0,0,0,0,,
OLCA_P2B,2022-12-23,S2,Holigarna nigra,Holigarna nigra,0,0,0,0,1,0,0,0,0,0,,
OLCA_P3B,2022-12-23,S2,Myristica beddomei,Myristica beddomei,0,0,0,0,0,0,0,0,1,1,,
OLCA_P3B,2022-12-23,S2,Aglaia simplicifolia,Aglaia simplicifolia,0,0,0,0,0,0,6,0,0,0,,
OLCA_P3B,2022-12-23,S2,Palaquium ellipticum,Palaquium ellipticum,0,0,0,0,16,0,2,0,2,0,,
OLCA_P3B,2022-12-23,S2,Meiogyne pannosa,Meiogyne pannosa,0,0,0,0,0,0,0,0,1,0,,
OLCA_P3B,2022-12-23,S2,Dimocarpus longan,Dimocarpus longan,0,0,0,0,0,0,0,0,1,0,,
OLCA_P3B,2022-12-23,S2,Neolitsea zeylanica,Neolitsea zeylanica,0,0,0,0,0,0,1,0,0,1,,
OLCA_P3B,2022-12-23,S2,Drypetes wightii,Drypetes wightii,0,0,0,0,1,0,1,0,1,0,,
OLCA_P3B,2022-12-23,S2,Ardisia pauciflora,Ardisia pauciflora,0,0,0,0,0,0,1,0,0,1,,
OLCA_P3B,2022-12-23,S2,Apollonias arnottii,Apollonias arnottii,0,0,0,0,0,0,0,0,0,1,,
OLCA_P3B,2022-12-23,S2,Mesua ferrea,Mesua ferrea,0,0,0,0,0,0,0,0,1,0,,
OLCA_P3B,2022-12-23,S2,Microtropis wallichiana,Microtropis wallichiana,0,0,0,0,0,0,0,0,0,1,,
OLCA_P3B,2022-12-23,S2,Orophea thomsonii,Orophea thomsonii,0,0,0,0,0,0,1,0,0,0,,
OLCA_P3B,2022-12-23,S2,Syzygium laetum,Syzygium laetum,0,0,0,0,0,0,0,0,0,1,,
OLCA_P3B,2022-12-23,S2,Syzygium sp.,Syzygium sp.,0,0,0,0,0,0,0,0,1,0,,
OLCA_P3B,2022-12-23,S2,Litsea oleiodes,Litsea nigrescens,0,0,0,0,1,0,0,0,0,0,,
OLCA_P3B,2022-12-23,S2,Caryota urens,Caryota urens,0,0,0,0,3,0,0,0,0,0,,
OLCA_P4B,2022-12-23,S2,Caryota urens,Caryota urens,0,0,0,0,1,0,0,0,0,0,,
OLCA_P4B,2022-12-23,S2,Atalantia racemosa,Atalantia racemosa,0,0,0,0,0,0,1,0,0,0,,
OLCA_P4B,2022-12-23,S2,Dendrocnide sinuata,Dendrocnide sinuata,0,0,0,0,0,0,0,0,2,1,,
OLCA_P4B,2022-12-23,S2,Myristica dactyloides,Myristica beddomei,0,0,0,0,2,0,0,0,0,0,,
OLCA_P4B,2022-12-23,S2,Cullenia exarillata,Cullenia exarillata,0,0,0,0,1,0,0,0,0,0,,
OLCA_P4B,2022-12-23,S2,Palaquium ellipticum,Palaquium ellipticum,0,0,0,0,7,0,0,0,0,0,,
OLCA_P4B,2022-12-23,S2,Gomphandra coriacea,Gomphandra coriacea,0,0,0,0,1,0,0,0,0,0,,
OLCA_P4B,2022-12-23,S2,Ardisia pauciflora,Ardisia pauciflora,0,0,0,0,1,0,3,0,0,0,,
OLCA_P4B,2022-12-23,S2,Microtropis wallichiana,Microtropis wallichiana,0,0,0,0,0,0,1,0,0,0,,
OLCA_P4B,2022-12-23,S2,Dimocarpus longan,Dimocarpus longan,0,0,0,0,0,0,1,0,0,0,,
OLCA_P4B,2022-12-23,S2,Heritiera papilio,Heritiera papilio,0,0,0,0,1,0,0,0,0,0,,
OLCA_P4B,2022-12-23,S2,Meiogyne pannosa,Meiogyne pannosa,0,0,0,0,1,0,1,0,0,0,,
OLCA_P4B,2022-12-23,S2,Villebrunea integrifolia,Villebrunea integrifolia,0,0,0,0,0,0,1,0,1,0,,
OLCA_P4B,2022-12-23,S2,Aglaia canarana,Aglaia canarana,0,0,0,0,0,0,1,0,0,0,,
OLCA_P4B,2022-12-23,S2,Actinodaphne tadulingamii,Actinodaphne tadulingamii,0,0,0,0,1,0,0,0,1,0,,
OLCA_P5B,2022-12-23,S2,Atalantia racemosa,Atalantia racemosa,0,0,0,0,2,0,12,0,0,0,,
OLCA_P5B,2022-12-23,S2,Clerodendrum viscosum,Clerodendrum infortunatum,0,0,0,0,0,0,4,0,1,0,,
OLCA_P5B,2022-12-23,S2,Myristica dactyloides,Myristica beddomei,0,0,0,0,0,0,0,0,1,4,,
OLCA_P5B,2022-12-23,S2,Dysoxylum binectariferum,Dysoxylum gotadhora,0,0,0,0,0,0,0,0,1,0,,
OLCA_P5B,2022-12-23,S2,Aglaia simplicifolia,Aglaia simplicifolia,0,0,0,0,0,0,1,0,1,0,,
OLCA_P5B,2022-12-23,S2,Maesa indica,Maesa indica,0,0,0,0,0,0,5,0,1,0,,
OLCA_P5B,2022-12-23,S2,Drypetes wightii,Drypetes wightii,0,0,0,0,0,0,1,0,0,0,,
OLCA_P5B,2022-12-23,S2,Cinnamomum malabathrum,Cinnamomum malabatrum,0,0,0,0,0,0,0,0,0,1,,
OLCA_P5B,2022-12-23,S2,Microtropis wallichiana,Microtropis wallichiana,0,0,0,0,0,0,2,0,0,0,,
OLCA_P5B,2022-12-23,S2,Agrostistachys borneansis,Agrostistachys borneensis,0,0,0,0,0,0,1,0,0,0,,
OLCA_P5B,2022-12-23,S2,Dichapetalum gelonioides,Dichapetalum gelonioides,0,0,0,0,0,0,1,0,0,0,,
OLCA_P5B,2022-12-23,S2,Syzygium densiflorum,Syzygium densiflorum,0,0,0,0,0,0,1,0,0,0,,
OLCA_P5B,2022-12-23,S2,Palaquium ellipticum,Palaquium ellipticum,0,0,0,0,2,0,1,0,0,0,,
HP36_P1B,2022-12-23,S2,Litsea stocksii,Litsea stocksii,0,0,0,0,2,0,5,0,6,2,,
HP36_P1B,2022-12-23,S2,Lepisanthes deficiens,Lepisanthes deficiens,0,0,0,0,1,0,1,0,0,0,,
HP36_P1B,2022-12-23,S2,Dichapetalum gelonioides,Dichapetalum gelonioides,0,0,0,0,2,0,1,0,1,0,,
HP36_P1B,2022-12-23,S2,Litsea bourdillonii,Litsea bourdillonii,0,0,0,0,1,0,1,0,0,0,,
HP36_P1B,2022-12-23,S2,Ardisia pauciflora,Ardisia pauciflora,0,0,0,0,0,0,4,0,1,0,,
HP36_P1B,2022-12-23,S2,Syzygium densiflorum,Syzygium densiflorum,0,0,0,0,0,0,1,0,1,0,,
HP36_P1B,2022-12-23,S2,Beilschmiedia wightii,Beilschmiedia wightii,0,0,0,0,1,0,0,0,1,1,,
HP36_P1B,2022-12-23,S2,Syzygium rubicundum,Syzygium rubicundum,0,0,0,0,1,0,0,0,0,0,,
HP36_P1B,2022-12-23,S2,Palaquium ellipticum,Palaquium ellipticum,0,0,0,0,15,0,2,0,0,0,,
HP36_P1B,2022-12-23,S2,Microtropis wallichiana,Microtropis wallichiana,0,0,0,0,0,0,1,0,0,0,,
HP36_P1B,2022-12-23,S2,Dimocarpus longan,Dimocarpus longan,0,0,0,0,1,0,0,0,1,0,,
HP36_P1B,2022-12-23,S2,Litsea oleiodes,Litsea nigrescens,0,0,0,0,1,0,0,0,0,0,,
HP36_P1B,2022-12-23,S2,Nothopegia beddomei,Nothopegia beddomei,0,0,0,0,1,0,0,0,0,0,,
HP36_P1B,2022-12-23,S2,Neolitsea zeylanica,Neolitsea zeylanica,0,0,0,0,1,0,1,0,0,0,,
HP36_P1B,2022-12-23,S2,Myristica beddomei,Myristica beddomei,0,0,0,0,0,0,1,0,0,0,,
HP36_P1B,2022-12-23,S2,Diospyros nilagirica,Diospyros nilagirica,0,0,0,0,1,0,0,0,0,0,,
HP36_P1B,2022-12-23,S2,Cinnamomum verum,Cinnamomum verum,0,0,0,0,0,0,0,0,0,1,,
HP36_P1B,2022-12-23,S2,Meiogyne pannosa,Meiogyne pannosa,0,0,0,0,0,1,0,0,0,0,,
HP36_P1B,2022-12-23,S2,Aglaia simplicifolia,Aglaia simplicifolia,0,0,0,0,0,0,1,0,0,0,,
HP36_P1B,2022-12-23,S2,Heritiera papilio,Heritiera papilio,0,0,0,0,0,0,2,0,0,0,,
HP36_P1B,2022-12-23,S2,Microtropis wallichiana,Microtropis wallichiana,0,0,0,0,1,0,2,0,0,0,,
HP36_P1B,2022-12-23,S2,Cryptocarya lawsonii,Cryptocarya lawsonii,0,0,0,0,0,0,1,0,0,0,,
HP36_P1B,2022-12-23,S2,Mesua ferrea,Mesua ferrea,0,0,0,0,0,0,1,0,0,0,,
HP36_P2B,2022-12-23,S2,Myristica beddomei,Myristica beddomei,0,0,0,0,0,0,1,0,0,0,,
HP36_P2B,2022-12-23,S2,Litsea stocksii,Litsea stocksii,0,0,0,0,1,0,1,0,3,0,,
HP36_P2B,2022-12-23,S2,Palaquium ellipticum,Palaquium ellipticum,0,0,0,0,24,0,15,0,0,0,,
HP36_P2B,2022-12-23,S2,Dimocarpus longan,Dimocarpus longan,0,0,0,0,0,0,5,0,1,0,,
HP36_P2B,2022-12-23,S2,Murraya paniculata,Murraya paniculata,0,0,0,0,0,0,1,0,0,0,,
HP36_P2B,2022-12-23,S2,Cinnamomum malabathrum,Cinnamomum malabatrum,0,0,0,0,0,0,0,0,1,0,,
HP36_P2B,2022-12-23,S2,Clerodendrum viscosum,Clerodendrum infortunatum,0,0,0,0,0,0,1,0,0,1,,
HP36_P2B,2022-12-23,S2,Dichapetalum gelonioides,Dichapetalum gelonioides,0,0,0,0,2,0,1,0,0,0,,
HP36_P2B,2022-12-23,S2,Syzygium rubicundum,Syzygium rubicundum,0,0,0,0,1,0,0,0,0,0,,
HP36_P2B,2022-12-23,S2,Ardisia pauciflora,Ardisia pauciflora,0,0,0,0,1,0,2,1,0,0,,
HP36_P2B,2022-12-23,S2,Atalantia racemosa,Atalantia racemosa,0,0,0,0,0,0,1,0,2,0,,
HP36_P2B,2022-12-23,S2,Syzygium densiflorum,Syzygium densiflorum,0,0,0,0,3,0,0,0,0,0,,
HP36_P2B,2022-12-23,S2,Microtropis wallichiana,Microtropis wallichiana,0,0,0,0,0,0,5,0,0,0,,
HP36_P2B,2022-12-23,S2,Cryptocarya wightii,Cryptocarya wightiana,0,0,0,0,1,0,0,0,0,0,,
HP36_P2B,2022-12-23,S2,Litsea oleiodes,Litsea nigrescens,0,0,0,0,1,0,0,0,0,0,,
HP36_P2B,2022-12-23,S2,Gomphandra coriacea,Gomphandra coriacea,0,0,0,0,0,0,4,0,1,0,,
HP36_P2B,2022-12-23,S2,Diospyros nilagirica,Diospyros nilagirica,0,0,0,0,0,0,1,0,0,0,,
HP36_P2B,2022-12-23,S2,Aglaia simplicifolia,Aglaia simplicifolia,0,0,0,0,1,0,0,0,0,0,,
HP36_P3B,2022-12-23,S2,Cryptocarya lawsonii,Cryptocarya lawsonii,0,0,0,0,0,1,0,0,0,0,,
HP36_P3B,2022-12-23,S2,Litsea bourdillonii,Litsea bourdillonii,0,0,0,0,2,0,1,0,0,0,,
HP36_P3B,2022-12-23,S2,Heritiera papilio,Heritiera papilio,0,0,0,0,14,0,21,0,0,0,,
HP36_P3B,2022-12-23,S2,Litsea oleiodes,Litsea nigrescens,0,0,0,0,5,0,1,0,0,0,,
HP36_P3B,2022-12-23,S2,Aglaia simplicifolia,Aglaia simplicifolia,0,0,0,0,0,0,3,0,1,0,,
HP36_P3B,2022-12-23,S2,Meiogyne pannosa,Meiogyne pannosa,0,0,0,0,0,0,2,0,0,0,,
HP36_P3B,2022-12-23,S2,Nothopegia beddomei,Nothopegia beddomei,0,0,0,0,2,0,1,0,0,0,,
HP36_P3B,2022-12-23,S2,Actinodaphne bourdillonii,Actinodaphne bourdillonii,0,0,0,0,1,0,3,0,0,0,,
HP36_P3B,2022-12-23,S2,Litsea stocksii,Litsea stocksii,0,0,0,0,0,0,3,0,2,0,,
HP36_P3B,2022-12-23,S2,Microtropis wallichiana,Microtropis wallichiana,0,0,0,0,0,0,0,0,1,0,,
HP36_P3B,2022-12-23,S2,Ardisia pauciflora,Ardisia pauciflora,0,0,0,0,0,0,1,0,1,2,,
HP36_P3B,2022-12-23,S2,Cinnamomum verum,Cinnamomum verum,0,0,0,0,0,0,1,0,0,1,,
HP36_P3B,2022-12-23,S2,Beilschmiedia wightii,Beilschmiedia wightii,0,0,0,0,1,0,3,0,0,0,,
HP36_P3B,2022-12-23,S2,Cryptocarya lawsonii,Cryptocarya lawsonii,0,0,0,0,0,0,4,0,1,0,,
HP36_P3B,2022-12-23,S2,Myristica beddomei,Myristica beddomei,0,0,0,0,2,0,0,0,0,0,,
HP36_P3B,2022-12-23,S2,Syzygium densiflorum,Syzygium densiflorum,0,0,0,0,0,0,1,0,1,0,,
HP36_P3B,2022-12-23,S2,Nothapodytes nimmoniana,Nothapodytes nimmoniana,0,0,0,0,0,0,1,0,0,0,,
HP36_P3B,2022-12-23,S2,Clerodendrum viscosum,Clerodendrum infortunatum,0,0,0,0,1,0,0,0,0,1,,
HP36_P3B,2022-12-23,S2,Lepisanthes deficiens,Lepisanthes deficiens,0,0,0,0,0,0,0,0,0,1,,
HP36_P3B,2022-12-23,S2,Syzygium cumini,Syzygium cumini,0,0,0,0,0,0,0,0,1,0,,
HP36_P3B,2022-12-23,S2,Dimocarpus longan,Dimocarpus longan,0,0,0,0,0,0,1,0,0,0,,
HP36_P3B,2022-12-23,S2,Murraya paniculata,Murraya paniculata,0,0,0,0,0,0,1,0,0,0,,
HP36_P3B,2022-12-23,S2,Syzygium rubicundum,Syzygium rubicundum,0,0,0,0,0,0,0,0,0,0,,
HP36_P3B,2022-12-23,S2,Dichapetalum gelonioides,Dichapetalum gelonioides,0,0,0,0,1,0,0,0,0,0,,
HP36_P3B,2022-12-23,S2,Neolitsea zeylanica,Neolitsea zeylanica,0,0,0,0,1,0,0,0,0,0,,
HP36_P3B,2022-12-23,S2,Drypetes wightii,Drypetes wightii,0,0,0,0,0,0,2,0,0,0,,
HP36_P4B,2022-12-23,S2,Persea macarantha,Persea macrantha,0,0,0,0,0,0,1,0,0,0,,
HP36_P4B,2022-12-23,S2,Litsea stocksii,Litsea stocksii,0,0,0,0,2,0,7,0,0,0,,
HP36_P4B,2022-12-23,S2,Litsea oleiodes,Litsea nigrescens,0,0,0,0,1,0,1,0,0,0,,
HP36_P4B,2022-12-23,S2,Clerodendrum viscosum,Clerodendrum infortunatum,0,0,0,0,0,0,3,0,0,0,,
HP36_P4B,2022-12-23,S2,Hydnocarpus alpina,Hydnocarpus alpinus,0,0,0,0,0,0,2,0,0,0,,
HP36_P4B,2022-12-23,S2,Neolitsea scrobiculata,Neolitsea scrobiculata,0,0,0,0,0,0,1,0,0,0,,
HP36_P4B,2022-12-23,S2,Cinnamomum verum,Cinnamomum verum,0,0,0,0,0,0,0,0,1,0,,
HP36_P4B,2022-12-23,S2,Murraya paniculata,Murraya paniculata,0,0,0,0,0,0,1,0,0,0,,
HP36_P4B,2022-12-23,S2,Heritiera papilio,Heritiera papilio,0,0,0,0,11,0,7,0,2,0,,
HP36_P4B,2022-12-23,S2,Actinodaphne bourdillonii,Actinodaphne bourdillonii,0,0,0,0,7,0,0,0,0,0,,
HP36_P4B,2022-12-23,S2,Beilschmiedia wightii,Beilschmiedia wightii,0,0,0,0,0,0,1,0,0,0,,
HP36_P4B,2022-12-23,S2,Nothopegia beddomei,Nothopegia beddomei,0,0,0,0,1,0,0,0,0,0,,
HP36_P4B,2022-12-23,S2,Syzygium densiflorum,Syzygium densiflorum,0,0,0,0,1,0,1,0,1,0,,
HP36_P4B,2022-12-23,S2,Cryptocarya lawsonii,Cryptocarya lawsonii,0,0,0,0,0,0,0,0,1,1,,
HP36_P4B,2022-12-23,S2,Dichapetalum gelonioides,Dichapetalum gelonioides,0,0,0,0,1,0,0,0,0,0,,
HP37_P1B,2022-12-22,S2,Microtropis wallichiana,Microtropis wallichiana,0,0,0,0,0,0,0,0,2,0,,
HP37_P1B,2022-12-22,S2,Ardisia pauciflora,Ardisia pauciflora,0,0,0,0,12,0,10,0,1,1,,
HP37_P1B,2022-12-22,S2,Litsea udayanii,Litsea udayanii,0,0,0,0,2,0,2,0,3,0,,
HP37_P1B,2022-12-22,S2,Cryptocarya lawsonii,Cryptocarya lawsonii,0,0,0,0,0,0,8,0,2,0,,
HP37_P1B,2022-12-22,S2,Nageia wallichiana,Nageia wallichiana,0,0,0,0,0,0,6,0,4,0,,
HP37_P1B,2022-12-22,S2,Neolitsea zeylanica,Neolitsea zeylanica,0,0,0,0,0,0,1,0,0,0,,
HP37_P1B,2022-12-22,S2,Syzygium rubicundum,Syzygium rubicundum,0,0,0,0,1,0,0,0,0,0,,
HP37_P1B,2022-12-22,S2,Scolopia crenata,Scolopia crenata,0,0,0,0,1,0,0,0,0,0,,
HP37_P1B,2022-12-22,S2,Lepisanthes deficiens,Lepisanthes deficiens,0,0,0,0,1,0,4,0,0,0,,
HP37_P1B,2022-12-22,S2,Ormosia travancorica,Ormosia travancorica,0,0,0,0,0,0,0,1,0,0,,
HP37_P1B,2022-12-22,S2,Atalantia racemosa,Atalantia racemosa,0,0,0,0,1,0,1,0,0,0,,
HP37_P1B,2022-12-22,S2,Microtropis wallichiana,Microtropis wallichiana,0,0,0,0,0,0,4,0,1,0,,
HP37_P1B,2022-12-22,S2,Litsea stocksii,Litsea stocksii,0,0,0,0,0,0,0,0,0,1,,
HP37_P1B,2022-12-22,S2,Myristica beddomei,Myristica beddomei,0,0,0,0,0,0,1,0,0,0,,
HP37_P1B,2022-12-22,S2,Mastixia arborea,Mastixia arborea,0,0,0,0,0,0,0,0,1,0,,
HP37_P1B,2022-12-22,S2,Aglaia simplicifolia,Aglaia simplicifolia,0,0,0,0,0,0,0,0,0,1,,
HP37_P1B,2022-12-22,S2,Litsea bourdillonii,Litsea bourdillonii,0,0,0,0,0,0,1,0,0,0,,
HP37_P1B,2022-12-22,S2,Eugenia sp.,Eugenia sp.,0,0,0,0,0,0,1,0,0,0,,
HP37_P1B,2022-12-22,S2,Cinnamomum malabathrum,Cinnamomum malabatrum,0,0,0,0,0,0,1,0,0,0,,
HP37_P1B,2022-12-22,S2,Holigarna nigra,Holigarna nigra,0,0,0,0,0,0,0,0,2,0,,
HP37_P1B,2022-12-22,S2,Agrostistachys borneansis,Agrostistachys borneensis,0,0,0,0,0,0,1,0,0,0,,
HP37_P1B,2022-12-22,S2,Isonandra sp.,Isonandra sp.,0,0,0,0,0,0,0,0,1,0,,
HP37_P1B,2022-12-22,S2,Syzygium rubicundum,Syzygium rubicundum,0,0,0,0,2,0,1,0,0,0,,
HP37_P2B,2022-12-22,S2,Myristica beddomei,Myristica beddomei,0,0,0,0,0,0,1,0,1,0,,
HP37_P2B,2022-12-22,S2,Heritiera papilio,Heritiera papilio,0,0,0,0,25,0,13,0,0,0,,
HP37_P2B,2022-12-22,S2,Litsea bourdillonii,Litsea bourdillonii,0,0,0,0,0,0,0,0,1,0,,
HP37_P2B,2022-12-22,S2,Mesua ferrea,Mesua ferrea,0,0,0,0,1,0,1,0,0,0,,
HP37_P2B,2022-12-22,S2,Clerodendrum viscosum,Clerodendrum infortunatum,0,0,0,0,0,0,1,0,1,0,,
HP37_P2B,2022-12-22,S2,Cryptocarya wightii,Cryptocarya wightiana,0,0,0,0,1,0,0,0,1,1,,
HP37_P2B,2022-12-22,S2,Pseudoglochidion anamalayanum,Pseudoglochidion anamalayanum,0,0,0,0,2,0,0,0,0,1,,
HP37_P2B,2022-12-22,S2,Litsea oleiodes,Litsea nigrescens,0,0,0,0,2,0,1,0,0,0,,
HP37_P2B,2022-12-22,S2,Lepisanthes deficiens,Lepisanthes deficiens,0,0,0,0,0,0,0,0,1,0,,
HP37_P2B,2022-12-22,S2,Neolitsea scrobiculata,Neolitsea scrobiculata,0,0,0,0,0,0,2,0,0,0,,
HP37_P2B,2022-12-22,S2,Ardisia pauciflora,Ardisia pauciflora,0,0,0,0,2,0,1,0,0,0,,
HP37_P2B,2022-12-22,S2,Aphanamixis polystachya,Aphanamixis polystachya,0,0,0,0,0,0,1,0,0,0,,
HP37_P2B,2022-12-22,S2,Aglaia simplicifolia,Aglaia simplicifolia,0,0,0,0,0,0,1,0,0,0,,
HP37_P2B,2022-12-22,S2,Hydnocarpus alpina,Hydnocarpus alpinus,0,0,0,0,0,0,1,0,0,0,,
HP37_P2B,2022-12-22,S2,Myristica beddomei,Myristica beddomei,0,0,0,0,1,0,1,0,1,0,,
HP37_P2B,2022-12-22,S2,Microtropis wallichiana,Microtropis wallichiana,0,0,0,0,1,0,0,0,0,0,,
HP37_P3B,2022-12-22,S2,Eugenia sp.,Eugenia sp.,0,0,0,0,0,0,1,0,1,0,,
HP37_P3B,2022-12-22,S2,Villebrunea integrifolia,Villebrunea integrifolia,0,0,0,0,0,0,1,0,1,0,,
HP37_P3B,2022-12-22,S2,Cryptocarya lawsonii,Cryptocarya lawsonii,0,0,0,0,0,0,2,0,0,1,,
HP37_P3B,2022-12-22,S2,Microtropis wallichiana,Microtropis wallichiana,0,0,0,0,1,0,9,0,1,0,,
HP37_P3B,2022-12-22,S2,Aglaia simplicifolia,Aglaia simplicifolia,0,0,0,0,2,0,1,0,0,0,,
HP37_P3B,2022-12-22,S2,Ardisia pauciflora,Ardisia pauciflora,0,0,0,0,5,0,0,0,1,0,,
HP37_P3B,2022-12-22,S2,Litsea stocksii,Litsea stocksii,0,0,0,0,0,0,1,0,0,0,,
HP37_P3B,2022-12-22,S2,Syzygium rubicundum,Syzygium rubicundum,0,0,0,0,2,0,0,0,0,0,,
HP37_P3B,2022-12-22,S2,Diospyros nilagirica,Diospyros nilagirica,0,0,0,0,0,0,1,0,0,0,,
HP37_P3B,2022-12-22,S2,Heritiera papilio,Heritiera papilio,0,0,0,0,0,0,3,0,0,0,,
HP37_P3B,2022-12-22,S2,Myristica beddomei,Myristica beddomei,0,0,0,0,0,0,0,0,1,0,,
HP37_P3B,2022-12-22,S2,Beilschmiedia wightii,Beilschmiedia wightii,0,0,0,0,0,0,0,0,0,1,,
HP37_P3B,2022-12-22,S2,Litsea udayanii,Litsea udayanii,0,0,0,0,0,0,0,0,0,1,,
HP37_P3B,2022-12-22,S2,Ormosia travancorica,Ormosia travancorica,0,0,0,0,0,0,1,0,0,0,,
HP37_P3B,2022-12-22,S2,Litsea bourdillonii,Litsea bourdillonii,0,0,0,0,0,0,0,0,1,0,,
HP37_P3B,2022-12-22,S2,Clerodendrum viscosum,Clerodendrum infortunatum,0,0,0,0,0,0,1,0,0,0,,
HP37_P3B,2022-12-22,S2,Pseudoglochidion anamalayanum,Pseudoglochidion anamalayanum,0,0,0,0,2,0,0,0,0,0,,
HP37_P3B,2022-12-22,S2,Cinnamomum malabathrum,Cinnamomum malabatrum,0,0,0,0,0,0,0,0,0,1,,
HP37_P4B,2022-12-22,S2,Nageia wallichiana,Nageia wallichiana,0,0,0,0,2,0,0,0,0,0,,
HP37_P4B,2022-12-22,S2,Calophyllum austroindicum,Calophyllum austroindicum,0,0,0,0,3,0,1,0,0,0,,
HP37_P4B,2022-12-22,S2,Antidesma menausa,Antidesma menasu,0,0,0,0,2,0,0,0,0,0,,
HP37_P4B,2022-12-22,S2,Maesa indica,Maesa indica,0,0,0,0,6,0,0,0,0,0,,
HP37_P4B,2022-12-22,S2,Acronychia pedunculata,Acronychia pedunculata,0,0,0,0,2,0,0,0,0,0,,
HP37_P4B,2022-12-22,S2,Nothapodytes nimmoniana,Nothapodytes nimmoniana,0,0,0,0,3,0,0,0,0,0,,
HP37_P4B,2022-12-22,S2,Litsea bourdillonii,Litsea bourdillonii,0,0,0,0,0,0,1,0,0,0,,
HP37_P4B,2022-12-22,S2,Pseudoglochidion anamalayanum,Pseudoglochidion anamalayanum,0,0,0,0,1,0,0,0,0,0,,
HP37_P4B,2022-12-22,S2,Cullenia exarillata,Cullenia exarillata,0,0,0,0,0,0,3,0,0,0,,
HP37_P4B,2022-12-22,S2,Clerodendrum viscosum,Clerodendrum infortunatum,0,0,0,0,0,0,2,0,4,0,,
HP37_P4B,2022-12-22,S2,Litsea oleiodes,Litsea nigrescens,0,0,0,0,3,0,1,0,0,0,,
HP37_P4B,2022-12-22,S2,Litsea stocksii,Litsea stocksii,0,0,0,0,2,0,2,0,0,1,,
HP37_P4B,2022-12-22,S2,Dysoxylum gotadhora,Dysoxylum gotadhora,0,0,0,0,0,0,2,0,0,0,,
HP37_P4B,2022-12-22,S2,Myristica beddomei,Myristica beddomei,0,0,0,0,0,0,1,0,0,0,,
HP37_P4B,2022-12-22,S2,Villebrunea integrifolia,Villebrunea integrifolia,0,0,0,0,0,0,1,0,3,1,,
HP37_P4B,2022-12-22,S2,Actinodaphne bourdillonii,Actinodaphne bourdillonii,0,0,0,0,1,0,0,0,0,0,,
HP37_P4B,2022-12-22,S2,Phoebe lanceolata,Phoebe lanceolata,0,0,0,0,0,0,0,0,2,0,,
HP37_P4B,2022-12-22,S2,Drypetes wightii,Drypetes wightii,0,0,0,0,0,0,1,0,2,0,,
HP37_P4B,2022-12-22,S2,Artocarpus heterophyllus,Artocarpus heterophyllus,0,0,0,0,0,0,0,0,1,0,,
HP37_P4B,2022-12-22,S2,Litsea udayanii,Litsea udayanii,0,0,0,0,0,0,1,0,0,0,,
HP37_P4B,2022-12-22,S2,Heritiera papilio,Heritiera papilio,0,0,0,0,0,0,1,0,0,0,,
HP37_P4B,2022-12-22,S2,Atalantia racemosa,Atalantia racemosa,0,0,0,0,0,0,0,0,1,0,,
UPMA_P1B,2022-12-20,S2,Litsea bourdillonii,Litsea bourdillonii,0,0,0,0,0,0,1,0,0,0,,
UPMA_P1B,2022-12-20,S2,Coffee,Coffea canephora,0,0,0,0,18,0,12,0,3,5,,
UPMA_P1B,2022-12-20,S2,Meiogyne pannosa,Meiogyne pannosa,0,0,0,0,0,0,1,0,0,1,,
UPMA_P1B,2022-12-20,S2,Diospyros sylvatica,Diospyros sylvatica,0,0,0,0,0,0,1,0,1,0,,
UPMA_P1B,2022-12-20,S2,Cryptocarya lawsonii,Cryptocarya lawsonii,0,0,0,0,0,0,1,0,0,0,,
UPMA_P1B,2022-12-20,S2,Drypetes malabarica,Drypetes malabarica,0,0,0,0,0,0,1,0,0,0,,
UPMA_P1B,2022-12-20,S2,Cullenia exarillata,Cullenia exarillata,0,0,0,0,1,0,0,0,0,0,,
UPMA_P1B,2022-12-20,S2,Paracroton pendulus,Paracroton pendulus,0,0,0,0,0,0,0,0,0,1,,
UPMA_P1B,2022-12-20,S2,Orophea thomsonii,Orophea thomsonii,0,0,0,0,2,0,0,0,1,0,,
UPMA_P1B,2022-12-20,S2,Phoebe lanceolata,Phoebe lanceolata,0,0,0,0,0,0,1,0,0,0,,
UPMA_P1B,2022-12-20,S2,Actinodaphne tadulingamii,Actinodaphne tadulingamii,0,0,0,0,0,0,1,0,0,0,,
UPMA_P2B,2022-12-20,S2,Coffee,Coffea canephora,0,0,0,0,2,0,2,0,3,0,,
UPMA_P2B,2022-12-20,S2,Litsea bourdillonii,Litsea bourdillonii,0,0,0,0,1,0,0,0,0,0,,
UPMA_P2B,2022-12-20,S2,Meiogyne pannosa,Meiogyne pannosa,0,0,0,0,1,0,1,0,0,0,,
UPMA_P2B,2022-12-20,S2,Actinodaphne tadulingamii,Actinodaphne tadulingamii,0,0,0,0,0,0,0,0,0,1,,
UPMA_P2B,2022-12-20,S2,Mesua ferrea,Mesua ferrea,0,0,0,0,1,0,0,0,2,0,,
UPMA_P2B,2022-12-20,S2,Paracroton pendulus,Paracroton pendulus,0,0,0,0,0,0,2,0,0,1,,
UPMA_P2B,2022-12-20,S2,Diospyros sylvatica,Diospyros sylvatica,0,0,0,0,0,0,1,0,0,0,,
UPMA_P2B,2022-12-20,S2,Aglaia tomentosa,Aglaia tomentosa,0,0,0,0,0,0,0,0,1,0,,
UPMA_P2B,2022-12-20,S2,Drypetes malabarica,Drypetes malabarica,0,0,0,0,1,0,0,0,0,0,,
UPMA_P2B,2022-12-20,S2,Aglaia simplicifolia,Aglaia simplicifolia,0,0,0,0,0,0,1,0,0,0,,
UPMA_P2B,2022-12-20,S2,Litsea floribunda,Litsea floribunda,0,0,0,0,0,0,1,0,0,0,,
UPMA_P2B,2022-12-20,S2,Cullenia exarillata,Cullenia exarillata,0,0,0,0,1,0,0,0,0,0,,
UPMA_P2B,2022-12-20,S2,Dysoxylum malabaricum,Dysoxylum malabaricum,0,0,0,0,1,0,0,0,0,0,,
UPMA_P2B,2022-12-20,S2,Myristica beddomei,Myristica beddomei,0,0,0,0,1,0,0,0,0,0,,
UPMA_P3B,2022-12-20,S2,Diospyros sylvatica,Diospyros sylvatica,0,0,0,0,1,0,1,0,0,0,,
UPMA_P3B,2022-12-20,S2,Coffee,Coffea canephora,0,0,0,0,14,0,0,0,0,2,,
UPMA_P3B,2022-12-20,S2,Cinnamomum verum,Cinnamomum verum,0,0,0,0,0,0,1,0,0,0,,
UPMA_P3B,2022-12-20,S2,Meiogyne pannosa,Meiogyne pannosa,0,0,0,0,1,0,0,0,0,0,,
UPMA_P3B,2022-12-20,S2,Diospyros sylvatica,Diospyros sylvatica,0,0,0,0,2,0,1,0,1,0,,
UPMA_P3B,2022-12-20,S2,Lepisanthes deficiens,Lepisanthes deficiens,0,0,0,0,0,0,0,0,0,1,,
UPMA_P3B,2022-12-20,S2,Dysoxylum malabaricum,Dysoxylum malabaricum,0,0,0,0,1,0,2,0,0,0,,
UPMA_P3B,2022-12-20,S2,Orophea thomsonii,Orophea thomsonii,0,0,0,0,0,0,2,0,0,0,,
UPMA_P3B,2022-12-20,S2,Eugenia sp.,Eugenia sp.,0,0,0,0,0,0,1,0,0,0,,
UPMA_P3B,2022-12-20,S2,Aglaia simplicifolia,Aglaia simplicifolia,0,0,0,0,1,0,0,0,0,0,,
UPMA_P3B,2022-12-20,S2,Hydnocarpus alpina,Hydnocarpus alpinus,0,0,0,0,0,0,0,0,1,0,,
UPMA_P3B,2022-12-20,S2,Cullenia exarillata,Cullenia exarillata,0,0,0,0,0,0,0,0,0,1,,
UPMA_P3B,2022-12-20,S2,Phoebe lanceolata,Phoebe lanceolata,0,0,0,0,0,0,1,0,0,0,,
UPMA_P3B,2022-12-20,S2,Mesua ferrea,Mesua ferrea,0,0,0,0,0,0,2,0,0,0,,
UPMA_P3B,2022-12-20,S2,Litsea floribunda,Litsea floribunda,0,0,0,0,0,0,0,0,0,0,,
UPMA_P3B,2022-12-20,S2,Cryptocarya anamalayana,Cryptocarya anamalayana,0,0,0,0,0,0,0,0,0,0,,
UPMA_P4B,2022-12-20,S2,Litsea floribunda,Litsea floribunda,0,0,0,0,0,0,2,0,0,0,,
UPMA_P4B,2022-12-20,S2,Cullenia exarillata,Cullenia exarillata,0,0,0,0,1,0,1,1,0,0,,
UPMA_P4B,2022-12-20,S2,Croton malabaricus,Croton malabaricus,0,0,0,0,2,0,1,0,0,0,,
UPMA_P4B,2022-12-20,S2,Palaquium ellipticum,Palaquium ellipticum,0,0,0,0,7,0,0,0,0,0,,
UPMA_P4B,2022-12-20,S2,Dendrocnide sinuata,Dendrocnide sinuata,0,0,0,0,2,0,1,0,0,0,,
UPMA_P4B,2022-12-20,S2,Paracroton pendulus,Paracroton pendulus,0,0,0,0,1,0,2,0,0,0,,
UPMA_P4B,2022-12-20,S2,Caryota urens,Caryota urens,0,0,0,0,2,0,0,0,0,0,,
UPMA_P4B,2022-12-20,S2,Mesua ferrea,Mesua ferrea,0,0,0,0,0,0,1,0,0,0,,
UPMA_P4B,2022-12-20,S2,Drypetes malabarica,Drypetes malabarica,0,0,0,0,2,0,4,0,1,0,,
UPMA_P4B,2022-12-20,S2,Coffee,Coffea canephora,0,0,0,0,1,0,2,0,0,0,,
UPMA_P4B,2022-12-20,S2,Litsea oleiodes,Litsea nigrescens,0,0,0,0,0,0,1,0,1,0,,
UPMA_P4B,2022-12-20,S2,Diospyros sylvatica,Diospyros sylvatica,0,0,0,0,1,0,0,0,0,0,,
UPMA_P4B,2022-12-20,S2,Dimocarpus longan,Dimocarpus longan,0,0,0,0,0,0,1,0,0,2,,
UPMA_P4B,2022-12-20,S2,Aglaia elaeagnoidea,Aglaia elaeagnoidea,0,0,0,0,0,0,0,0,1,1,,
UPMA_P4B,2022-12-20,S2,Meiogyne pannosa,Meiogyne pannosa,0,0,0,0,0,0,2,0,0,0,,
UPMA_P4B,2022-12-20,S2,Calophyllum polyanthum,Calophyllum polyanthum,0,0,0,0,1,0,0,0,0,0,,
UPMA_P4B,2022-12-20,S2,Orophea thomsonii,Orophea thomsonii,0,0,0,0,1,0,0,0,0,0,,
UPMA_P5B,2022-12-20,S2,Tricalysia apiocarpa,Tricalysia apiocarpa,0,0,0,0,0,0,0,0,1,0,,
UPMA_P5B,2022-12-20,S2,Drypetes malabarica,Drypetes malabarica,0,0,0,0,1,0,1,0,2,0,,
UPMA_P5B,2022-12-20,S2,Aglaia canarana,Aglaia canarana,0,0,0,0,0,0,1,0,0,0,,
UPMA_P5B,2022-12-20,S2,Mesua ferrea,Mesua ferrea,0,0,0,0,0,0,1,0,0,0,,
UPMA_P5B,2022-12-20,S2,Phoebe lanceolata,Phoebe lanceolata,0,0,0,0,0,0,1,0,0,0,,
UPMA_P5B,2022-12-20,S2,Aglaia elaeagnoidea,Aglaia elaeagnoidea,0,0,0,0,1,0,1,0,0,0,,
UPMA_P5B,2022-12-20,S2,Nothopegia racemosa,Nothopegia racemosa,0,0,0,0,1,0,0,0,0,0,,
UPMA_P5B,2022-12-20,S2,Coffee,Coffea canephora,0,0,0,0,3,0,0,0,0,0,,
UPMA_P5B,2022-12-20,S2,Reinwardtiodendron anaimalaiense,Reinwardtiodendron anaimalaiense,0,0,0,0,0,0,0,0,0,1,,
UPMA_P5B,2022-12-20,S2,Caryota urens,Caryota urens,0,0,0,0,1,0,0,0,0,0,,
UPMA_P5B,2022-12-20,S2,Meiogyne pannosa,Meiogyne pannosa,0,0,0,0,0,0,1,0,1,0,,
UPMA_P5B,2022-12-20,S2,Dendrocnide sinuata,Dendrocnide sinuata,0,0,0,0,2,0,1,0,0,0,,
UPMA_P5B,2022-12-20,S2,Tricalysia apiocarpa,Tricalysia apiocarpa,0,0,0,0,0,0,1,0,0,0,,
UPMA_P5B,2022-12-20,S2,Cryptocarya lawsonii,Cryptocarya lawsonii,0,0,0,0,0,0,1,0,1,0,,
UPMA_P6B,2022-12-20,S2,Phoebe lanceolata,Phoebe lanceolata,0,0,0,0,0,0,0,0,1,0,,
UPMA_P6B,2022-12-20,S2,Palaquium ellipticum,Palaquium ellipticum,0,0,0,0,17,0,0,0,0,0,,
UPMA_P6B,2022-12-20,S2,Cullenia exarillata,Cullenia exarillata,0,0,0,0,0,0,2,0,0,0,,
UPMA_P6B,2022-12-20,S2,Hydnocarpus alpina,Hydnocarpus alpinus,0,0,0,0,2,1,2,0,0,1,,
UPMA_P6B,2022-12-20,S2,Litsea floribunda,Litsea floribunda,0,0,0,0,1,0,0,0,0,0,,
UPMA_P6B,2022-12-20,S2,Aporosa acuminata,Aporosa indoacuminata,0,0,0,0,0,0,0,0,1,0,,
UPMA_P6B,2022-12-20,S2,Coffee,Coffea canephora,0,0,0,0,1,0,3,0,0,0,,
UPMA_P6B,2022-12-20,S2,Syzygium gardneri,Syzygium gardneri,0,0,0,0,1,0,0,0,0,0,,
UPMA_P6B,2022-12-20,S2,Goniothalamus sp.,Goniothalamus sp.,0,0,0,0,1,0,0,0,0,0,,
UPMA_P6B,2022-12-20,S2,Aglaia canarana,Aglaia canarana,0,0,0,0,0,0,1,0,0,0,,
UPMA_P6B,2022-12-20,S2,Actinodaphne tadulingamii,Actinodaphne tadulingamii,0,0,0,0,0,0,0,0,1,0,,
UPMA_P6B,2022-12-20,S2,Eugenia sp.,Eugenia sp.,0,0,0,0,1,0,0,0,0,0,,
UPMA_P6B,2022-12-20,S2,Paracroton pendulus,Paracroton pendulus,0,0,0,0,1,0,0,0,0,0,,
UPMA_P6B,2022-12-20,S2,Calophyllum polyanthum,Calophyllum polyanthum,0,0,0,0,1,0,0,0,0,0,,
UPMA_P6B,2022-12-20,S2,Mallotus aureopunctatus,Mallotus aureopunctatus,0,0,0,0,1,0,0,0,0,0,,
PANM_P1B,2022-12-23,S2,Meiogyne pannosa,Meiogyne pannosa,0,0,0,0,2,0,0,0,1,1,,
PANM_P1B,2022-12-23,S2,Villebrunea integrifolia,Villebrunea integrifolia,0,0,0,0,0,0,0,0,0,2,,
PANM_P1B,2022-12-23,S2,Myristica beddomei,Myristica beddomei,0,0,0,0,0,0,0,0,1,0,,
PANM_P1B,2022-12-23,S2,Syzygium rubicundum,Syzygium rubicundum,0,0,0,0,0,0,1,0,0,0,,
PANM_P1B,2022-12-23,S2,Palaquium ellipticum,Palaquium ellipticum,0,0,0,0,41,0,1,0,0,0,,
PANM_P1B,2022-12-23,S2,Litsea floribunda,Litsea floribunda,0,0,0,0,2,0,1,0,0,0,,
PANM_P1B,2022-12-23,S2,Syzygium mundagam,Syzygium mundagam,0,0,0,0,0,0,2,0,0,0,,
PANM_P1B,2022-12-23,S2,Dendrocnide sinuata,Dendrocnide sinuata,0,0,0,0,1,0,2,0,0,1,,
PANM_P1B,2022-12-23,S2,Acronychia pedunculata,Acronychia pedunculata,0,0,0,0,0,0,1,0,0,0,,
PANM_P1B,2022-12-23,S2,Dimocarpus longan,Dimocarpus longan,0,0,0,0,0,0,1,0,0,0,,
PANM_P1B,2022-12-23,S2,Aglaia simplicifolia,Aglaia simplicifolia,0,0,0,0,0,0,1,0,0,0,,
PANM_P1B,2022-12-23,S2,Lepisanthes erecta,Lepisanthes erecta,0,0,0,0,1,0,0,0,0,0,,
PANM_P1B,2022-12-23,S2,Epiprinus mallotiformis,Epiprinus mallotiformis,0,0,0,0,1,0,0,0,0,0,,
PANM_P1B,2022-12-23,S2,Ardisia pauciflora,Ardisia pauciflora,0,0,0,0,1,0,0,0,0,0,,
PANM_P2B,2022-12-23,S2,Artocarpus heterophyllus,Artocarpus heterophyllus,0,0,0,0,0,0,1,0,0,0,,
PANM_P2B,2022-12-23,S2,Dendrocnide sinuata,Dendrocnide sinuata,0,0,0,0,1,0,4,0,1,1,,
PANM_P2B,2022-12-23,S2,Litsea floribunda,Litsea floribunda,0,0,0,0,0,0,4,0,0,0,,
PANM_P2B,2022-12-23,S2,Phoebe lanceolata,Phoebe lanceolata,0,0,0,0,0,0,1,0,0,0,,
PANM_P2B,2022-12-23,S2,Meiogyne pannosa,Meiogyne pannosa,0,0,0,0,0,0,1,0,0,1,,
PANM_P2B,2022-12-23,S2,Beilschmiedia wightii,Beilschmiedia wightii,0,0,0,0,0,0,1,0,0,0,,
PANM_P2B,2022-12-23,S2,Caryota urens,Caryota urens,0,0,0,0,0,0,2,0,0,0,,
PANM_P2B,2022-12-23,S2,Villebrunea integrifolia,Villebrunea integrifolia,0,0,0,0,0,0,0,0,1,1,,
PANM_P2B,2022-12-23,S2,Syzygium mundagam,Syzygium mundagam,0,0,0,0,0,0,0,0,2,0,,
PANM_P2B,2022-12-23,S2,Palaquium ellipticum,Palaquium ellipticum,0,0,0,0,2,0,0,0,0,0,,
PANM_P2B,2022-12-23,S2,Litsea oleiodes,Litsea nigrescens,0,0,0,0,0,0,1,0,0,0,,
PANM_P2B,2022-12-23,S2,Actinodaphne bourdillonii,Actinodaphne bourdillonii,0,0,0,0,0,0,1,0,0,0,,
PANM_P3B,2022-12-23,S2,Dimocarpus longan,Dimocarpus longan,0,0,0,0,0,0,0,0,0,1,,
PANM_P3B,2022-12-23,S2,Agrostistachys borneansis,Agrostistachys borneensis,0,0,0,0,0,0,1,0,0,0,,
PANM_P3B,2022-12-23,S2,Syzygium mundagam,Syzygium mundagam,0,0,0,0,0,0,1,0,1,0,,
PANM_P3B,2022-12-23,S2,Meiogyne pannosa,Meiogyne pannosa,0,0,0,0,0,0,1,0,0,0,,
PANM_P3B,2022-12-23,S2,Litsea oleiodes,Litsea nigrescens,0,0,0,0,1,0,0,0,0,0,,
PANM_P3B,2022-12-23,S2,Diospyros paniculata,Diospyros paniculata,0,0,0,0,1,0,0,0,0,0,,
PANM_P3B,2022-12-23,S2,Caryota urens,Caryota urens,0,0,0,0,0,0,2,0,0,0,,
PANM_P3B,2022-12-23,S2,Microtropis wallichiana,Microtropis wallichiana,0,0,0,0,0,0,1,0,0,0,,
PANM_P4B,2022-12-23,S2,Palaquium ellipticum,Palaquium ellipticum,0,0,0,0,6,0,0,0,0,0,,
PANM_P4B,2022-12-23,S2,Cryptocarya lawsonii,Cryptocarya lawsonii,0,0,0,0,0,0,1,0,0,1,,
PANM_P4B,2022-12-23,S2,Meiogyne pannosa,Meiogyne pannosa,0,0,0,0,0,0,1,0,1,1,,
PANM_P4B,2022-12-23,S2,Syzygium munronii,Syzygium munronii,0,0,0,0,2,0,0,0,0,1,,
PANM_P4B,2022-12-23,S2,Litsea floribunda,Litsea floribunda,0,0,0,0,0,0,0,0,0,1,,
PANM_P4B,2022-12-23,S2,Epiprinus mallotiformis,Epiprinus mallotiformis,0,0,0,0,0,0,1,0,0,0,,
PANM_P4B,2022-12-23,S2,Syzygium rubicundum,Syzygium rubicundum,0,0,0,0,0,0,1,0,0,0,,
PANM_P4B,2022-12-23,S2,Clerodendrum viscosum,Clerodendrum infortunatum,0,0,0,0,0,0,0,0,0,1,,
PANM_P4B,2022-12-23,S2,Lepisanthes erecta,Lepisanthes erecta,0,0,0,0,0,0,2,0,0,0,,
PANM_P4B,2022-12-23,S2,Mesua ferrea,Mesua ferrea,0,0,0,0,1,0,0,0,0,0,,
PANM_P4B,2022-12-23,S2,Agrostistachys borneansis,Agrostistachys borneensis,0,0,0,0,0,0,1,0,0,0,,
INME_03R,2022-12-23,S2,Atalantia racemosa,Atalantia racemosa,0,0,0,0,20,0,0,0,0,0,,
INME_03R,2022-12-23,S2,Aporosa sp.,Aporosa sp.,0,0,0,0,7,0,2,1,1,0,,
INME_03R,2022-12-23,S2,Maesopsis eminii,Maesopsis eminii,0,0,0,0,2,0,18,0,9,2,,
INME_03R,2022-12-23,S2,Cinnamomum malabathrum,Cinnamomum malabatrum,0,0,0,0,13,0,3,0,1,0,,
INME_03R,2022-12-23,S2,Symplocos cochinchinensis,Symplocos cochinchinensis,0,0,0,0,1,0,1,0,1,0,,
INME_03R,2022-12-23,S2,Litsea coriacea,Litsea coriacea,0,0,0,0,2,0,0,0,0,0,,
INME_03R,2022-12-23,S2,Actinodaphne malabaricum,Actinodaphne malabarica,0,0,0,0,2,0,0,0,0,0,,
INME_03R,2022-12-23,S2,Persea macarantha,Persea macrantha,0,0,0,0,1,0,2,0,0,0,,
INME_03R,2022-12-23,S2,Lepisanthes sp.,Lepisanthes sp.,0,0,0,0,0,0,0,0,1,0,,
INME_03R,2022-12-23,S2,Trichilia connaroides,Heynea trijuga,0,0,0,0,1,0,1,0,0,0,,
INME_03R,2022-12-23,S2,Litsea floribunda,Litsea floribunda,0,0,0,0,3,0,1,0,0,0,,
INME_03R,2022-12-23,S2,Litsea oleiodes,Litsea nigrescens,0,0,0,0,1,0,0,0,0,0,,
INME_03R,2022-12-23,S2,Sterculia guttata,Sterculia guttata,0,0,0,0,1,0,0,0,0,0,,
INME_03U,2022-12-23,S2,Aporosa sp.,Aporosa sp.,0,0,0,0,1,0,0,0,0,0,,
INME_03U,2022-12-23,S2,Litsea floribunda,Litsea floribunda,0,0,0,0,5,0,0,0,0,1,,
INME_03U,2022-12-23,S2,Clerodendrum viscosum,Clerodendrum infortunatum,0,0,0,0,2,0,5,0,0,0,,
INME_03U,2022-12-23,S2,Maesopsis eminii,Maesopsis eminii,0,0,0,0,4,0,6,0,0,0,,
INME_03U,2022-12-23,S2,Leea indica,Leea indica,0,0,0,0,1,0,0,0,1,0,,
INME_03U,2022-12-23,S2,Trichilia connaroides,Heynea trijuga,0,0,0,0,1,0,0,0,0,0,,
INME_03U,2022-12-23,S2,Lantana camara,Lantana camara,0,0,0,0,1,0,3,0,0,0,,
INME_03U,2022-12-23,S2,Actinodaphne malabaricum,Actinodaphne malabarica,0,0,0,0,1,0,0,0,0,0,,
INME_03U,2022-12-23,S2,Maesa indica,Maesa indica,0,0,0,0,2,0,3,0,0,0,,
INME_03U,2022-12-23,S2,Artocarpus sp.,Artocarpus sp.,0,0,0,0,1,0,0,0,0,0,,
INDS_03R,2022-12-23,S2,Actinodaphne malabaricum,Actinodaphne malabarica,0,0,0,0,4,0,2,0,0,1,,
INDS_03R,2022-12-23,S2,Trichilia connaroides,Heynea trijuga,0,0,0,0,10,0,0,0,0,0,,
INDS_03R,2022-12-23,S2,Litsea oleiodes,Litsea nigrescens,0,0,0,0,2,0,2,0,3,0,,
INDS_03R,2022-12-23,S2,Persea macarantha,Persea macrantha,0,0,0,0,0,0,2,0,0,0,,
INDS_03R,2022-12-23,S2,Maesa indica,Maesa indica,0,0,0,0,0,0,11,0,1,0,,
INDS_03R,2022-12-23,S2,Maesopsis eminii,Maesopsis eminii,0,0,0,0,0,0,2,0,5,4,,
INDS_03R,2022-12-23,S2,Coffee robusta,Coffea canephora,0,0,0,0,1,0,0,0,0,0,,
INDS_03R,2022-12-23,S2,Holigarna nigra,Holigarna nigra,0,0,0,0,1,0,0,0,0,0,,
INDS_03R,2022-12-23,S2,Glochidion malabaricum,Glochidion malabaricum,0,0,0,0,1,0,0,0,0,0,,
INDS_03R,2022-12-23,S2,Atalantia racemosa,Atalantia racemosa,0,0,0,0,0,0,1,0,0,0,,
INDS_03R,2022-12-23,S2,Dimocarpus longan,Dimocarpus longan,0,0,0,0,0,0,0,0,1,0,,
INDS_03R,2022-12-23,S2,Canarium strictum,Canarium strictum,0,0,0,0,0,0,1,0,0,0,,
INDS_03U,2022-12-23,S2,Litsea coriacea,Litsea coriacea,0,0,0,0,0,0,1,1,0,0,,
INDS_03U,2022-12-23,S2,Sterculia guttata,Sterculia guttata,0,0,0,0,2,0,0,0,0,0,,
INDS_03U,2022-12-23,S2,Maesopsis eminii,Maesopsis eminii,0,0,0,0,0,0,1,0,0,1,,
INDS_03U,2022-12-23,S2,Actinodaphne malabaricum,Actinodaphne malabarica,0,0,0,0,3,0,0,0,0,0,,
INDS_03U,2022-12-23,S2,Trichilia connaroides,Heynea trijuga,0,0,0,0,4,0,0,0,1,0,,
INDS_03U,2022-12-23,S2,Litsea oleiodes,Litsea nigrescens,0,0,0,0,1,0,3,0,1,0,,
INDS_03U,2022-12-23,S2,Dimocarpus longan,Dimocarpus longan,0,0,0,0,0,0,2,0,1,0,,
INDS_03U,2022-12-23,S2,Coffee arabica,Coffea arabica,0,0,0,0,0,0,0,0,1,0,,
INDS_03U,2022-12-23,S2,Persea macarantha,Persea macrantha,0,0,0,0,1,0,2,0,0,0,,
INDS_03U,2022-12-23,S2,Spathodea campanulata,Spathodea campanulata,0,0,0,0,0,0,0,0,2,1,,
INDS_03U,2022-12-23,S2,Leea indica,Leea indica,0,0,0,0,2,0,0,0,0,0,,
INDS_03U,2022-12-23,S2,Cinnamomum malabathrum,Cinnamomum malabatrum,0,0,0,0,0,0,0,0,0,1,,
INDS_03U,2022-12-23,S2,Holigarna nigra,Holigarna nigra,0,0,0,0,2,0,0,0,0,0,,
INDS_03U,2022-12-23,S2,Atalantia racemosa,Atalantia racemosa,0,0,0,0,3,0,0,0,0,0,,
INBS_04R,2022-12-23,S2,Actinodaphne malabaricum,Actinodaphne malabarica,0,0,0,0,2,0,0,0,0,1,,
INBS_04R,2022-12-23,S2,Cinnamomum malabathrum,Cinnamomum malabatrum,0,0,0,0,2,0,2,0,0,0,,
INBS_04R,2022-12-23,S2,Acronychia pedunculata,Acronychia pedunculata,0,0,0,0,3,0,0,0,0,0,,
INBS_04R,2022-12-23,S2,Maesa indica,Maesa indica,0,0,0,0,5,0,8,1,1,0,,
INBS_04R,2022-12-23,S2,Glochidion malabaricum,Glochidion malabaricum,0,0,0,0,2,0,0,0,0,0,,
INBS_04R,2022-12-23,S2,Atalantia racemosa,Atalantia racemosa,0,0,0,0,0,0,1,0,0,0,,
INBS_04R,2022-12-23,S2,Ligustrum perrottetii,Ligustrum perrottetii,0,0,0,0,0,0,1,0,0,0,,
INBS_04R,2022-12-23,S2,Magnolia champaca,Magnolia champaca,0,0,0,0,0,0,1,0,0,0,Check,
INBS_04R,2022-12-23,S2,Litsea floribunda,Litsea floribunda,0,0,0,0,1,0,2,0,0,0,,
INBS_04R,2022-12-23,S2,Olea dioica,Olea dioica,0,0,0,0,0,0,2,0,0,0,,
INBS_04U,2022-12-23,S2,Clerodendrum viscosum,Clerodendrum infortunatum,0,0,0,0,1,0,11,0,2,0,,
INBS_04U,2022-12-23,S2,Lantana camara,Lantana camara,0,0,0,0,0,0,2,0,0,0,,
INBS_04U,2022-12-23,S2,Actinodaphne malabaricum,Actinodaphne malabarica,0,0,0,0,0,0,0,0,1,0,,
INOA_03R,2022-12-23,S2,Litsea floribunda,Litsea floribunda,0,0,0,0,2,0,2,0,0,0,,
INOA_03R,2022-12-23,S2,Actinodaphne malabaricum,Actinodaphne malabarica,0,0,0,0,0,0,0,0,0,1,,
INOA_03R,2022-12-23,S2,Ligustrum perrottetii,Ligustrum perrottetii,0,0,0,0,0,0,1,0,0,0,,
INOA_03R,2022-12-23,S2,Maesopsis eminii,Maesopsis eminii,0,0,0,0,4,0,4,0,6,2,,
INOA_03R,2022-12-23,S2,Coffee arabica,Coffea arabica,0,0,0,0,13,0,5,0,2,0,,
INOA_03R,2022-12-23,S2,Atalantia racemosa,Atalantia racemosa,0,0,0,0,1,0,3,0,0,0,,
INOA_03R,2022-12-23,S2,Trichilia connaroides,Heynea trijuga,0,0,0,0,0,0,1,0,0,0,,
INOA_03R,2022-12-23,S2,Cinnamomum malabathrum,Cinnamomum malabatrum,0,0,0,0,8,0,3,0,0,0,,
INOA_03R,2022-12-23,S2,Ficus hispida,Ficus hispida,0,0,0,0,1,0,0,0,0,0,,
INOA_03R,2022-12-23,S2,Litsea coriacea,Litsea coriacea,0,0,0,0,0,0,0,0,1,0,,
INOA_03U,2022-12-23,S2,Clerodendrum viscosum,Clerodendrum infortunatum,0,0,0,0,8,0,26,0,1,0,,
INOA_03U,2022-12-23,S2,Lantana camara,Lantana camara,0,0,0,0,4,0,1,0,0,0,,
INOA_03U,2022-12-23,S2,Maesa indica,Maesa indica,0,0,0,0,3,0,1,0,0,0,,
STM1_02R,2022-12-23,S2,Olea dioica,Olea dioica,0,0,0,0,0,0,2,0,0,0,,
STM1_02R,2022-12-23,S2,Atalantia racemosa,Atalantia racemosa,0,0,0,0,45,0,11,0,0,0,,
STM1_02R,2022-12-23,S2,Syzygium jambos,Syzygium jambos,0,0,0,0,38,0,8,0,0,0,,
STM1_02R,2022-12-23,S2,Maesopsis eminii,Maesopsis eminii,0,0,0,0,0,0,2,0,6,2,,
STM1_02R,2022-12-23,S2,Dimocarpus longan,Dimocarpus longan,0,0,0,0,3,0,2,0,3,1,,
STM1_02R,2022-12-23,S2,Trichilia connaroides,Heynea trijuga,0,0,0,0,3,0,0,0,0,1,,
STM1_02R,2022-12-23,S2,Archidendron sp.,Archidendron sp.,0,0,0,0,21,0,10,0,0,0,,
STM1_02R,2022-12-23,S2,Clerodendrum viscosum,Clerodendrum infortunatum,0,0,0,0,0,0,1,0,0,0,,
STM1_02R,2022-12-23,S2,Artocarpus heterophyllus,Artocarpus heterophyllus,0,0,0,0,0,0,2,0,1,0,,
STM1_02R,2022-12-23,S2,Syzygium cumini,Syzygium cumini,0,0,0,0,2,0,8,0,0,2,,
STM1_02R,2022-12-23,S2,Litsea oleiodes,Litsea nigrescens,0,0,0,0,0,0,0,0,1,1,,
STM1_02R,2022-12-23,S2,Elaeocarpus tuberculatus,Elaeocarpus tuberculatus,0,0,0,0,0,0,1,0,0,0,,
STM1_02R,2022-12-23,S2,Meliosma pinnata,Meliosma pinnata,0,0,0,0,0,0,1,0,0,0,,
STM1_02R,2022-12-23,S2,Myristica beddomei,Myristica beddomei,0,0,0,0,0,0,1,0,0,0,,
STM1_02U,2022-12-23,S2,Lantana camara,Lantana camara,0,0,0,0,1,0,1,0,0,0,,
STM1_02U,2022-12-23,S2,Syzygium jambos,Syzygium jambos,0,0,0,0,2,0,0,0,0,0,,
STM2_04R,2022-12-23,S2,Ormosia travancorica,Ormosia travancorica,0,0,0,0,0,0,0,1,0,0,,
STM2_04R,2022-12-23,S2,Ficus hispida,Ficus hispida,0,0,0,0,1,0,0,0,0,0,,
STM2_04R,2022-12-23,S2,Litsea floribunda,Litsea floribunda,0,0,0,0,2,0,3,0,2,0,,
STM2_04R,2022-12-23,S2,Dimocarpus longan,Dimocarpus longan,0,0,0,0,0,0,0,0,1,0,,
STM2_04R,2022-12-23,S2,Persea macarantha,Persea macrantha,0,0,0,0,0,0,2,0,1,0,,
STM2_04R,2022-12-23,S2,Actinodaphne malabaricum,Actinodaphne malabarica,0,0,0,0,2,0,0,0,0,0,,
STM2_04R,2022-12-23,S2,Mesua ferrea,Mesua ferrea,0,0,0,0,0,0,0,0,0,1,,
STM2_04R,2022-12-23,S2,Myristica beddomei,Myristica beddomei,0,0,0,0,1,0,0,0,0,0,,
STM2_04R,2022-12-23,S2,Atalantia racemosa,Atalantia racemosa,0,0,0,0,1,0,2,0,0,0,,
STM2_04R,2022-12-23,S2,Meliosma pinnata,Meliosma pinnata,0,0,0,0,0,0,0,0,0,1,,
STM2_04U,2022-12-23,S2,Dimocarpus longan,Dimocarpus longan,0,0,0,0,0,0,0,0,1,0,,
STM2_04U,2022-12-23,S2,Clerodendrum viscosum,Clerodendrum infortunatum,0,0,0,0,0,0,1,0,2,1,,
STM2_04U,2022-12-23,S2,Myristica beddomei,Myristica beddomei,0,0,0,0,0,0,1,0,0,0,,
STM2_04U,2022-12-23,S2,Magnolia champaca,Magnolia champaca,0,0,0,0,1,0,0,0,0,0,,
STM2_04U,2022-12-23,S2,Aglaia canarana,Aglaia canarana,0,0,0,0,4,0,1,0,0,0,,
STM2_04U,2022-12-23,S2,Persea macarantha,Persea macrantha,0,0,0,0,0,0,0,0,2,0,,
STM2_04U,2022-12-23,S2,Maesopsis eminii,Maesopsis eminii,0,0,0,0,0,0,0,0,1,0,,
STM2_04U,2022-12-23,S2,Litsea floribunda,Litsea floribunda,0,0,0,0,0,0,0,0,1,0,,
STM2_04U,2022-12-23,S2,Actinodaphne malabaricum,Actinodaphne malabarica,0,0,0,0,2,0,1,0,0,0,,
STM2_04U,2022-12-23,S2,Elaeocarpus tuberculatus,Elaeocarpus tuberculatus,0,0,0,0,1,0,0,0,0,0,,
STIN_02R,2022-12-23,S2,Aphanamixis polystachya,Aphanamixis polystachya,0,0,0,0,2,0,1,0,0,0,,
STIN_02R,2022-12-23,S2,Cinnamomum malabathrum,Cinnamomum malabatrum,0,0,0,0,0,0,1,0,0,0,,
STIN_02R,2022-12-23,S2,Litsea floribunda,Litsea floribunda,0,0,0,0,7,0,2,0,1,0,,
STIN_02R,2022-12-23,S2,Syzygium cumini,Syzygium cumini,0,0,0,0,1,0,1,0,0,0,,
STIN_02R,2022-12-23,S2,Maesa indica,Maesa indica,0,0,0,0,3,0,4,0,2,0,,
STIN_02R,2022-12-23,S2,Atalantia racemosa,Atalantia racemosa,0,0,0,0,8,0,8,0,0,0,,
STIN_02R,2022-12-23,S2,Trichilia connaroides,Heynea trijuga,0,0,0,0,10,0,0,0,0,0,,
STIN_02R,2022-12-23,S2,Syzygium rubicundum,Syzygium rubicundum,0,0,0,0,1,0,0,0,0,0,,
STIN_02R,2022-12-23,S2,Cullenia exarillata,Cullenia exarillata,0,0,0,0,0,0,0,0,0,1,,
STIN_02R,2022-12-23,S2,Nothapodytes nimmoniana,Nothapodytes nimmoniana,0,0,0,0,0,0,1,0,0,0,,
STIN_02R,2022-12-23,S2,Maesopsis eminii,Maesopsis eminii,0,0,0,0,0,0,1,0,1,0,,
STIN_02R,2022-12-23,S2,Litsea oleiodes,Litsea nigrescens,0,0,0,0,2,0,0,0,0,0,,
STIN_02R,2022-12-23,S2,Symplocos cochinchinensis,Symplocos cochinchinensis,0,0,0,0,3,0,0,0,0,0,,
STIN_02R,2022-12-23,S2,Acronychia pedunculata,Acronychia pedunculata,0,0,0,0,0,0,5,0,0,0,,
STIN_02R,2022-12-23,S2,Antidesma menausa,Antidesma menasu,0,0,0,0,1,0,0,0,0,0,,
STIN_02U,2022-12-23,S2,Clerodendrum viscosum,Clerodendrum infortunatum,0,0,0,0,1,0,7,0,7,4,,
STIN_02U,2022-12-23,S2,Ficus exasperata,Ficus exasperata,0,0,0,0,0,0,0,1,0,0,,
STIN_02U,2022-12-23,S2,Maesopsis eminii,Maesopsis eminii,0,0,0,0,1,0,3,0,0,0,,
STIN_02U,2022-12-23,S2,Actinodaphne malabaricum,Actinodaphne malabarica,0,0,0,0,16,0,7,0,0,0,,
STIN_02U,2022-12-23,S2,Maesa indica,Maesa indica,0,0,0,0,2,0,10,0,5,0,,
STIN_02U,2022-12-23,S2,Aglaia canarana,Aglaia canarana,0,0,0,0,3,0,5,0,0,0,,
STIN_02U,2022-12-23,S2,Trichilia connaroides,Heynea trijuga,0,0,0,0,3,0,0,0,0,0,,
STIN_02U,2022-12-23,S2,Cinnamomum malabathrum,Cinnamomum malabatrum,0,0,0,0,0,0,3,0,0,0,,
STIN_02U,2022-12-23,S2,Litsea oleiodes,Litsea nigrescens,0,0,0,0,1,0,0,0,0,0,,
STIN_02U,2022-12-23,S2,Clausena indica,Clausena indica,0,0,0,0,0,0,1,0,0,0,,
STIN_02U,2022-12-23,S2,Persea macarantha,Persea macrantha,0,0,0,0,0,0,2,0,0,0,,
STIN_02U,2022-12-23,S2,Atalantia racemosa,Atalantia racemosa,0,0,0,0,0,0,1,0,0,0,,
STIN_02U,2022-12-23,S2,Myristica beddomei,Myristica beddomei,0,0,0,0,0,0,1,0,0,0,,
STIN_02U,2022-12-23,S2,Elaeocarpus tuberculatus,Elaeocarpus tuberculatus,0,0,0,0,1,0,0,0,0,0,,
SIRK_P1D,2022-12-24,S2,Aporosa sp.,Aporosa sp.,0,0,0,0,8,0,16,0,0,1,,
SIRK_P1D,2022-12-24,S2,Symplocos cochinchinensis,Symplocos cochinchinensis,0,0,0,0,2,0,7,0,0,0,,
SIRK_P1D,2022-12-24,S2,Xanthophyllum flavescens,Xanthophyllum flavescens,0,0,0,0,7,0,1,0,0,0,,
SIRK_P1D,2022-12-24,S2,Actinodaphne tadulingamii,Actinodaphne tadulingamii,0,0,0,0,1,0,1,0,0,0,,
SIRK_P1D,2022-12-24,S2,Atalantia racemosa,Atalantia racemosa,0,0,0,0,2,0,0,0,0,0,,
SIRK_P1D,2022-12-24,S2,Litsea floribunda,Litsea floribunda,0,0,0,0,0,0,0,1,0,1,,
SIRK_P2D,2022-12-24,S2,Symplocos cochinchinensis,Symplocos cochinchinensis,0,0,0,0,1,0,8,0,0,0,,
SIRK_P2D,2022-12-24,S2,Litsea floribunda,Litsea floribunda,0,0,0,0,0,0,6,3,0,0,,
SIRK_P2D,2022-12-24,S2,Maesopsis eminii,Maesopsis eminii,0,0,0,0,15,0,3,0,1,0,,
SIRK_P2D,2022-12-24,S2,Elaeocarpus serratus,Elaeocarpus serratus,0,0,0,0,1,0,0,0,0,0,,
SIRK_P3D,2022-12-24,S2,Symplocos cochinchinensis,Symplocos cochinchinensis,0,0,0,0,2,0,12,0,0,0,,
SIRK_P3D,2022-12-24,S2,Gliricidia sepium,Gliricidia sepium,0,0,0,0,1,0,6,0,0,1,,
SIRK_P3D,2022-12-24,S2,Xanthophyllum flavescens,Xanthophyllum flavescens,0,0,0,0,5,0,0,0,0,0,,
SIRK_P3D,2022-12-24,S2,Diospyros sylvatica,Diospyros sylvatica,0,0,0,0,0,0,1,0,0,0,,
SIRK_P3D,2022-12-24,S2,Aporosa sp.,Aporosa sp.,0,0,0,0,0,0,3,0,2,0,,
SIRK_P3D,2022-12-24,S2,Atalantia racemosa,Atalantia racemosa,0,0,0,0,2,0,0,0,0,0,,
SIRK_P3D,2022-12-24,S2,Nothapodytes nimmoniana,Nothapodytes nimmoniana,0,0,0,0,0,0,1,0,0,0,,
SIRK_P3D,2022-12-24,S2,Ficus hispida,Ficus hispida,0,0,0,0,1,0,0,0,0,0,,
SIRK_P3D,2022-12-24,S2,Acronychia pedunculata,Acronychia pedunculata,0,0,0,0,1,0,0,0,0,0,,
SIRK_P3D,2022-12-24,S2,Litsea floribunda,Litsea floribunda,0,0,0,0,0,0,0,0,0,1,,
PTTM_P1D,2022-12-22,S2,Clerodendrum viscosum,Clerodendrum infortunatum,0,0,0,0,0,0,4,0,2,0,,
PTTM_P1D,2022-12-22,S2,Diospyros sylvatica,Diospyros sylvatica,0,0,0,0,0,0,0,0,0,1,,
PTTM_P1D,2022-12-22,S2,Acronychia pedunculata,Acronychia pedunculata,0,0,0,0,0,0,1,0,0,0,,
PTTM_P1D,2022-12-22,S2,Litsea floribunda,Litsea floribunda,0,0,0,0,1,0,2,0,0,2,,
PTTM_P1D,2022-12-22,S2,Coffee arabica,Coffea arabica,0,0,0,0,73,0,42,0,0,0,,
PTTM_P1D,2022-12-22,S2,Maesopsis eminii,Maesopsis eminii,0,0,0,0,7,0,0,0,0,0,,
PTTM_P1D,2022-12-22,S2,Coffee robusta,Coffea canephora,0,0,0,0,4,0,12,0,0,0,,
PTTM_P1D,2022-12-22,S2,Otonephelium stipulaceum,Otonephelium stipulaceum,0,0,0,0,0,0,1,0,0,0,,
PTTM_P1D,2022-12-22,S2,Actinodaphne bourdillonii,Actinodaphne bourdillonii,0,0,0,0,1,0,0,0,0,0,,
PTTM_P1D,2022-12-22,S2,Olea dioica,Olea dioica,0,0,0,0,0,0,1,0,0,0,,
PTTM_P2D,2022-12-22,S2,Coffee robusta,Coffea canephora,0,0,0,0,57,0,52,0,3,2,,
PTTM_P2D,2022-12-22,S2,Diospyros sylvatica,Diospyros sylvatica,0,0,0,0,1,0,7,0,2,1,,
PTTM_P2D,2022-12-22,S2,Dysoxylum binectariferum,Dysoxylum gotadhora,0,0,0,0,0,0,1,0,0,0,,
PTTM_P2D,2022-12-22,S2,Litsea oleiodes,Litsea nigrescens,0,0,0,0,0,0,1,0,0,2,,
PTTM_P2D,2022-12-22,S2,Heritiera papilio,Heritiera papilio,0,0,0,0,0,0,14,0,0,0,,
PTTM_P2D,2022-12-22,S2,Olea dioica,Olea dioica,0,0,0,0,3,0,4,0,0,0,,
PTTM_P2D,2022-12-22,S2,Clerodendrum viscosum,Clerodendrum infortunatum,0,0,0,0,0,0,1,0,0,0,,
PTTM_P2D,2022-12-22,S2,Coffee arabica,Coffea arabica,0,0,0,0,0,0,1,0,0,0,,
PTTM_P2D,2022-12-22,S2,Dimocarpus longan,Dimocarpus longan,0,0,0,0,3,0,0,0,0,0,,
PTTM_P2D,2022-12-22,S2,Heynea trijuga,Heynea trijuga,0,0,0,0,2,0,0,0,0,0,,
PTTM_P2D,2022-12-22,S2,Chionanthus courtallensis,Chionanthus courtallensis,0,0,0,0,0,0,1,0,1,0,,
PTTM_P2D,2022-12-22,S2,Litsea sp.,Litsea sp.,0,0,0,0,0,0,1,0,0,0,,
PTTM_P2D,2022-12-22,S2,Actinodaphne bourdillonii,Actinodaphne bourdillonii,0,0,0,0,0,0,0,0,0,1,,
IPCO_07R,2022-12-22,S2,Clerodendrum viscosum,Clerodendrum infortunatum,0,0,0,0,0,0,0,0,1,0,,
IPCO_07R,2022-12-22,S2,Microtropis wallichiana,Microtropis wallichiana,0,0,0,0,0,0,1,0,0,0,,
IPCO_07R,2022-12-22,S2,Maesa indica,Maesa indica,0,0,0,0,0,0,4,0,1,0,,
IPCO_07R,2022-12-22,S2,Syzygium cumini,Syzygium cumini,0,0,0,0,0,0,0,0,0,1,,
IPCO_07R,2022-12-22,S2,Atalantia racemosa,Atalantia racemosa,0,0,0,0,18,0,2,0,1,0,,
IPCO_07R,2022-12-22,S2,Lantana camara,Lantana camara,0,0,0,0,0,0,0,0,1,1,,
IPCO_07R,2022-12-22,S2,Cinnamomum malabathrum,Cinnamomum malabatrum,0,0,0,0,0,0,0,0,0,1,,
IPCO_07R,2022-12-22,S2,Persea macarantha,Persea macrantha,0,0,0,0,0,0,0,0,1,0,Planted,Y
IPCO_07U,2022-12-22,S2,Cinnamomum malabathrum,Cinnamomum malabatrum,0,0,0,0,0,0,1,0,2,0,,
IPCO_07U,2022-12-22,S2,Actinodaphne bourdillonii,Actinodaphne bourdillonii,0,0,0,0,0,0,0,0,0,0,,
IPCO_07U,2022-12-22,S2,Breynia vitis-idaea,Breynia vitis-idaea,0,0,0,0,0,0,1,0,0,0,,
IPCO_07U,2022-12-22,S2,Persea macarantha,Persea macrantha,0,0,0,0,0,0,0,0,2,0,,
IPCO_07U,2022-12-22,S2,Maesa indica,Maesa indica,0,0,0,0,2,0,3,0,2,0,,
IPCO_07U,2022-12-22,S2,Lantana camara,Lantana camara,0,0,0,0,0,0,0,0,3,2,,
IPCO_07U,2022-12-22,S2,Heritiera papilio,Heritiera papilio,0,0,0,0,0,0,0,0,1,0,,
IPCO_07U,2022-12-22,S2,Nothopegia beddomei,Nothopegia beddomei,0,0,0,0,1,0,0,0,0,0,,
IPCO_07U,2022-12-22,S2,Litsea coriacea,Litsea coriacea,0,0,0,0,1,0,2,0,0,0,,
IPCO_07U,2022-12-22,S2,Clerodendrum viscosum,Clerodendrum infortunatum,0,0,0,0,0,0,1,0,1,1,,
IPCO_07U,2022-12-22,S2,Ficus exasperata,Ficus exasperata,0,0,0,0,0,0,1,0,1,0,,
IPCO_07U,2022-12-22,S2,Litsea oleiodes,Litsea nigrescens,0,0,0,0,0,0,0,0,0,1,,
IPCO_07U,2022-12-22,S2,Aglaia canarana,Aglaia canarana,0,0,0,0,1,0,1,0,0,0,,
IPCO_07U,2022-12-22,S2,Litsea stocksii,Litsea stocksii,0,0,0,0,0,0,1,0,0,0,,
IPCO_07U,2022-12-22,S2,Symplocos cochinchinensis,Symplocos cochinchinensis,0,0,0,0,1,0,0,0,0,0,,
IPCO_08R,2022-12-22,S2,Clerodendrum viscosum,Clerodendrum infortunatum,0,0,0,0,2,0,4,0,0,0,,
IPCO_08R,2022-12-22,S2,Litsea coriacea,Litsea coriacea,0,0,0,0,0,0,4,1,1,0,,
IPCO_08R,2022-12-22,S2,Persea macarantha,Persea macrantha,0,0,0,0,1,0,0,0,0,0,,
IPCO_08R,2022-12-22,S2,Atalantia racemosa,Atalantia racemosa,0,0,0,0,7,0,8,0,3,0,,
IPCO_08R,2022-12-22,S2,Diospyros nilagirica,Diospyros nilagirica,0,0,0,0,0,0,0,0,1,0,,
IPCO_08R,2022-12-22,S2,Actinodaphne bourdillonii,Actinodaphne bourdillonii,0,0,0,0,2,0,2,0,0,0,,
IPCO_08R,2022-12-22,S2,Litsea oleiodes,Litsea nigrescens,0,0,0,0,0,0,1,0,0,0,,
IPCO_08R,2022-12-22,S2,Aglaia simplicifolia,Aglaia simplicifolia,0,0,0,0,0,0,1,0,0,0,,
IPCO_08R,2022-12-22,S2,Aglaia canarana,Aglaia canarana,0,0,0,0,0,0,1,0,0,0,,
IPCO_08R,2022-12-22,S2,Ficus hispida,Ficus hispida,0,0,0,0,3,0,2,0,0,0,,
IPCO_08R,2022-12-22,S2,Beilschmiedia wightii,Beilschmiedia wightii,0,0,0,0,1,0,0,0,0,0,,
IPCO_08R,2022-12-22,S2,Meiogyne pannosa,Meiogyne pannosa,0,0,0,0,0,0,1,0,0,0,,
IPCO_08R,2022-12-22,S2,Microtropis wallichiana,Microtropis wallichiana,0,0,0,0,0,0,2,0,2,0,,
IPCO_08R,2022-12-22,S2,Cinnamomum malabathrum,Cinnamomum malabatrum,0,0,0,0,0,0,1,1,0,0,,
IPCO_08R,2022-12-22,S2,Maesa indica,Maesa indica,0,0,0,0,0,0,1,0,0,0,,
IPCO_08R,2022-12-22,S2,Dichapetalum gelonioides,Dichapetalum gelonioides,0,0,0,0,1,0,1,0,0,0,,
IPCO_08U,2022-12-22,S2,Meiogyne pannosa,Meiogyne pannosa,0,0,0,0,7,0,3,0,0,0,,
IPCO_08U,2022-12-22,S2,Microtropis wallichiana,Microtropis wallichiana,0,0,0,0,1,0,4,0,5,0,,
IPCO_08U,2022-12-22,S2,Maesa indica,Maesa indica,0,0,0,0,0,0,4,0,3,3,,
IPCO_08U,2022-12-22,S2,Clerodendrum viscosum,Clerodendrum infortunatum,0,0,0,0,1,0,2,0,5,1,,
IPCO_08U,2022-12-22,S2,Nothapodytes nimmoniana,Nothapodytes nimmoniana,0,0,0,0,1,0,1,0,1,0,,
IPCO_08U,2022-12-22,S2,Heritiera papilio,Heritiera papilio,0,0,0,0,1,0,2,0,0,0,,
IPCO_08U,2022-12-22,S2,Atalantia racemosa,Atalantia racemosa,0,0,0,0,2,0,2,0,0,0,,
IPCO_08U,2022-12-22,S2,Lepisanthes deficiens,Lepisanthes deficiens,0,0,0,0,0,0,0,0,1,0,,
HP40_05R,2022-12-21,S2,Clerodendrum viscosum,Clerodendrum infortunatum,0,0,0,0,4,0,4,0,0,1,,
HP40_05R,2022-12-21,S2,Maesa indica,Maesa indica,0,0,0,0,0,0,3,0,3,1,,
HP40_05R,2022-12-21,S2,Nothapodytes nimmoniana,Nothapodytes nimmoniana,0,0,0,0,6,0,2,0,0,0,,
HP40_05R,2022-12-21,S2,Ormosia travancorica,Ormosia travancorica,0,0,0,0,0,0,1,0,0,0,1 planted,1
HP40_05R,2022-12-21,S2,Atalantia racemosa,Atalantia racemosa,0,0,0,0,8,0,10,0,0,0,,
HP40_05R,2022-12-21,S2,Heritiera papilio,Heritiera papilio,0,0,0,0,0,0,1,0,0,0,1 planted,1
HP40_05R,2022-12-21,S2,Litsea bourdillonii,Litsea bourdillonii,0,0,0,0,0,0,1,0,0,0,,
HP40_05R,2022-12-21,S2,Nageia wallichiana,Nageia wallichiana,0,0,0,0,0,0,1,0,0,0,1 planted,1
HP40_05R,2022-12-21,S2,Syzygium rubicundum,Syzygium rubicundum,0,0,0,0,0,0,2,0,0,0,2 planted,2
HP40_05U,2022-12-21,S2,Heritiera papilio,Heritiera papilio,0,0,0,0,1,0,2,0,0,0,,
HP40_05U,2022-12-21,S2,Lantana camara,Lantana camara,0,0,0,0,0,0,0,0,2,0,,
HP40_05U,2022-12-21,S2,Nothopegia beddomei,Nothopegia beddomei,0,0,0,0,0,0,0,0,1,0,,
HP40_05U,2022-12-21,S2,Diospyros nilagirica,Diospyros nilagirica,0,0,0,0,1,0,0,0,3,0,,
HP40_05U,2022-12-21,S2,Meiogyne pannosa,Meiogyne pannosa,0,0,0,0,1,0,0,0,0,0,,
HP40_05U,2022-12-21,S2,Neolitsea scrobiculata,Neolitsea scrobiculata,0,0,0,0,0,0,0,0,1,0,,
HP40_05U,2022-12-21,S2,Cinnamomum malabathrum,Cinnamomum malabatrum,0,0,0,0,0,0,2,0,4,0,,
HP40_05U,2022-12-21,S2,Eugenia sp.,Eugenia sp.,0,0,0,0,0,0,0,0,1,0,,
HP40_05U,2022-12-21,S2,Maesa indica,Maesa indica,0,0,0,0,0,0,1,0,1,0,,
HP40_05U,2022-12-21,S2,Actinodaphne bourdillonii,Actinodaphne bourdillonii,0,0,0,0,0,0,1,0,0,0,,
HP40_05U,2022-12-21,S2,Sterculia guttata,Sterculia guttata,0,0,0,0,0,0,1,0,0,0,,
HP40_05U,2022-12-21,S2,Atalantia racemosa,Atalantia racemosa,0,0,0,0,1,0,1,0,0,0,,
HP40_05U,2022-12-21,S2,Litsea bourdillonii,Litsea bourdillonii,0,0,0,0,0,0,0,0,1,0,,
HP40_05U,2022-12-21,S2,Clerodendrum viscosum,Clerodendrum infortunatum,0,0,0,0,1,0,1,0,0,0,,
HP40_05U,2022-12-21,S2,Syzygium cumini,Syzygium cumini,0,0,0,0,2,0,2,0,0,0,,
HP40_05U,2022-12-21,S2,Prunus ceylanica,Prunus ceylanica,0,0,0,0,0,0,0,0,1,0,,
HP40_05U,2022-12-21,S2,Syzygium densiflorum,Syzygium densiflorum,0,0,0,0,0,0,0,0,1,0,,
HP40_05U,2022-12-21,S2,Ficus hispida,Ficus hispida,0,0,0,0,1,0,0,0,0,0,,
HP40_08R,2022-12-21,S2,Clerodendrum viscosum,Clerodendrum infortunatum,0,0,0,0,0,0,1,0,3,2,,
HP40_08R,2022-12-21,S2,Syzygium cumini,Syzygium cumini,0,0,0,0,0,0,1,0,1,0,,
HP40_08R,2022-12-21,S2,Nothapodytes nimmoniana,Nothapodytes nimmoniana,0,0,0,0,1,0,3,0,0,0,,
HP40_08R,2022-12-21,S2,Persea macarantha,Persea macrantha,0,0,0,0,0,0,1,0,0,0,,
HP40_08R,2022-12-21,S2,Maesa indica,Maesa indica,0,0,0,0,3,0,10,0,2,1,,
HP40_08R,2022-12-21,S2,Heritiera papilio,Heritiera papilio,0,0,0,0,2,0,0,0,0,0,,
HP40_08U,2022-12-21,S2,Meiogyne pannosa,Meiogyne pannosa,0,0,0,0,2,0,2,0,3,1,,
HP40_08U,2022-12-21,S2,Pseudoglochidion anamalayanum,Pseudoglochidion anamalayanum,0,0,0,0,0,0,0,0,1,0,,
HP40_08U,2022-12-21,S2,Atalantia racemosa,Atalantia racemosa,0,0,0,0,30,0,17,0,1,0,,
HP40_08U,2022-12-21,S2,Diospyros nilagirica,Diospyros nilagirica,0,0,0,0,1,0,0,0,1,1,,
HP40_08U,2022-12-21,S2,Syzygium densiflorum,Syzygium densiflorum,0,0,0,0,0,0,0,0,1,0,,
HP40_08U,2022-12-21,S2,Clerodendrum viscosum,Clerodendrum infortunatum,0,0,0,0,0,0,1,0,0,3,,
HP40_08U,2022-12-21,S2,Litsea bourdillonii,Litsea bourdillonii,0,0,0,0,0,0,3,0,2,1,,
HP40_08U,2022-12-21,S2,Aporosa sp.,Aporosa sp.,0,0,0,0,0,0,1,0,0,0,,
HP40_08U,2022-12-21,S2,Montanoa sp.,Montanoa hibiscifolia,0,0,0,0,0,0,2,0,3,0,,
HP40_08U,2022-12-21,S2,Dimocarpus longan,Dimocarpus longan,0,0,0,0,0,0,0,0,0,0,,
HP40_08U,2022-12-21,S2,Nothapodytes nimmoniana,Nothapodytes nimmoniana,0,0,0,0,0,0,1,0,0,0,,
HP40_08U,2022-12-21,S2,Palaquium ellipticum,Palaquium ellipticum,0,0,0,0,0,0,1,0,0,0,,
IPTO_04R,2022-12-21,S2,Maesa indica,Maesa indica,0,0,0,0,1,0,4,0,0,0,,
IPTO_04R,2022-12-21,S2,Antidesma menausa,Antidesma menasu,0,0,0,0,1,0,0,0,0,0,,
IPTO_04R,2022-12-21,S2,Cinnamomum malabathrum,Cinnamomum malabatrum,0,0,0,0,0,0,6,0,2,0,,
IPTO_04R,2022-12-21,S2,Ligustrum perrottetii,Ligustrum perrottetii,0,0,0,0,3,0,1,0,0,0,,
IPTO_04R,2022-12-21,S2,Clerodendrum viscosum,Clerodendrum infortunatum,0,0,0,0,0,0,6,0,0,0,,
IPTO_04R,2022-12-21,S2,Ficus callosa,Ficus callosa,0,0,0,0,0,0,1,0,0,0,,
IPTO_04R,2022-12-21,S2,Lantana camara,Lantana camara,0,0,0,0,0,0,6,0,0,0,,
IPTO_04R,2022-12-21,S2,Lepisanthes deficiens,Lepisanthes deficiens,0,0,0,0,0,0,2,0,0,0,,
IPTO_04R,2022-12-21,S2,Acronychia pedunculata,Acronychia pedunculata,0,0,0,0,0,0,6,0,1,1,,
IPTO_04R,2022-12-21,S2,Cullenia exarillata,Cullenia exarillata,0,0,0,0,0,0,2,0,0,0,2 planted,2
IPTO_04R,2022-12-21,S2,Prunus ceylanica,Prunus ceylanica,0,0,0,0,0,0,0,0,1,0,,
IPTO_04R,2022-12-21,S2,Nothapodytes nimmoniana,Nothapodytes nimmoniana,0,0,0,0,0,0,1,0,0,0,,
IPTO_04R,2022-12-21,S2,Litsea floribunda,Litsea floribunda,0,0,0,0,0,0,0,0,0,1,,
IPTO_04R,2022-12-21,S2,Actinodaphne bourdillonii,Actinodaphne bourdillonii,0,0,0,0,0,0,1,0,0,0,,
IPTO_04R,2022-12-21,S2,Trichilia connaroides,Heynea trijuga,0,0,0,0,0,0,0,0,0,0,Planted,Y
IPTO_04U,2022-12-21,S2,Neolitsea zeylanica,Neolitsea zeylanica,0,0,0,0,0,0,0,0,1,1,,
IPTO_04U,2022-12-21,S2,Maesa indica,Maesa indica,0,0,0,0,1,0,2,0,1,0,,
IPTO_04U,2022-12-21,S2,Atalantia racemosa,Atalantia racemosa,0,0,0,0,0,0,3,0,0,0,,
IPTO_04U,2022-12-21,S2,UN ID,Unidentified,0,0,0,0,0,0,2,0,0,0,,
IPTO_04U,2022-12-21,S2,Actinodaphne bourdillonii,Actinodaphne bourdillonii,0,0,0,0,0,0,0,0,1,0,,
IPTO_04U,2022-12-21,S2,Nothapodytes nimmoniana,Nothapodytes nimmoniana,0,0,0,0,0,0,1,0,0,0,,
IPTO_04U,2022-12-21,S2,Toona ciliata,Toona ciliata,0,0,0,0,0,0,0,0,0,2,,
IPTO_04U,2022-12-21,S2,Ficus hispida,Ficus hispida,0,0,0,0,3,0,0,0,0,0,,
IPTO_04U,2022-12-21,S2,Clausena indica,Clausena indica,0,0,0,0,0,0,3,0,0,0,,
IPTO_04U,2022-12-21,S2,Clerodendrum viscosum,Clerodendrum infortunatum,0,0,0,0,0,0,0,0,0,1,,
IPTO_04U,2022-12-21,S2,Syzygium cumini,Syzygium cumini,0,0,0,0,0,0,0,0,0,1,,
IPTO_05R,2022-12-21,S2,Litsea stocksii,Litsea stocksii,0,0,0,0,0,0,1,0,0,0,Planted,Y
IPTO_05R,2022-12-21,S2,Atalantia racemosa,Atalantia racemosa,0,0,0,0,4,0,4,0,1,0,,
IPTO_05R,2022-12-21,S2,Dichapetalum gelonioides,Dichapetalum gelonioides,0,0,0,0,0,0,1,0,0,0,,
IPTO_05R,2022-12-21,S2,Eugenia sp.,Eugenia sp.,0,0,0,0,0,0,0,0,0,1,,
IPTO_05R,2022-12-21,S2,Acronychia pedunculata,Acronychia pedunculata,0,0,0,0,0,0,0,0,1,1,,
IPTO_05R,2022-12-21,S2,Heritiera papilio,Heritiera papilio,0,0,0,0,1,0,2,0,0,0,2 planted,2
IPTO_05R,2022-12-21,S2,Ormosia travancorica,Ormosia travancorica,0,0,0,0,0,0,1,0,0,0,1 planted,1
IPTO_05R,2022-12-21,S2,Microtropis wallichiana,Microtropis wallichiana,0,0,0,0,0,0,1,0,0,0,,
IPTO_05R,2022-12-21,S2,Cinnamomum malabathrum,Cinnamomum malabatrum,0,0,0,0,0,0,1,0,1,0,,
IPTO_05R,2022-12-21,S2,Symplocos sp.,Symplocos sp.,0,0,0,0,2,0,0,0,0,0,,
IPTO_05R,2022-12-21,S2,Actinodaphne malabaricum,Actinodaphne malabarica,0,0,0,0,0,0,1,0,0,0,1 planted,1
IPTO_05U,2022-12-21,S2,Clausena indica,Clausena indica,0,0,0,0,6,0,0,0,0,0,,
IPTO_05U,2022-12-21,S2,Cinnamomum malabathrum,Cinnamomum malabatrum,0,0,0,0,0,0,1,0,1,0,,
IPTO_05U,2022-12-21,S2,Dichapetalum gelonioides,Dichapetalum gelonioides,0,0,0,0,1,0,1,0,0,0,,
IPTO_05U,2022-12-21,S2,Clerodendrum viscosum,Clerodendrum infortunatum,0,0,0,0,0,0,3,0,0,0,,
IPTO_05U,2022-12-21,S2,Litsea bourdillonii,Litsea bourdillonii,0,0,0,0,1,0,0,0,1,0,1 Coppice,
IPTO_05U,2022-12-21,S2,Ficus hispida,Ficus hispida,0,0,0,0,3,0,0,0,0,0,,
IPTO_05U,2022-12-21,S2,Nothapodytes nimmoniana,Nothapodytes nimmoniana,0,0,0,0,0,0,1,0,0,0,,
IPTO_05U,2022-12-21,S2,Microtropis wallichiana,Microtropis wallichiana,0,0,0,0,0,0,2,0,0,0,,
IPTO_05U,2022-12-21,S2,Atalantia racemosa,Atalantia racemosa,0,0,0,0,7,0,2,0,2,0,,
IPTO_05U,2022-12-21,S2,Litsea sp.,Litsea sp.,0,0,0,0,0,0,1,0,0,0,,
IPTO_05U,2022-12-21,S2,Diospyros sylvatica,Diospyros sylvatica,0,0,0,0,0,0,0,0,1,0,,
IPTO_05U,2022-12-21,S2,Neolitsea scrobiculata,Neolitsea scrobiculata,0,0,0,0,0,0,0,0,1,0,,
IPTO_05U,2022-12-21,S2,Cinnamomum verum,Cinnamomum verum,0,0,0,0,0,0,0,0,0,1,,
IPTO_06R,2022-12-21,S2,Clerodendrum viscosum,Clerodendrum infortunatum,0,0,0,0,0,0,1,0,1,0,,
IPTO_06R,2022-12-21,S2,Maesa indica,Maesa indica,0,0,0,0,2,0,5,0,4,0,,
IPTO_06R,2022-12-21,S2,Vernonia arborea,Vernonia arborea,0,0,0,0,4,0,0,0,0,0,,
IPTO_06R,2022-12-21,S2,Litsea floribunda,Litsea floribunda,0,0,0,0,1,0,0,0,0,0,,
IPTO_06R,2022-12-21,S2,Atalantia racemosa,Atalantia racemosa,0,0,0,0,8,0,4,0,0,0,,
IPTO_06R,2022-12-21,S2,Neolitsea scrobiculata,Neolitsea scrobiculata,0,0,0,0,0,0,1,0,0,0,,
IPTO_06R,2022-12-21,S2,Acronychia pedunculata,Acronychia pedunculata,0,0,0,0,1,0,0,0,0,0,,
IPTO_06R,2022-12-21,S2,Lantana camara,Lantana camara,0,0,0,0,1,0,2,0,0,0,,
IPTO_06R,2022-12-21,S2,Litsea coriacea,Litsea coriacea,0,0,0,0,1,0,0,0,0,0,,
IPTO_06R,2022-12-21,S2,Dichapetalum gelonioides,Dichapetalum gelonioides,0,0,0,0,2,0,0,0,0,0,,
IPTO_06R,2022-12-21,S2,Ligustrum perrottetii,Ligustrum perrottetii,0,0,0,0,1,0,0,0,0,0,,
IPTO_06R,2022-12-21,S2,Persea macarantha,Persea macrantha,0,0,0,0,0,0,0,0,1,0,,
IPTO_06U,2022-12-21,S2,Diospyros sylvatica,Diospyros sylvatica,0,0,0,0,0,0,0,0,1,0,,
IPTO_06U,2022-12-21,S2,Clerodendrum viscosum,Clerodendrum infortunatum,0,0,0,0,0,0,0,0,0,1,,
IPTO_06U,2022-12-21,S2,Litsea bourdillonii,Litsea bourdillonii,0,0,0,0,0,0,0,0,0,1,,
IPTO_06U,2022-12-21,S2,Atalantia racemosa,Atalantia racemosa,0,0,0,0,6,0,2,0,0,0,,
IPTO_06U,2022-12-21,S2,Dichapetalum gelonioides,Dichapetalum gelonioides,0,0,0,0,1,0,0,0,0,0,,
IPTO_06U,2022-12-21,S2,Actinodaphne tadulingamii,Actinodaphne tadulingamii,0,0,0,0,0,0,0,0,1,0,,
IPTO_06U,2022-12-21,S2,Microtropis wallichiana,Microtropis wallichiana,0,0,0,0,0,0,0,0,1,0,,
IPTO_06U,2022-12-21,S2,Lantana camara,Lantana camara,0,0,0,0,0,0,1,0,0,2,,
IPTO_06U,2022-12-21,S2,Nothapodytes nimmoniana,Nothapodytes nimmoniana,0,0,0,0,1,0,0,0,0,0,,
IPTO_06U,2022-12-21,S2,Maesa indica,Maesa indica,0,0,0,0,1,0,1,0,0,0,,
IPTO_07R,2022-12-21,S2,Clerodendrum viscosum,Clerodendrum infortunatum,0,0,0,0,0,0,4,0,2,4,,
IPTO_07R,2022-12-21,S2,Microtropis wallichiana,Microtropis wallichiana,0,0,0,0,0,0,0,0,0,1,,
IPTO_07R,2022-12-21,S2,Actinodaphne bourdillonii,Actinodaphne bourdillonii,0,0,0,0,0,0,0,0,1,0,,
IPTO_07R,2022-12-21,S2,Cinnamomum malabathrum,Cinnamomum malabatrum,0,0,0,0,0,0,0,0,1,0,,
IPTO_07R,2022-12-21,S2,Maesa indica,Maesa indica,0,0,0,0,0,0,3,0,0,0,,
IPTO_07R,2022-12-21,S2,Atalantia racemosa,Atalantia racemosa,0,0,0,0,1,0,9,0,0,0,,
IPTO_07R,2022-12-21,S2,Ficus hispida,Ficus hispida,0,0,0,0,4,0,0,0,0,0,,
IPTO_07R,2022-12-21,S2,Prunus ceylanica,Prunus ceylanica,0,0,0,0,0,0,1,0,0,0,1 planted,1
IPTO_07R,2022-12-21,S2,Dichapetalum gelonioides,Dichapetalum gelonioides,0,0,0,0,1,0,0,0,0,0,,
IPTO_07R,2022-12-21,S2,Vernonia arborea,Vernonia arborea,0,0,0,0,0,0,1,0,0,0,Planted,Y
IPTO_07R,2022-12-21,S2,Litsea sp.,Litsea sp.,0,0,0,0,0,0,1,0,0,0,Planted,Y
IPTO_07R,2022-12-21,S2,Lepisanthes deficiens,Lepisanthes deficiens,0,0,0,0,1,0,0,0,0,0,,
IPTO_07R,2022-12-21,S2,Bischofia javanica,Bischofia javanica,0,0,0,0,0,0,1,0,0,0,Planted,Y
IPTO_07R,2022-12-21,S2,Eugenia sp.,Eugenia sp.,0,0,0,0,1,0,0,0,0,0,,
IPTO_07U,2022-12-21,S2,Lantana camara,Lantana camara,0,0,0,0,1,0,6,0,1,0,,
IPTO_07U,2022-12-21,S2,Clerodendrum viscosum,Clerodendrum infortunatum,0,0,0,0,6,0,0,0,0,0,,
IPTO_07U,2022-12-21,S2,Neolitsea zeylanica,Neolitsea zeylanica,0,0,0,0,0,0,0,0,0,3,,
IPTO_07U,2022-12-21,S2,Ficus hispida,Ficus hispida,0,0,0,0,0,0,1,0,0,0,,
SEL1_07R,2022-12-22,S2,Litsea floribunda,Litsea floribunda,0,0,0,0,6,0,6,0,0,0,,
SEL1_07R,2022-12-22,S2,Litsea oleiodes,Litsea nigrescens,0,0,0,0,2,0,2,0,3,0,Planted,Y
SEL1_07R,2022-12-22,S2,Syzygium gardneri,Syzygium gardneri,0,0,0,0,0,0,0,0,1,0,Planted,Y
SEL1_07R,2022-12-22,S2,Aglaia canarana,Aglaia canarana,0,0,0,0,3,0,2,0,0,0,,
SEL1_07R,2022-12-22,S2,Dichapetalum gelonioides,Dichapetalum gelonioides,0,0,0,0,1,0,0,0,0,0,,
SEL1_07R,2022-12-22,S2,Clerodendrum viscosum,Clerodendrum infortunatum,0,0,0,0,0,0,3,0,0,0,,
SEL1_07R,2022-12-22,S2,Heritiera papilio,Heritiera papilio,0,0,0,0,1,0,0,0,1,0,2 planted,2
SEL1_07R,2022-12-22,S2,Heynea trijuga,Heynea trijuga,0,0,0,0,2,0,0,0,0,0,,
SEL1_07R,2022-12-22,S2,Maesa indica,Maesa indica,0,0,0,0,0,0,2,0,0,0,,
SEL1_07R,2022-12-22,S2,Litsea coriacea,Litsea coriacea,0,0,0,0,0,0,1,0,0,0,Planted,Y
SEL1_07R,2022-12-22,S2,Dimocarpus longan,Dimocarpus longan,0,0,0,0,0,0,0,0,1,0,,
SEL1_07R,2022-12-22,S2,Diospyros sylvatica,Diospyros sylvatica,0,0,0,0,0,0,0,0,0,1,,
SEL1_07R,2022-12-22,S2,Leea indica,Leea indica,0,0,0,0,0,0,0,0,1,0,,
SEL1_07R,2022-12-22,S2,Actinodaphne malabaricum,Actinodaphne malabarica,0,0,0,0,0,0,0,0,1,0,,
SEL1_07R,2022-12-22,S2,Artocarpus heterophyllus,Artocarpus heterophyllus,0,0,0,0,0,0,0,0,0,0,,
SEL1_07U,2022-12-22,S2,Clerodendrum viscosum,Clerodendrum infortunatum,0,0,0,0,9,0,12,0,0,0,,
SEL1_07U,2022-12-22,S2,Aglaia canarana,Aglaia canarana,0,0,0,0,0,0,3,0,0,0,,
SEL1_07U,2022-12-22,S2,Persea macarantha,Persea macrantha,0,0,0,0,0,0,0,0,1,0,,
SEL1_07U,2022-12-22,S2,Litsea floribunda,Litsea floribunda,0,0,0,0,2,0,1,0,0,0,,
SEL1_07U,2022-12-22,S2,Spondias pinnata,Spondias pinnata,0,0,0,0,0,0,1,0,0,0,,
SEL1_07U,2022-12-22,S2,Maesa indica,Maesa indica,0,0,0,0,0,0,2,0,0,0,,
SEL1_07U,2022-12-22,S2,Leea indica,Leea indica,0,0,0,0,0,0,2,0,0,0,,
SEL1_07U,2022-12-22,S2,Artocarpus heterophyllus,Artocarpus heterophyllus,0,0,0,0,7,0,0,0,0,0,,
SEL1_07U,2022-12-22,S2,Heynea trijuga,Heynea trijuga,0,0,0,0,1,0,1,0,0,0,,
SEL1_07U,2022-12-22,S2,Actinodaphne malabaricum,Actinodaphne malabarica,0,0,0,0,1,0,0,0,0,0,,
SEL1_07U,2022-12-22,S2,Nothapodytes nimmoniana,Nothapodytes nimmoniana,0,0,0,0,1,0,1,0,0,0,,
SEL1_07U,2022-12-22,S2,Spathodea campanulata,Spathodea campanulata,0,0,0,0,0,0,1,0,0,0,,
SEL2_07R,2022-12-22,S2,Spondias pinnata,Spondias pinnata,0,0,0,0,0,0,2,0,0,0,,
SEL2_07R,2022-12-22,S2,Clerodendrum viscosum,Clerodendrum infortunatum,0,0,0,0,0,0,3,0,1,1,,
SEL2_07R,2022-12-22,S2,Elaeocarpus tuberculatus,Elaeocarpus tuberculatus,0,0,0,0,0,0,0,0,1,0,1 planted,1
SEL2_07R,2022-12-22,S2,Vernonia arborea,Vernonia arborea,0,0,0,0,0,0,1,0,0,0,,
SEL2_07R,2022-12-22,S2,Maesa indica,Maesa indica,0,0,0,0,1,0,2,0,0,0,,
SEL2_07R,2022-12-22,S2,Atalantia racemosa,Atalantia racemosa,0,0,0,0,1,0,0,0,0,0,,
SEL2_07R,2022-12-22,S2,Lepisanthes deficiens,Lepisanthes deficiens,0,0,0,0,0,0,0,0,0,1,1 planted,1
SEL2_07R,2022-12-22,S2,Litsea oleiodes,Litsea nigrescens,0,0,0,0,1,0,1,0,0,1,1 planted,1
SEL2_07R,2022-12-22,S2,Aglaia canarana,Aglaia canarana,0,0,0,0,2,0,1,0,0,0,,
SEL2_07R,2022-12-22,S2,Myristica beddomei,Myristica beddomei,0,0,0,0,1,0,1,0,0,0,,
SEL2_07R,2022-12-22,S2,Maesopsis eminii,Maesopsis eminii,0,0,0,0,0,0,0,0,0,1,,
SEL2_07U,2022-12-22,S2,Lantana camara,Lantana camara,0,0,0,0,3,0,9,0,2,0,,
SEL2_07U,2022-12-22,S2,Clerodendrum viscosum,Clerodendrum infortunatum,0,0,0,0,2,0,11,0,2,0,,
SEL2_07U,2022-12-22,S2,Eucalyptus sp.,Eucalyptus sp.,0,0,0,0,0,0,1,0,0,0,,
SEL2_07U,2022-12-22,S2,Guajava sp.,Psidium guajava,0,0,0,0,0,0,1,0,0,0,,
THEN_10R,2022-12-22,S2,Murraya paniculata,Murraya paniculata,0,0,0,0,0,0,0,0,0,1,,
THEN_10R,2022-12-22,S2,Meiogyne pannosa,Meiogyne pannosa,0,0,0,0,1,0,0,0,0,2,,
THEN_10R,2022-12-22,S2,Holigarna nigra,Holigarna nigra,0,0,0,0,2,0,0,0,0,0,,
THEN_10R,2022-12-22,S2,Artocarpus heterophyllus,Artocarpus heterophyllus,0,0,0,0,1,0,0,0,0,0,,
THEN_10R,2022-12-22,S2,Litsea coriacea,Litsea coriacea,0,0,0,0,5,0,0,0,0,0,,
THEN_10R,2022-12-22,S2,Eugenia sp.,Eugenia sp.,0,0,0,0,0,0,1,0,0,0,,
THEN_10R,2022-12-22,S2,Cinnamomum malabathrum,Cinnamomum malabatrum,0,0,0,0,0,0,0,1,0,0,,
THEN_10R,2022-12-22,S2,Litsea floribunda,Litsea floribunda,0,0,0,0,2,0,0,0,0,0,,
THEN_10R,2022-12-22,S2,Coffee arabica,Coffea arabica,0,0,0,0,1,0,1,0,0,0,,
THEN_10R,2022-12-22,S2,Cullenia exarillata,Cullenia exarillata,0,0,0,0,0,0,1,0,0,0,,
THEN_10R,2022-12-22,S2,Clausena indica,Clausena indica,0,0,0,0,1,0,0,0,0,0,,
THEN_10R,2022-12-22,S2,Actinodaphne malabaricum,Actinodaphne malabarica,0,0,0,0,2,0,0,0,0,0,,
THEN_10R,2022-12-22,S2,Coffee canephora,Coffea canephora,0,0,0,0,3,0,3,0,0,0,,
THEN_10R,2022-12-22,S2,Aglaia simplicifolia,Aglaia simplicifolia,0,0,0,0,0,0,1,0,0,0,,
THEN_10R,2022-12-22,S2,Villebrunea integrifolia,Villebrunea integrifolia,0,0,0,0,0,0,1,0,0,0,,
THEN_10R,2022-12-22,S2,Phoebe lanceolata,Phoebe lanceolata,0,0,0,0,0,0,1,0,0,0,,
THEN_10R,2022-12-22,S2,Ardisia pauciflora,Ardisia pauciflora,0,0,0,0,0,0,0,0,0,1,,
THEN_10R,2022-12-22,S2,Atalantia racemosa,Atalantia racemosa,0,0,0,0,1,0,0,0,0,0,,
THEN_10R,2022-12-22,S2,Clausena anisata,Clausena anisata,0,0,0,0,0,0,0,0,0,1,,
THEN_10U,2022-12-22,S2,Maesopsis eminii,Maesopsis eminii,0,0,0,0,3,0,2,0,4,1,,
THEN_10U,2022-12-22,S2,Maesa indica,Maesa indica,0,0,0,0,1,0,1,0,2,1,,
THEN_10U,2022-12-22,S2,Coffee arabica,Coffea arabica,0,0,0,0,3,0,2,0,0,0,,
THEN_10U,2022-12-22,S2,Litsea coriacea,Litsea coriacea,0,0,0,0,3,0,0,0,0,0,,
THEN_10U,2022-12-22,S2,Cinnamomum malabathrum,Cinnamomum malabatrum,0,0,0,0,7,0,0,0,0,0,,
THEN_10U,2022-12-22,S2,Lantana camara,Lantana camara,0,0,0,0,1,0,3,0,1,0,,
THEN_10U,2022-12-22,S2,Artocarpus heterophyllus,Artocarpus heterophyllus,0,0,0,0,1,0,0,0,0,0,,
THEN_10U,2022-12-22,S2,Actinodaphne malabaricum,Actinodaphne malabarica,0,0,0,0,2,0,0,0,0,0,,
VAR2_10R,2022-12-22,S2,Maesa indica,Maesa indica,0,0,0,0,0,0,1,0,0,0,,
VAR2_10R,2022-12-22,S2,Coffee arabica,Coffea arabica,0,0,0,0,0,0,1,0,0,0,,
VAR2_10R,2022-12-22,S2,Artocarpus heterophyllus,Artocarpus heterophyllus,0,0,0,0,0,0,0,0,0,0,,
VAR2_10R,2022-12-22,S2,Litsea floribunda,Litsea floribunda,0,0,0,0,1,0,2,0,0,1,,
VAR2_10R,2022-12-22,S2,Phoebe lanceolata,Phoebe lanceolata,0,0,0,0,0,0,1,0,0,0,,
VAR2_10R,2022-12-22,S2,Dichapetalum gelonioides,Dichapetalum gelonioides,0,0,0,0,0,0,0,0,0,0,,
VAR2_10R,2022-12-22,S2,Cinnamomum malabathrum,Cinnamomum malabatrum,0,0,0,0,0,0,1,0,0,0,,
VAR2_10R,2022-12-22,S2,Aporosa acuminata,Aporosa indoacuminata,0,0,0,0,8,0,5,0,0,0,,
VAR2_10R,2022-12-22,S2,Dysoxylum malabaricum,Dysoxylum malabaricum,0,0,0,0,1,0,0,0,0,0,,
VAR2_10R,2022-12-22,S2,Coffee canephora,Coffea canephora,0,0,0,0,3,0,5,0,0,0,,
VAR2_10R,2022-12-22,S2,Vernonia arborea,Vernonia arborea,0,0,0,0,1,0,0,0,0,0,,
VAR2_10R,2022-12-22,S2,Maesopsis eminii,Maesopsis eminii,0,0,0,0,2,0,0,0,0,0,,
VAR2_10U,2022-12-22,S2,Clerodendrum viscosum,Clerodendrum infortunatum,0,0,0,0,0,0,0,0,2,0,,
VAR2_10U,2022-12-22,S2,Atalantia racemosa,Atalantia racemosa,0,0,0,0,1,0,2,0,0,0,,
VAR2_10U,2022-12-22,S2,Lantana camara,Lantana camara,0,0,0,0,1,0,1,0,1,2,,
VAR2_10U,2022-12-22,S2,Montanoa hibiscifolia,Montanoa hibiscifolia,0,0,0,0,1,0,1,0,3,1,,
VAR2_10U,2022-12-22,S2,Maesa indica,Maesa indica,0,0,0,0,0,0,1,0,0,0,,
VAR3_10R,2022-12-22,S2,Aporosa acuminata,Aporosa indoacuminata,0,0,0,0,9,0,13,0,2,1,,
VAR3_10R,2022-12-22,S2,Litsea floribunda,Litsea floribunda,0,0,0,0,1,0,0,0,0,0,,
VAR3_10R,2022-12-22,S2,Atalantia racemosa,Atalantia racemosa,0,0,0,0,9,0,1,0,0,1,,
VAR3_10R,2022-12-22,S2,Coffee arabica,Coffea arabica,0,0,0,0,2,0,3,0,0,0,,
VAR3_10R,2022-12-22,S2,Meiogyne pannosa,Meiogyne pannosa,0,0,0,0,1,0,0,0,0,0,,
VAR3_10R,2022-12-22,S2,Murraya paniculata,Murraya paniculata,0,0,0,0,0,0,1,0,0,0,,
VAR3_10R,2022-12-22,S2,Dimocarpus longan,Dimocarpus longan,0,0,0,0,0,0,1,0,0,0,,
VAR3_10R,2022-12-22,S2,Coffee robusta,Coffea canephora,0,0,0,0,2,0,0,0,0,0,,
VAR3_10R,2022-12-22,S2,Symplocos sp.,Symplocos sp.,0,0,0,0,0,0,0,0,0,1,,
VAR3_10R,2022-12-22,S2,Cinnamomum malabathrum,Cinnamomum malabatrum,0,0,0,0,1,0,0,0,0,0,,
VAR3_10R,2022-12-22,S2,Microtropis wallichiana,Microtropis wallichiana,0,0,0,0,1,0,0,0,0,0,,
VAR3_10R,2022-12-22,S2,Litsea oleiodes,Litsea nigrescens,0,0,0,0,1,0,0,0,0,0,,
VAR3_10R,2022-12-22,S2,Eugenia sp.,Eugenia sp.,0,0,0,0,1,0,0,0,0,0,,
VAR3_10R,2022-12-22,S2,Olea dioica,Olea dioica,0,0,0,0,0,0,1,0,0,0,,
VAR3_10U,2022-12-22,S2,Atalantia racemosa,Atalantia racemosa,0,0,0,0,16,0,8,0,0,1,,
VAR3_10U,2022-12-22,S2,Montanoa hibiscifolia,Montanoa hibiscifolia,0,0,0,0,0,0,0,0,0,1,,
VAR3_10U,2022-12-22,S2,Clerodendrum viscosum,Clerodendrum infortunatum,0,0,0,0,0,0,0,0,0,1,,
VAR3_10U,2022-12-22,S2,Nothapodytes nimmoniana,Nothapodytes nimmoniana,0,0,0,0,1,0,1,0,0,0,,
VAR3_10U,2022-12-22,S2,Maesa indica,Maesa indica,0,0,0,0,0,0,3,0,0,0,,
VAR3_10U,2022-12-22,S2,Litsea oleiodes,Litsea nigrescens,0,0,0,0,0,0,1,0,0,0,,
VAR4_10R,2022-12-22,S2,Atalantia racemosa,Atalantia racemosa,0,0,0,0,1,0,0,0,0,0,,
VAR4_10R,2022-12-22,S2,Actinodaphne malabaricum,Actinodaphne malabarica,0,0,0,0,1,0,0,0,0,0,,
VAR4_10R,2022-12-22,S2,Coffee arabica,Coffea arabica,0,0,0,0,5,0,1,0,0,0,,
VAR4_10R,2022-12-22,S2,Gliricidia sepium,Gliricidia sepium,0,0,0,0,2,0,0,0,0,1,,
VAR4_10R,2022-12-22,S2,Litsea ghatica,Litsea ghatica,0,0,0,0,0,0,1,0,0,0,,
VAR4_10R,2022-12-22,S2,Ormosia travancorica,Ormosia travancorica,0,0,0,0,1,0,0,0,0,0,Planted,Y
VAR4_10R,2022-12-22,S2,Trichilia connaroides,Heynea trijuga,0,0,0,0,1,0,0,0,0,0,,
VAR4_10R,2022-12-22,S2,Litsea oleiodes,Litsea nigrescens,0,0,0,0,0,0,1,0,0,0,Planted,Y
VAR4_10R,2022-12-22,S2,Clerodendrum viscosum,Clerodendrum infortunatum,0,0,0,0,0,0,1,0,0,0,,
VAR4_10U,2022-12-22,S2,Aporosa acuminata,Aporosa indoacuminata,0,0,0,0,1,0,3,0,0,1,,
VAR4_10U,2022-12-22,S2,Microtropis wallichiana,Microtropis wallichiana,0,0,0,0,0,0,1,0,0,0,,
VAR4_10U,2022-12-22,S2,Cryptocarya anamalayana,Cryptocarya anamalayana,0,0,0,0,0,0,1,0,0,0,,
VAR4_10U,2022-12-22,S2,Coffee arabica,Coffea arabica,0,0,0,0,0,0,2,0,0,0,,
VAR4_10U,2022-12-22,S2,Coffee robusta,Coffea canephora,0,0,0,0,17,0,15,0,0,1,,
VAR4_10U,2022-12-22,S2,Dimocarpus longan,Dimocarpus longan,0,0,0,0,0,0,1,0,0,0,,
OLV1_10R,2022-12-22,S2,Nothapodytes nimmoniana,Nothapodytes nimmoniana,0,0,0,0,6,0,0,0,0,0,,
OLV1_10R,2022-12-22,S2,Ormosia travancorica,Ormosia travancorica,0,0,0,0,2,0,0,0,0,0,Planted,Y
OLV1_10R,2022-12-22,S2,Litsea oleiodes,Litsea nigrescens,0,0,0,0,2,0,1,0,0,0,,
OLV1_10R,2022-12-22,S2,Cinnamomum malabathrum,Cinnamomum malabatrum,0,0,0,0,0,0,1,0,0,0,Planted,Y
OLV1_10R,2022-12-22,S2,Maesa indica,Maesa indica,0,0,0,0,0,0,1,0,1,3,,
OLV1_10R,2022-12-22,S2,Dimocarpus longan,Dimocarpus longan,0,0,0,0,1,0,0,0,0,0,,
OLV1_10R,2022-12-22,S2,Diospyros sylvatica,Diospyros sylvatica,0,0,0,0,0,0,2,0,0,0,Planted,Y
OLV1_10R,2022-12-22,S2,Myristica beddomei,Myristica beddomei,0,0,0,0,0,0,3,0,0,0,3 planted,3
OLV1_10R,2022-12-22,S2,Aglaia simplicifolia,Aglaia simplicifolia,0,0,0,0,0,0,0,0,1,0,,
OLV1_10R,2022-12-22,S2,Maesopsis eminii,Maesopsis eminii,0,0,0,0,0,0,0,0,1,0,,
OLV1_10R,2022-12-22,S2,Sterculia guttata,Sterculia guttata,0,0,0,0,2,0,0,0,0,0,,
OLV1_10R,2022-12-22,S2,Persea macarantha,Persea macrantha,0,0,0,0,1,0,1,0,0,0,Planted,Y
OLV1_10R,2022-12-22,S2,Dichapetalum gelonioides,Dichapetalum gelonioides,0,0,0,0,0,0,1,0,0,0,,
OLV1_10R,2022-12-22,S2,Clerodendrum viscosum,Clerodendrum infortunatum,0,0,0,0,0,0,1,0,0,2,,
OLV1_10R,2022-12-22,S2,Heynea trijuga,Heynea trijuga,0,0,0,0,1,0,0,0,0,0,,
OLV1_10R,2022-12-22,S2,Eugenia sp.,Eugenia sp.,0,0,0,0,0,0,1,0,0,0,,
OLV1_10U,2022-12-22,S2,Nothapodytes nimmoniana,Nothapodytes nimmoniana,0,0,0,0,1,0,3,0,0,0,,
OLV1_10U,2022-12-22,S2,Montanoa hibiscifolia,Montanoa hibiscifolia,0,0,0,0,0,0,2,0,1,0,,
OLV1_10U,2022-12-22,S2,Clausena anisata,Clausena anisata,0,0,0,0,0,0,0,0,0,1,,
OLV1_10U,2022-12-22,S2,Acronychia pedunculata,Acronychia pedunculata,0,0,0,0,0,0,1,0,0,0,,
OLV1_10U,2022-12-22,S2,Clerodendrum viscosum,Clerodendrum infortunatum,0,0,0,0,0,0,3,0,1,0,,
OLV1_10U,2022-12-22,S2,Cinnamomum malabathrum,Cinnamomum malabatrum,0,0,0,0,0,0,4,0,0,0,,
OLV1_10U,2022-12-22,S2,Heritiera papilio,Heritiera papilio,0,0,0,0,1,0,4,0,0,0,,
OLV1_10U,2022-12-22,S2,Atalantia racemosa,Atalantia racemosa,0,0,0,0,10,0,1,0,0,0,,
OLV1_10U,2022-12-22,S2,Lantana camara,Lantana camara,0,0,0,0,0,0,2,0,0,0,,
OLV1_10U,2022-12-22,S2,Litsea coriacea,Litsea coriacea,0,0,0,0,0,0,1,0,0,0,,
OLV1_10U,2022-12-22,S2,Coffee arabica,Coffea arabica,0,0,0,0,2,0,0,0,0,0,,
OLV2_08R,2022-12-22,S2,Clerodendrum viscosum,Clerodendrum infortunatum,0,0,0,0,0,0,2,0,0,0,,
OLV2_08R,2022-12-22,S2,Glochidion malabaricum,Glochidion malabaricum,0,0,0,0,0,0,0,0,0,1,,
OLV2_08R,2022-12-22,S2,Atalantia racemosa,Atalantia racemosa,0,0,0,0,4,0,22,0,7,2,,
OLV2_08R,2022-12-22,S2,Dimocarpus longan,Dimocarpus longan,0,0,0,0,0,0,1,0,0,0,,
OLV2_08R,2022-12-22,S2,Gliricidia sepium,Gliricidia sepium,0,0,0,0,0,0,10,0,0,0,,
OLV2_08R,2022-12-22,S2,Heritiera papilio,Heritiera papilio,0,0,0,0,8,0,9,0,0,0,,
OLV2_08R,2022-12-22,S2,Coffee arabica,Coffea arabica,0,0,0,0,0,0,1,0,0,0,,
OLV2_08R,2022-12-22,S2,Maesa indica,Maesa indica,0,0,0,0,0,0,2,0,0,0,,
OLV2_08R,2022-12-22,S2,Acronychia pedunculata,Acronychia pedunculata,0,0,0,0,0,0,1,0,1,1,,
OLV2_08U,2022-12-22,S2,Atalantia racemosa,Atalantia racemosa,0,0,0,0,38,0,38,0,0,0,,
OLV2_08U,2022-12-22,S2,Murraya paniculata,Murraya paniculata,0,0,0,0,0,0,0,0,1,0,,
OLV2_08U,2022-12-22,S2,Cinnamomum malabathrum,Cinnamomum malabatrum,0,0,0,0,1,0,2,0,0,1,,
OLV2_08U,2022-12-22,S2,Clausena indica,Clausena indica,0,0,0,0,1,0,10,0,1,0,,
OLV2_08U,2022-12-22,S2,Sterculia guttata,Sterculia guttata,0,0,0,0,2,0,0,0,0,0,,
OLV2_08U,2022-12-22,S2,Maesopsis eminii,Maesopsis eminii,0,0,0,0,0,0,0,0,1,1,,
OLV2_08U,2022-12-22,S2,Clausena anisata,Clausena anisata,0,0,0,0,0,0,1,0,0,0,,
OLV2_08U,2022-12-22,S2,Litsea ghatica,Litsea ghatica,0,0,0,0,0,0,1,0,0,0,,
OLV2_08U,2022-12-22,S2,Maesa indica,Maesa indica,0,0,0,0,1,0,0,0,0,0,,
OLV2_08U,2022-12-22,S2,Croton laccifer,Croton laccifer,0,0,0,0,0,0,0,0,0,1,,
H05,2022-12-19,S2,Glochidion malabaricum,Glochidion malabaricum,0,0,0,0,3,0,2,0,0,0,,
H05,2022-12-19,S2,Acronychia pedunculata,Acronychia pedunculata,0,0,0,0,2,0,0,0,0,0,,
H05,2022-12-19,S2,Turpinia malabarica,Turpinia malabarica,0,0,0,0,3,0,10,0,2,1,,
H05,2022-12-19,S2,Xanthophyllum flavescens,Xanthophyllum flavescens,0,0,0,0,5,0,0,0,0,0,,
H05,2022-12-19,S2,Sterculia guttata,Sterculia guttata,0,0,0,0,0,0,1,0,0,0,,
H05,2022-12-19,S2,Dimocarpus longan,Dimocarpus longan,0,0,0,0,0,0,1,0,0,0,,
H05,2022-12-19,S2,Meiogyne pannosa,Meiogyne pannosa,0,0,0,0,1,0,0,0,0,0,,
H05,2022-12-19,S2,Diospyros sylvatica,Diospyros sylvatica,0,0,0,0,0,0,1,0,1,0,,
H05,2022-12-19,S2,Elaeocarpus tuberculatus,Elaeocarpus tuberculatus,0,0,0,0,1,0,0,0,0,0,,
H05,2022-12-19,S2,UN ID,Unidentified,0,0,0,0,0,0,1,0,0,0,,
H05,2022-12-19,S2,Cinnamomum malabathrum,Cinnamomum malabatrum,0,0,0,0,0,0,1,0,0,0,,
H05,2022-12-19,S2,Litsea floribunda,Litsea floribunda,0,0,0,0,0,0,0,0,0,1,,
H05,2022-12-19,S2,Drypetes malabarica,Drypetes malabarica,0,0,0,0,1,0,0,0,0,0,,
H05,2022-12-19,S2,Actinodaphne malabaricum,Actinodaphne malabarica,0,0,0,0,0,0,1,0,0,0,,
J06,2022-12-19,S3,Litsea oleiodes,Litsea nigrescens,0,0,0,0,0,0,1,0,0,1,,
J06,2022-12-19,S3,Actinodaphne malabaricum,Actinodaphne malabarica,0,0,0,0,0,0,0,0,5,1,,
J06,2022-12-19,S3,Aglaia canarana,Aglaia canarana,0,0,0,0,0,0,0,0,1,0,,
J06,2022-12-19,S3,Glochidion malabaricum,Glochidion malabaricum,0,0,0,0,0,0,0,0,0,1,,
J06,2022-12-19,S3,Otonephelium stipulaceum,Otonephelium stipulaceum,0,0,0,0,0,0,0,0,1,0,,
J06,2022-12-19,S3,Beilschmiedia wightii,Beilschmiedia wightii,0,0,0,0,1,0,0,0,0,0,,
H06,2022-12-19,S2,Dichapetalum gelonioides,Dichapetalum gelonioides,0,0,0,0,0,0,1,0,0,0,,
H06,2022-12-19,S2,Actinodaphne malabaricum,Actinodaphne malabarica,0,0,0,0,0,0,1,0,1,2,,
H06,2022-12-19,S2,Gliricidia sepium,Gliricidia sepium,0,0,0,0,0,0,0,0,0,1,,
H06,2022-12-19,S2,Turpinia malabarica,Turpinia malabarica,0,0,0,0,0,0,1,0,0,0,,
H06,2022-12-19,S2,Vateria indica,Vateria indica,0,0,0,0,1,0,1,0,0,0,,
H06,2022-12-19,S2,Cinnamomum malabathrum,Cinnamomum malabatrum,0,0,0,0,0,0,0,0,1,0,,
H06,2022-12-19,S2,Otonephelium stipulaceum,Otonephelium stipulaceum,0,0,0,0,0,0,0,0,1,0,,
H06,2022-12-19,S2,Litsea coriacea,Litsea coriacea,0,0,0,0,1,0,0,0,0,0,,
H06,2022-12-19,S2,Diospyros sylvatica,Diospyros sylvatica,0,0,0,0,1,0,0,0,0,0,,
K06,2022-12-19,S2,Leea indica,Leea indica,0,0,0,0,1,0,0,0,2,2,,
K06,2022-12-19,S2,Turpinia malabarica,Turpinia malabarica,0,0,0,0,2,0,7,0,9,1,,
K06,2022-12-19,S2,Garcinia gummi-gutta,Garcinia gummi-gutta,0,0,0,0,1,0,0,0,0,0,,
K06,2022-12-19,S2,Glochidion malabaricum,Glochidion malabaricum,0,0,0,0,0,0,1,0,1,0,,
K06,2022-12-19,S2,Otonephelium stipulaceum,Otonephelium stipulaceum,0,0,0,0,0,0,0,0,1,0,,
K06,2022-12-19,S2,Garcinia morella,Garcinia morella,0,0,0,0,2,0,3,0,0,0,,
K06,2022-12-19,S2,Paracroton pendulus,Paracroton pendulus,0,0,0,0,0,0,0,0,1,0,,
K06,2022-12-19,S2,Drypetes wightii,Drypetes wightii,0,0,0,0,0,0,2,0,0,0,,
K06,2022-12-19,S2,Atalantia racemosa,Atalantia racemosa,0,0,0,0,1,0,0,0,0,0,,
K06,2022-12-19,S2,Xanthophyllum flavescens,Xanthophyllum flavescens,0,0,0,0,0,0,2,0,0,0,,
K06,2022-12-19,S2,Persea macarantha,Persea macrantha,0,0,0,0,0,0,0,0,0,0,,
K06,2022-12-19,S2,Diospyros sylvatica,Diospyros sylvatica,0,0,0,0,0,0,4,0,1,0,,
K06,2022-12-19,S2,Myristica beddomei,Myristica beddomei,0,0,0,0,1,0,0,0,1,1,,
K06,2022-12-19,S2,Mastixia arborea,Mastixia arborea,0,0,0,0,0,0,1,0,0,0,,
K06,2022-12-19,S2,Elaeocarpus tuberculatus,Elaeocarpus tuberculatus,0,0,0,0,0,0,1,0,0,0,,
K06,2022-12-19,S2,Holigarna nigra,Holigarna nigra,0,0,0,0,1,0,0,0,0,0,,
K06,2022-12-19,S2,Aglaia canarana,Aglaia canarana,0,0,0,0,3,0,3,0,0,0,,
K06,2022-12-19,S2,Antidesma menausa,Antidesma menasu,0,0,0,0,0,0,1,0,0,0,,
K06,2022-12-19,S2,Clerodendrum viscosum,Clerodendrum infortunatum,0,0,0,0,0,0,1,0,0,0,,
K06,2022-12-19,S2,Litsea oleiodes,Litsea nigrescens,0,0,0,0,1,0,0,0,0,0,,
K06,2022-12-19,S2,Syzygium rubicundum,Syzygium rubicundum,0,0,0,0,1,0,0,0,0,0,,
Anali_01R,2023-04-20,S1,Reinwardtiodendron anaimalaiense,Reinwardtiodendron anaimalaiense,3,3,0,1,0,0,0,0,0,0,,
Anali_01R,2023-04-20,S1,Microtropis wallichiana,Microtropis wallichiana,1,0,0,0,0,0,0,0,0,0,,
Anali_01R,2023-04-20,S1,Dimocarpus longan,Dimocarpus longan,2,0,0,0,0,0,0,0,0,0,,
Anali_01R,2023-04-20,S1,Hydnocarpus pentandrus,Hydnocarpus pentandrus,1,0,1,0,0,0,0,0,0,0,,
Anali_02R,2023-04-20,S1,Coffea canephora,Coffea canephora,5,0,0,0,0,0,0,0,0,0,,
Anali_02R,2023-04-20,S1,Hydnocarpus pentandrus,Hydnocarpus pentandrus,1,0,0,0,0,0,0,0,0,0,,
Anali_02R,2023-04-20,S1,Reinwardtiodendron anaimalaiense,Reinwardtiodendron anaimalaiense,0,1,0,0,0,0,0,0,0,0,,
Anali_02R,2023-04-20,S1,Aglaia elaeagnoidea,Aglaia elaeagnoidea,1,0,0,0,0,0,0,0,0,0,,
Anali_02R,2023-04-20,S1,Diospyros sylvatica,Diospyros sylvatica,1,0,0,0,0,0,0,0,0,0,,
Anali_02R,2023-04-20,S1,Atalantia racemosa,Atalantia racemosa,1,0,0,0,0,0,0,0,0,0,,
Anali_03R,2023-04-20,S1,Eugenia sp.,Eugenia sp.,1,0,0,0,0,0,0,0,0,0,,
Anali_03R,2023-04-20,S1,Aporosa indoacuminata,Aporosa indoacuminata,2,3,0,0,0,0,0,0,0,0,,
Anali_03R,2023-04-20,S1,Orophea thomsonii,Orophea thomsonii,0,1,0,0,0,0,0,0,0,0,,
Anali_03R,2023-04-20,S1,Reinwardtiodendron anaimalaiense,Reinwardtiodendron anaimalaiense,1,0,0,0,0,0,0,0,0,0,,
Anali_03R,2023-04-20,S1,Cinnamomum malabatrum,Cinnamomum malabatrum,1,0,0,0,0,0,0,0,0,0,,
VAR1_01R,2023-04-20,S1,Coffea canephora,Coffea canephora,13,2,0,1,0,0,0,0,0,0,,
VAR1_01R,2023-04-20,S1,Coffea arabica,Coffea arabica,6,0,0,0,0,0,0,0,0,0,,
VAR1_01R,2023-04-20,S1,Meiogyne pannosa,Meiogyne pannosa,0,1,0,0,0,0,0,0,0,0,,
VAR1_01R,2023-04-20,S1,Orophea thomsonii,Orophea thomsonii,1,0,0,0,0,0,0,0,0,0,,
VAR1_01R,2023-04-20,S1,Xanthophyllum flavescens,Xanthophyllum flavescens,0,1,0,0,0,0,0,0,0,0,,
VAR1_01R,2023-04-20,S1,Croton zeylanicus,Croton zeylanicus,0,1,0,0,0,0,0,0,0,0,,
AGO_01U,2023-04-21,S1,Lantana camara,Lantana camara,9,10,0,0,0,0,0,0,0,0,,
AGO_01U,2023-04-21,S1,Gliricidia sepium,Gliricidia sepium,1,5,0,0,0,0,0,0,0,0,,
AGO_01U,2023-04-21,S1,Actinodaphne bourdillonii,Actinodaphne bourdillonii,1,0,0,0,0,0,0,0,0,0,,
AGO_02U,2023-04-21,S1,Lantana camara,Lantana camara,8,0,0,0,0,0,0,0,0,0,,
AGO_02U,2023-04-21,S1,Maesa indica,Maesa indica,3,0,0,0,0,0,0,0,0,0,,
AGO_02U,2023-04-21,S1,Clerodendrum infortunatum,Clerodendrum infortunatum,1,0,0,0,0,0,0,0,0,0,,
AGO_03U,2023-04-21,S1,Maesa indica,Maesa indica,25,0,0,0,0,0,0,0,0,0,,
AGO_03U,2023-04-21,S1,Clerodendrum infortunatum,Clerodendrum infortunatum,5,0,0,0,0,0,0,0,0,0,,
TANTEA_CIN_01R,2023-07-21,S1,Clerodendrum infortunatum,Clerodendrum infortunatum,0,0,0,0,0,0,1,0,0,0,,
TANTEA_CIN_01R,2023-07-21,S1,Litsea floribunda,Litsea floribunda,0,0,0,0,0,0,0,0,1,0,,
TANTEA_CIN_01R,2023-07-21,S1,Nothapodytes nimmoniana,Nothapodytes nimmoniana,0,0,0,0,1,0,0,0,0,0,,
TANTEA_CIN_01R,2023-07-21,S1,Litsea oleiodes,Litsea nigrescens,0,0,0,0,1,0,0,0,0,0,,
TANTEA_CIN_01R,2023-07-21,S1,Heynea trijuga,Heynea trijuga,0,0,0,0,1,0,0,0,0,0,,
TANTEA_CIN_02R,2023-07-21,S1,Clerodendrum infortunatum,Clerodendrum infortunatum,0,0,0,0,0,0,1,0,0,3,,
TANTEA_CIN_02R,2023-07-21,S1,Litsea oleiodes,Litsea nigrescens,0,0,0,0,1,0,0,0,0,0,,
A01,2023-04-29,S2,Maesopsis eminii,Maesopsis eminii,0,0,0,0,0,0,1,0,0,0,,
A01,2023-04-29,S2,Antidesma menasu,Antidesma menasu,0,0,0,0,3,0,0,0,0,0,,
A01,2023-04-29,S2,Clerodendrum infortunatum,Clerodendrum infortunatum,0,0,0,0,1,0,0,0,1,0,,
A01,2023-04-29,S2,Actinodaphne malabarica,Actinodaphne malabarica,0,0,0,0,1,0,0,0,0,0,,
A01,2023-04-29,S2,Nothapodytes nimmoniana,Nothapodytes nimmoniana,0,0,0,0,1,0,0,0,0,0,,
A01,2023-04-29,S2,Heynea trijuga,Heynea trijuga,0,0,0,0,0,0,0,0,0,0,,
A01,2023-04-29,S2,Leea indica,Leea indica,0,0,0,0,1,0,0,0,0,0,,
A01,2023-04-29,S2,Spathodea campanulata,Spathodea campanulata,0,0,0,0,0,0,0,0,0,1,,
A02,2023-04-27,S2,Clerodendrum infortunatum,Clerodendrum infortunatum,0,0,0,0,6,0,10,1,0,1,,
A02,2023-04-27,S2,Lantana camara,Lantana camara,0,0,0,0,2,0,0,0,0,0,,
A02,2023-04-27,S2,Ficus exasperata,Ficus exasperata,0,0,0,0,0,0,0,0,0,1,,
A02,2023-04-27,S2,Grevillea robusta,Grevillea robusta,0,0,0,0,0,0,0,0,0,1,,
A02,2023-04-27,S2,Actinodaphne malabarica,Actinodaphne malabarica,0,0,0,0,0,0,2,0,0,0,,
A02,2023-04-27,S2,Turpinia malabarica,Turpinia malabarica,0,0,0,0,1,0,0,0,0,0,,
B01,2023-04-29,S2,Paracroton pendulus,Paracroton pendulus,0,0,0,0,2,0,0,0,0,0,,
B01,2023-04-29,S2,Elaeocarpus tuberculatus,Elaeocarpus tuberculatus,0,0,0,0,1,0,0,0,0,0,,
B01,2023-04-29,S2,Xanthophyllum flavescens,Xanthophyllum flavescens,0,0,0,0,1,0,0,0,0,0,,
B02,2023-04-27,S2,Aporosa sp.,Aporosa sp.,0,0,0,0,0,0,1,0,0,0,,
B02,2023-04-27,S2,Lantana camara,Lantana camara,0,0,0,0,0,0,3,0,0,0,,
B02,2023-04-27,S2,Actinodaphne malabarica,Actinodaphne malabarica,0,0,0,0,2,0,4,0,2,5,,
B02,2023-04-27,S2,Cinnamomum malabatrum,Cinnamomum malabatrum,0,0,0,0,0,0,1,0,1,1,,
B02,2023-04-27,S2,Xanthophyllum flavescens,Xanthophyllum flavescens,0,0,0,0,1,0,0,0,0,0,,
B02,2023-04-27,S2,Toona ciliata,Toona ciliata,0,0,0,0,0,0,0,0,1,0,,
B02,2023-04-27,S2,Bombax ceiba,Bombax ceiba,0,0,0,0,0,0,0,0,1,0,,
B02,2023-04-27,S2,Leea indica,Leea indica,0,0,0,0,1,0,0,0,0,0,,
C01,2023-04-29,S2,Maesa indica,Maesa indica,0,0,0,0,4,0,2,0,2,0,,
C01,2023-04-29,S2,Turpinia malabarica,Turpinia malabarica,0,0,0,0,0,0,3,0,1,2,,
C01,2023-04-29,S2,Meliosma simplicifolia,Meliosma simplicifolia,0,0,0,0,0,0,0,0,1,0,,
C01,2023-04-29,S2,Spathodea campanulata,Spathodea campanulata,0,0,0,0,0,0,0,0,1,0,,
C01,2023-04-29,S2,Maesopsis eminii,Maesopsis eminii,0,0,0,0,0,0,0,0,0,2,,
C01,2023-04-29,S2,Olea dioica,Olea dioica,0,0,0,0,1,0,0,0,0,0,,
C01,2023-04-29,S2,Heynea trijuga,Heynea trijuga,0,0,0,0,3,0,0,0,0,0,,
C01,2023-04-29,S2,Elaeocarpus tuberculatus,Elaeocarpus tuberculatus,0,0,0,0,0,0,0,0,2,0,,
C01,2023-04-29,S2,Xanthophyllum flavescens,Xanthophyllum flavescens,0,0,0,0,1,0,0,0,0,0,,
C01,2023-04-29,S2,Calophyllum polyanthum,Calophyllum polyanthum,0,0,0,0,1,0,0,0,0,0,,
C02,2023-04-27,S2,Vernonia arborea,Vernonia arborea,0,0,0,0,4,0,2,0,0,1,,
C02,2023-04-27,S2,Epiprinus mallotiformis,Epiprinus mallotiformis,0,0,0,0,1,0,3,0,5,1,,
C02,2023-04-27,S2,Clerodendrum infortunatum,Clerodendrum infortunatum,0,0,0,0,0,0,1,0,0,0,,
C02,2023-04-27,S2,Actinodaphne malabarica,Actinodaphne malabarica,0,0,0,0,6,0,1,0,0,1,,
C02,2023-04-27,S2,Vateria indica,Vateria indica,0,0,0,0,0,0,2,0,0,0,,
C02,2023-04-27,S2,Meiogyne pannosa,Meiogyne pannosa,0,0,0,0,0,0,1,0,0,0,,
C02,2023-04-27,S2,Spathodea campanulata,Spathodea campanulata,0,0,0,0,0,0,0,0,0,1,,
C02,2023-04-27,S2,Euodia lunu-ankenda,Euodia lunu-ankenda,0,0,0,0,0,0,1,0,0,0,,
C02,2023-04-27,S2,Otonephelium stipulaceum,Otonephelium stipulaceum,0,0,0,0,1,0,1,0,0,0,,
C02,2023-04-27,S2,Turpinia malabarica,Turpinia malabarica,0,0,0,0,0,0,1,0,0,0,,
C02,2023-04-27,S2,Glochidion malabaricum,Glochidion malabaricum,0,0,0,0,1,0,1,0,0,0,,
C02,2023-04-27,S2,Cinnamomum malabatrum,Cinnamomum malabatrum,0,0,0,0,2,0,0,0,0,0,,
C03,2023-04-27,S2,Clerodendrum infortunatum,Clerodendrum infortunatum,0,0,0,0,5,0,9,0,3,0,,
C03,2023-04-27,S2,Maesa indica,Maesa indica,0,0,0,0,0,0,2,0,0,0,,
C03,2023-04-27,S2,Actinodaphne malabarica,Actinodaphne malabarica,0,0,0,0,0,0,0,0,3,0,,
C03,2023-04-27,S2,Lantana camara,Lantana camara,0,0,0,0,0,0,1,0,0,0,,
C03,2023-04-27,S2,Holigarna nigra,Holigarna nigra,0,0,0,0,1,0,0,0,0,0,,
C03,2023-04-27,S2,Cinnamomum sp.,Cinnamomum sp.,0,0,0,0,0,0,1,0,0,0,,
D02,2023-04-29,S2,Glochidion malabaricum,Glochidion malabaricum,0,0,0,0,1,0,1,0,0,0,,
D02,2023-04-29,S2,Lepisanthes deficiens,Lepisanthes deficiens,0,0,0,0,0,1,0,1,0,0,,
D02,2023-04-29,S2,Olea dioica,Olea dioica,0,0,0,0,1,0,0,0,0,0,,
D02,2023-04-29,S2,Epiprinus mallotiformis,Epiprinus mallotiformis,0,0,0,0,1,0,0,0,0,0,,
D02,2023-04-29,S2,Xanthophyllum flavescens,Xanthophyllum flavescens,0,0,0,0,0,0,1,0,0,0,,
D02,2023-04-29,S2,Lantana camara,Lantana camara,0,0,0,0,0,0,1,0,0,0,,
D03,2023-04-27,S2,Actinodaphne malabarica,Actinodaphne malabarica,0,0,0,0,2,0,3,0,0,0,,
D03,2023-04-27,S2,Maesopsis eminii,Maesopsis eminii,0,0,0,0,2,0,6,0,3,0,,
D03,2023-04-27,S2,Turpinia malabarica,Turpinia malabarica,0,0,0,0,1,0,0,0,0,0,,
D03,2023-04-27,S2,Leea indica,Leea indica,0,0,0,0,1,0,0,0,2,0,,
D03,2023-04-27,S2,Bombax ceiba,Bombax ceiba,0,0,0,0,1,0,0,0,0,0,,
D03,2023-04-27,S2,Phoebe lanceolata,Phoebe lanceolata,0,0,0,0,1,0,0,0,0,0,,
D03,2023-04-27,S2,Lantana camara,Lantana camara,0,0,0,0,1,0,0,0,1,0,,
E02,2023-04-29,S2,Diospyros sylvatica,Diospyros sylvatica,0,0,0,0,1,0,1,0,2,0,,
E02,2023-04-29,S2,Artocarpus heterophyllus,Artocarpus heterophyllus,0,0,0,0,1,0,0,0,0,0,,
E02,2023-04-29,S2,Olea dioica,Olea dioica,0,0,0,0,1,0,1,0,5,0,,
E02,2023-04-29,S2,Cinnamomum malabatrum,Cinnamomum malabatrum,0,0,0,0,2,0,3,0,0,0,,
E02,2023-04-29,S2,Actinodaphne malabarica,Actinodaphne malabarica,0,0,0,0,0,0,0,0,1,0,,
E02,2023-04-29,S2,Turpinia malabarica,Turpinia malabarica,0,0,0,0,0,0,0,0,1,0,,
E02,2023-04-29,S2,Canarium strictum,Canarium strictum,0,0,0,0,0,0,0,0,1,0,,
E02,2023-04-29,S2,Heynea trijuga,Heynea trijuga,0,0,0,0,0,0,0,0,2,0,,
E02,2023-04-29,S2,Elaeocarpus tuberculatus,Elaeocarpus tuberculatus,0,0,0,0,1,0,0,0,0,0,,
E02,2023-04-29,S2,Clerodendrum infortunatum,Clerodendrum infortunatum,0,0,0,0,0,0,2,0,0,0,,
E02,2023-04-29,S2,Aporosa indoacuminata,Aporosa indoacuminata,0,0,0,0,0,0,0,0,2,0,,
E02,2023-04-29,S2,Holigarna nigra,Holigarna nigra,0,0,0,0,1,0,0,0,0,0,,
E02,2023-04-29,S2,Glochidion malabaricum,Glochidion malabaricum,0,0,0,0,1,0,0,0,0,0,,
E03,2023-04-30,S2,Actinodaphne malabarica,Actinodaphne malabarica,0,0,0,0,0,0,0,1,0,0,,
E04,2023-04-30,S2,Cinnamomum malabatrum,Cinnamomum malabatrum,0,0,0,0,1,0,1,0,1,1,,
E04,2023-04-30,S2,Actinodaphne malabarica,Actinodaphne malabarica,0,0,0,0,0,0,0,0,3,0,,
E04,2023-04-30,S2,Turpinia malabarica,Turpinia malabarica,0,0,0,0,0,0,1,0,1,1,,
E04,2023-04-30,S2,Clerodendrum infortunatum,Clerodendrum infortunatum,0,0,0,0,1,0,0,0,0,0,,
E04,2023-04-30,S2,Heynea trijuga,Heynea trijuga,0,0,0,0,0,0,1,0,0,0,,
E04,2023-04-30,S2,Vateria indica,Vateria indica,0,0,0,0,0,0,1,0,0,0,,
F02,2023-04-29,S2,Actinodaphne malabarica,Actinodaphne malabarica,0,0,0,0,3,0,0,1,2,1,,
F02,2023-04-29,S2,Clerodendrum infortunatum,Clerodendrum infortunatum,0,0,0,0,0,0,2,0,0,0,,
F02,2023-04-29,S2,Turpinia malabarica,Turpinia malabarica,0,0,0,0,0,0,0,0,1,0,,
F02,2023-04-29,S2,Lantana camara,Lantana camara,0,0,0,0,0,0,0,0,2,0,,
F02,2023-04-29,S2,Antidesma menasu,Antidesma menasu,0,0,0,0,0,0,2,0,0,0,,
F02,2023-04-29,S2,Holigarna nigra,Holigarna nigra,0,0,0,0,0,0,1,0,0,0,,
F03,2023-04-29,S2,Leea indica,Leea indica,0,0,0,0,3,0,1,0,1,0,,
F03,2023-04-29,S2,Turpinia malabarica,Turpinia malabarica,0,0,0,0,3,0,2,0,1,1,,
F03,2023-04-29,S2,Antidesma menasu,Antidesma menasu,0,0,0,0,0,0,1,0,0,0,,
F03,2023-04-29,S2,Holigarna nigra,Holigarna nigra,0,0,0,0,9,0,1,0,0,0,,
F03,2023-04-29,S2,Glochidion malabaricum,Glochidion malabaricum,0,0,0,0,1,0,0,1,1,0,,
F03,2023-04-29,S2,Clerodendrum infortunatum,Clerodendrum infortunatum,0,0,0,0,0,0,0,0,1,0,,
F03,2023-04-29,S2,Diospyros sylvatica,Diospyros sylvatica,0,0,0,0,2,0,0,0,0,0,,
F03,2023-04-29,S2,Xanthophyllum flavescens,Xanthophyllum flavescens,0,0,0,0,0,0,0,0,1,0,,
F03,2023-04-29,S2,Actinodaphne malabarica,Actinodaphne malabarica,0,0,0,0,2,0,0,0,0,0,,
F03,2023-04-29,S2,Garcinia morella,Garcinia morella,0,0,0,0,1,0,0,0,0,0,,
F04,2023-04-30,S2,Clerodendrum infortunatum,Clerodendrum infortunatum,0,0,0,0,2,0,1,0,0,0,,
F04,2023-04-30,S2,Heynea trijuga,Heynea trijuga,0,0,0,0,0,0,2,0,0,0,,
F04,2023-04-30,S2,Cinnamomum malabatrum,Cinnamomum malabatrum,0,0,0,0,0,0,1,0,0,0,,
F04,2023-04-30,S2,Actinodaphne malabarica,Actinodaphne malabarica,0,0,0,0,0,0,0,0,0,1,,
F04,2023-04-30,S2,Litsea nigrescens,Litsea nigrescens,0,0,0,0,0,0,0,0,0,1,,
F04,2023-04-30,S2,Turpinia malabarica,Turpinia malabarica,0,0,0,0,0,0,1,0,0,0,,
F04,2023-04-30,S2,Leea indica,Leea indica,0,0,0,0,1,0,0,0,0,0,,
F05,2023-04-30,S2,Semecarpus travancoricus,Semecarpus travancoricus,0,0,0,0,25,0,0,0,0,0,,
F05,2023-04-30,S2,Vateria indica,Vateria indica,0,0,0,0,2,0,4,0,0,0,,
F05,2023-04-30,S2,Heynea trijuga,Heynea trijuga,0,0,0,0,1,0,4,0,1,0,,
F05,2023-04-30,S2,Vernonia arborea,Vernonia arborea,0,0,0,0,1,0,0,0,0,0,,
F05,2023-04-30,S2,Ficus hispida,Ficus hispida,0,0,0,0,1,0,0,0,0,0,,
F05,2023-04-30,S2,Coffea canephora,Coffea canephora,0,0,0,0,1,0,2,0,0,0,,
F05,2023-04-30,S2,Atalantia racemosa,Atalantia racemosa,0,0,0,0,1,0,1,0,0,0,,
F05,2023-04-30,S2,Antidesma menasu,Antidesma menasu,0,0,0,0,1,0,1,0,0,0,,
F05,2023-04-30,S2,Clerodendrum infortunatum,Clerodendrum infortunatum,0,0,0,0,0,0,1,0,0,0,,
F05,2023-04-30,S2,Canarium strictum,Canarium strictum,0,0,0,0,0,0,0,0,0,1,,
F05,2023-04-30,S2,Aglaia canarana,Aglaia canarana,0,0,0,0,0,0,1,0,0,0,,
G03,2023-04-30,S2,Diospyros sylvatica,Diospyros sylvatica,0,0,0,0,7,0,13,0,0,1,,
G03,2023-04-30,S2,Turpinia malabarica,Turpinia malabarica,0,0,0,0,8,0,3,0,8,2,,
G03,2023-04-30,S2,Leea indica,Leea indica,0,0,0,0,6,0,2,0,0,0,,
G03,2023-04-30,S2,Actinodaphne malabarica,Actinodaphne malabarica,0,0,0,0,1,0,0,0,0,2,,
G03,2023-04-30,S2,Acronychia pedunculata,Acronychia pedunculata,0,0,0,0,1,0,0,0,0,0,,
G03,2023-04-30,S2,Glochidion malabaricum,Glochidion malabaricum,0,0,0,0,1,0,0,0,0,0,,
G03,2023-04-30,S2,Heynea trijuga,Heynea trijuga,0,0,0,0,0,0,1,0,0,0,,
G03,2023-04-30,S2,Diospyros ghatensis,Diospyros ghatensis,0,0,0,0,1,0,1,0,0,0,,
G03,2023-04-30,S2,Chionanthus mala-elengi,Chionanthus mala-elengi,0,0,0,0,0,0,1,0,0,0,,
G03,2023-04-30,S2,Meiogyne pannosa,Meiogyne pannosa,0,0,0,0,1,0,0,0,0,0,,
G03,2023-04-30,S2,Euodia lunu-ankenda,Euodia lunu-ankenda,0,0,0,0,0,1,0,0,0,0,,
G03,2023-04-30,S2,Clerodendrum infortunatum,Clerodendrum infortunatum,0,0,0,0,2,0,0,0,0,0,,
G03,2023-04-30,S2,Xanthophyllum flavescens,Xanthophyllum flavescens,0,0,0,0,2,0,3,0,0,0,,
G03,2023-04-30,S2,Syzygium laetum,Syzygium laetum,0,0,0,0,0,0,1,0,0,0,,
G03,2023-04-30,S2,Syzygium rubicundum,Syzygium rubicundum,0,0,0,0,1,0,0,0,0,0,,
G03,2023-04-30,S2,Mastixia arborea,Mastixia arborea,0,0,0,0,1,0,0,0,0,0,,
G03,2023-04-30,S2,Cinnamomum malabatrum,Cinnamomum malabatrum,0,0,0,0,1,0,0,0,0,0,,
G03,2023-04-30,S2,Elaeocarpus tuberculatus,Elaeocarpus tuberculatus,0,0,0,0,1,0,0,0,0,0,,
G03,2023-04-30,S2,Lantana camara,Lantana camara,0,0,0,0,0,0,1,0,0,0,,
G04,2023-04-30,S2,Vateria indica,Vateria indica,0,0,0,0,2,0,1,0,1,0,,
G04,2023-04-30,S2,Diospyros paniculata,Diospyros paniculata,0,0,0,0,2,0,0,0,0,0,,
G04,2023-04-30,S2,Holigarna nigra,Holigarna nigra,0,0,0,0,2,0,0,0,0,0,,
G04,2023-04-30,S2,Elaeocarpus tuberculatus,Elaeocarpus tuberculatus,0,0,0,0,1,0,0,0,0,0,,
G04,2023-04-30,S2,Meiogyne pannosa,Meiogyne pannosa,0,0,0,0,1,0,0,0,0,0,,
G04,2023-04-30,S2,Heynea trijuga,Heynea trijuga,0,0,0,0,1,0,0,0,0,0,,
G04,2023-04-30,S2,Turpinia malabarica,Turpinia malabarica,0,0,0,0,1,0,2,0,0,0,,
G04,2023-04-30,S2,Xanthophyllum flavescens,Xanthophyllum flavescens,0,0,0,0,2,0,0,0,0,0,,
G04,2023-04-30,S2,Leea indica,Leea indica,0,0,0,0,2,0,1,0,3,0,,
G04,2023-04-30,S2,Persea macrantha,Persea macrantha,0,0,0,0,0,0,0,0,2,0,,
G04,2023-04-30,S2,Cinnamomum malabatrum,Cinnamomum malabatrum,0,0,0,0,0,0,3,0,0,0,,
G04,2023-04-30,S2,Diospyros sylvatica,Diospyros sylvatica,0,0,0,0,0,0,2,0,0,0,,
G04,2023-04-30,S2,Coffea arabica,Coffea arabica,0,0,0,0,1,0,0,0,0,0,,
G04,2023-04-30,S2,Semecarpus travancoricus,Semecarpus travancoricus,0,0,0,0,1,0,0,0,0,0,,
G04,2023-04-30,S2,Vernonia arborea,Vernonia arborea,0,0,0,0,0,0,1,0,0,0,,
G04,2023-04-30,S2,Antidesma menasu,Antidesma menasu,0,0,0,0,0,0,1,0,0,0,,
G04,2023-04-30,S2,Drypetes wightii,Drypetes wightii,0,0,0,0,1,0,0,0,0,0,,
G04,2023-04-30,S2,Actinodaphne malabarica,Actinodaphne malabarica,0,0,0,0,2,0,0,0,0,0,,
G05,2023-04-30,S2,Coffea canephora,Coffea canephora,0,0,0,0,38,0,5,0,0,0,,
G05,2023-04-30,S2,Vateria indica,Vateria indica,0,0,0,0,2,0,0,0,0,0,,
G05,2023-04-30,S2,Diospyros sylvatica,Diospyros sylvatica,0,0,0,0,7,0,32,0,0,0,,
G05,2023-04-30,S2,Elaeocarpus tuberculatus,Elaeocarpus tuberculatus,0,0,0,0,1,0,2,0,1,0,,
G05,2023-04-30,S2,Drypetes wightii,Drypetes wightii,0,0,0,0,1,0,3,0,0,0,,
G05,2023-04-30,S2,Turpinia malabarica,Turpinia malabarica,0,0,0,0,0,0,0,0,1,1,,
G05,2023-04-30,S2,Chionanthus mala-elengi,Chionanthus mala-elengi,0,0,0,0,0,0,2,0,0,0,,
G05,2023-04-30,S2,Heynea trijuga,Heynea trijuga,0,0,0,0,2,0,0,0,0,0,,
G05,2023-04-30,S2,Mastixia arborea,Mastixia arborea,0,0,0,0,3,0,0,0,0,0,,
G05,2023-04-30,S2,Xanthophyllum flavescens,Xanthophyllum flavescens,0,0,0,0,2,0,0,0,0,0,,
G05,2023-04-30,S2,Semecarpus travancoricus,Semecarpus travancoricus,0,0,0,0,2,0,0,0,0,0,,
G05,2023-04-30,S2,Garcinia gummi-gutta,Garcinia gummi-gutta,0,0,0,0,1,0,0,0,0,0,,
G06,2023-05-08,S2,Symplocos rosea,Symplocos rosea,0,0,0,0,1,1,0,0,2,0,,
G06,2023-05-08,S2,Lepisanthes sp.,Lepisanthes sp.,0,0,0,0,0,1,0,0,0,0,,
G06,2023-05-08,S2,Chionanthus mala-elengi,Chionanthus mala-elengi,0,0,0,0,5,1,4,0,0,0,,
G06,2023-05-08,S2,Litsea oleiodes,Litsea nigrescens,0,0,0,0,0,0,0,0,1,0,,
G06,2023-05-08,S2,Aglaia canarana,Aglaia canarana,0,0,0,0,0,0,0,0,0,1,,
G06,2023-05-08,S2,Maesa indica,Maesa indica,0,0,0,0,6,0,5,1,2,0,,
G06,2023-05-08,S2,Toona ciliata,Toona ciliata,0,0,0,0,2,0,0,0,0,0,,
G06,2023-05-08,S2,Actinodaphne malabarica,Actinodaphne malabarica,0,0,0,0,0,0,0,0,1,0,,
G06,2023-05-08,S2,Aporosa indoacuminata,Aporosa indoacuminata,0,0,0,0,0,0,1,0,1,0,,
G06,2023-05-08,S2,Heynea trijuga,Heynea trijuga,0,0,0,0,0,0,0,0,1,0,,
G06,2023-05-08,S2,Myristica dactyloides,Myristica beddomei,0,0,0,0,0,0,0,0,0,1,,
G06,2023-05-08,S2,Clerodendrum infortunatum,Clerodendrum infortunatum,0,0,0,0,3,0,0,0,0,0,,
G06,2023-05-08,S2,Cinnamomum malabatrum,Cinnamomum malabatrum,0,0,0,0,0,0,2,0,0,0,,
G06,2023-05-08,S2,Maesopsis eminii,Maesopsis eminii,0,0,0,0,0,0,0,0,0,1,,
G07,2023-09-19,S2,Otonephelium stipulaceum,Otonephelium stipulaceum,0,0,0,0,0,0,4,0,2,0,,
G07,2023-09-19,S2,Aphanamixis polystachya,Aphanamixis polystachya,0,0,0,0,0,0,0,0,1,0,,
G07,2023-09-19,S2,Artocarpus heterophyllus,Artocarpus heterophyllus,0,0,0,0,0,0,2,0,0,0,,
G07,2023-09-19,S2,Aglaia canarana,Aglaia canarana,0,0,0,0,0,0,1,0,0,0,,
G07,2023-09-19,S2,Meliosma simplicifolia,Meliosma simplicifolia,0,0,0,0,0,0,0,0,0,1,,
G07,2023-09-19,S2,Coffea canephora,Coffea canephora,0,0,0,0,3,0,5,0,0,0,,
G07,2023-09-19,S2,Antidesma menasu,Antidesma menasu,0,0,0,0,0,0,1,0,0,0,,
G07,2023-09-19,S2,Diospyros sylvatica,Diospyros sylvatica,0,0,0,0,0,0,1,0,0,0,,
G07,2023-09-19,S2,Leea indica,Leea indica,0,0,0,0,1,0,0,0,0,0,,
G08,2023-08-18,S1,Coffea canephora,Coffea canephora,0,0,0,0,0,0,10,0,3,0,,
G08,2023-08-18,S1,Glochidion malabaricum,Glochidion malabaricum,0,0,0,0,2,0,0,1,0,0,,
G08,2023-08-18,S1,Aglaia canarana,Aglaia canarana,0,0,0,0,1,0,0,0,1,0,,
G08,2023-08-18,S1,Maesopsis eminii,Maesopsis eminii,0,0,0,0,2,0,0,0,0,1,,
G08,2023-08-18,S1,Canarium strictum,Canarium strictum,0,0,0,0,2,0,0,0,0,0,,
G08,2023-08-18,S1,Garcinia gummi-gutta,Garcinia gummi-gutta,0,0,0,0,1,0,0,0,0,0,,
G08,2023-08-18,S1,Vernonia arborea,Vernonia arborea,0,0,0,0,1,0,0,0,0,0,,
G08,2023-08-18,S1,Elaeocarpus tuberculatus,Elaeocarpus tuberculatus,0,0,0,0,1,0,0,0,0,0,,
G08,2023-08-18,S1,Leea indica,Leea indica,0,0,0,0,1,0,0,0,0,0,,
G08,2023-08-18,S1,Clerodendrum infortunatum,Clerodendrum infortunatum,0,0,0,0,2,0,0,0,0,0,,
G08,2023-08-18,S1,Artocarpus integrifolius,Artocarpus integrifolius,0,0,0,0,2,0,0,0,0,0,,
H03,2023-04-30,S2,Turpinia malabarica,Turpinia malabarica,0,0,0,0,1,0,2,0,3,0,,
H03,2023-04-30,S2,Olea dioica,Olea dioica,0,0,0,0,0,0,0,0,1,0,,
H03,2023-04-30,S2,Aglaia canarana,Aglaia canarana,0,0,0,0,0,0,0,0,1,0,,
H03,2023-04-30,S2,Vateria indica,Vateria indica,0,0,0,0,6,0,0,0,0,0,,
H03,2023-04-30,S2,Heynea trijuga,Heynea trijuga,0,0,0,0,0,0,1,0,0,0,,
H03,2023-04-30,S2,Leea indica,Leea indica,0,0,0,0,5,0,0,0,0,0,,
H03,2023-04-30,S2,Antidesma menasu,Antidesma menasu,0,0,0,0,1,0,1,0,0,0,,
H03,2023-04-30,S2,Elaeocarpus tuberculatus,Elaeocarpus tuberculatus,0,0,0,0,1,0,0,0,0,0,,
H03,2023-04-30,S2,Clerodendrum infortunatum,Clerodendrum infortunatum,0,0,0,0,2,0,0,0,0,0,,
H03,2023-04-30,S2,Lantana camara,Lantana camara,0,0,0,0,0,0,2,0,0,0,,
H03,2023-04-30,S2,Garcinia gummi-gutta,Garcinia gummi-gutta,0,0,0,0,1,0,0,0,0,0,,
H03,2023-04-30,S2,Holigarna nigra,Holigarna nigra,0,0,0,0,1,0,0,0,0,0,,
H03,2023-04-30,S2,Maesopsis eminii,Maesopsis eminii,0,0,0,0,2,0,0,0,0,0,,
H04,2023-04-30,S2,Drypetes wightii,Drypetes wightii,0,0,0,0,0,0,2,0,0,0,,
H04,2023-04-30,S2,Vernonia arborea,Vernonia arborea,0,0,0,0,1,0,0,0,0,0,,
H04,2023-04-30,S2,Aglaia canarana,Aglaia canarana,0,0,0,0,0,0,2,0,0,0,,
H04,2023-04-30,S2,Turpinia malabarica,Turpinia malabarica,0,0,0,0,3,0,0,0,6,4,,
H04,2023-04-30,S2,Diospyros ghatensis,Diospyros ghatensis,0,0,0,0,1,0,1,0,0,0,,
H04,2023-04-30,S2,Elaeocarpus tuberculatus,Elaeocarpus tuberculatus,0,0,0,0,0,0,2,0,0,0,,
H04,2023-04-30,S2,Holigarna nigra,Holigarna nigra,0,0,0,0,13,0,0,0,0,0,,
H04,2023-04-30,S2,Xanthophyllum flavescens,Xanthophyllum flavescens,0,0,0,0,3,0,0,0,0,0,,
H04,2023-04-30,S2,Garcinia gummi-gutta,Garcinia gummi-gutta,0,0,0,0,1,0,0,0,0,0,,
H04,2023-04-30,S2,Euodia lunu-ankenda,Euodia lunu-ankenda,0,0,0,0,0,0,2,0,1,0,,
H04,2023-04-30,S2,Spathodea campanulata,Spathodea campanulata,0,0,0,0,0,0,1,0,0,0,,
H04,2023-04-30,S2,Actinodaphne malabarica,Actinodaphne malabarica,0,0,0,0,0,0,0,0,0,1,,
H04,2023-04-30,S2,Diospyros paniculata,Diospyros paniculata,0,0,0,0,3,0,1,0,0,0,,
H04,2023-04-30,S2,Leea indica,Leea indica,0,0,0,0,1,0,0,0,0,0,,
H04,2023-04-30,S2,Olea dioica,Olea dioica,0,0,0,0,1,0,0,0,0,0,,
H04,2023-04-30,S2,Aporosa indoacuminata,Aporosa indoacuminata,0,0,0,0,1,0,0,0,1,0,,
H04,2023-04-30,S2,Vernonia arborea,Vernonia arborea,0,0,0,0,1,0,1,0,0,0,,
H04,2023-04-30,S2,Garcinia morella,Garcinia morella,0,0,0,0,0,0,1,0,0,0,,
H07,2023-08-18,S2,Vateria indica,Vateria indica,0,0,0,0,0,0,2,0,0,0,,
H07,2023-08-18,S2,Artocarpus heterophyllus,Artocarpus heterophyllus,0,0,0,0,1,0,1,0,0,0,,
H07,2023-08-18,S2,Gliricidia sepium,Gliricidia sepium,0,0,0,0,0,0,1,1,0,1,,
H07,2023-08-18,S2,Vernonia arborea,Vernonia arborea,0,0,0,0,0,0,0,0,0,1,,
H07,2023-08-18,S2,Semecarpus travancoricus,Semecarpus travancoricus,0,0,0,0,8,0,0,0,0,0,,
H07,2023-08-18,S2,Actinodaphne malabarica,Actinodaphne malabarica,0,0,0,0,1,0,0,0,0,0,,
H07,2023-08-18,S2,Leea indica,Leea indica,0,0,0,0,1,0,0,0,0,0,,
H07,2023-08-18,S2,Elaeocarpus tuberculatus,Elaeocarpus tuberculatus,0,0,0,0,2,0,0,0,0,0,,
H07,2023-08-18,S2,Maesopsis eminii,Maesopsis eminii,0,0,0,0,1,0,0,0,0,0,,
H07,2023-08-18,S2,Euodia lunu-ankenda,Euodia lunu-ankenda,0,0,0,0,0,0,0,0,0,1,,
H08,2023-08-18,S2,Actinodaphne malabarica,Actinodaphne malabarica,0,0,0,0,0,0,1,1,3,2,,
H08,2023-08-18,S2,Euodia lunu-ankenda,Euodia lunu-ankenda,0,0,0,0,0,0,0,0,1,0,,
H08,2023-08-18,S2,Litsea oleiodes,Litsea nigrescens,0,0,0,0,2,0,0,0,0,0,,
H08,2023-08-18,S2,Aglaia canarana,Aglaia canarana,0,0,0,0,1,0,0,0,0,0,,
H08,2023-08-18,S2,Coffea canephora,Coffea canephora,0,0,0,0,1,0,0,0,0,1,,
H08,2023-08-18,S2,Leea indica,Leea indica,0,0,0,0,2,0,0,0,0,0,,
I03,2023-04-30,S2,Turpinia malabarica,Turpinia malabarica,0,0,0,0,11,0,2,0,0,0,,
I03,2023-04-30,S2,Litsea coriacea,Litsea coriacea,0,0,0,0,5,0,3,0,0,0,,
I03,2023-04-30,S2,Diospyros ghatensis,Diospyros ghatensis,0,0,0,0,2,0,0,0,0,0,,
I03,2023-04-30,S2,Leea indica,Leea indica,0,0,0,0,1,0,0,0,0,0,,
I03,2023-04-30,S2,Meiogyne pannosa,Meiogyne pannosa,0,0,0,0,0,0,1,0,1,0,,
I03,2023-04-30,S2,Aglaia canarana,Aglaia canarana,0,0,0,0,0,0,0,0,1,0,,
I03,2023-04-30,S2,Phoebe lanceolata,Phoebe lanceolata,0,0,0,0,0,0,0,0,1,0,,
I03,2023-04-30,S2,Actinodaphne malabarica,Actinodaphne malabarica,0,0,0,0,4,0,1,0,0,0,,
I03,2023-04-30,S2,Elaeocarpus tuberculatus,Elaeocarpus tuberculatus,0,0,0,0,2,0,0,0,0,0,,
I03,2023-04-30,S2,Garcinia morella,Garcinia morella,0,0,0,0,1,0,0,0,0,0,,
I03,2023-04-30,S2,Olea dioica,Olea dioica,0,0,0,0,0,0,0,0,1,0,,
I03,2023-04-30,S2,Holigarna nigra,Holigarna nigra,0,0,0,0,1,0,0,0,0,0,,
I03,2023-04-30,S2,Syzygium rubicundum,Syzygium rubicundum,0,0,0,0,2,0,0,0,0,0,,
I03,2023-04-30,S2,Vernonia arborea,Vernonia arborea,0,0,0,0,1,0,0,0,0,0,,
I03,2023-04-30,S2,Drypetes malabarica,Drypetes malabarica,0,0,0,0,0,0,1,0,0,0,,
I05,2023-05-08,S2,Cinnamomum malabatrum,Cinnamomum malabatrum,0,0,0,0,3,1,7,0,2,0,,
I05,2023-05-08,S2,Aglaia canarana,Aglaia canarana,0,0,0,0,0,0,1,0,1,0,,
I05,2023-05-08,S2,Glochidion malabaricum,Glochidion malabaricum,0,0,0,0,1,0,1,1,0,0,,
I05,2023-05-08,S2,Vateria indica,Vateria indica,0,0,0,0,0,0,1,0,0,0,,
I05,2023-05-08,S2,Meliosma simplicifolia,Meliosma simplicifolia,0,0,0,0,0,0,0,0,0,1,,
I05,2023-05-08,S2,Olea dioica,Olea dioica,0,0,0,0,4,0,0,0,0,0,,
I05,2023-05-08,S2,Clerodendrum infortunatum,Clerodendrum infortunatum,0,0,0,0,1,0,0,0,0,0,,
I05,2023-05-08,S2,Heynea trijuga,Heynea trijuga,0,0,0,0,1,0,1,0,0,0,,
I05,2023-05-08,S2,Turpinia malabarica,Turpinia malabarica,0,0,0,0,0,0,0,0,1,0,,
I05,2023-05-08,S2,Garcinia morella,Garcinia morella,0,0,0,0,2,0,0,0,0,0,,
I05,2023-05-08,S2,Actinodaphne malabarica,Actinodaphne malabarica,0,0,0,0,0,0,0,0,0,1,,
I06,2023-05-09,S2,Turpinia malabarica,Turpinia malabarica,0,0,0,0,1,0,0,0,2,0,,
I06,2023-05-09,S2,Glochidion malabaricum,Glochidion malabaricum,0,0,0,0,0,0,2,0,0,0,,
I06,2023-05-09,S2,Aglaia canarana,Aglaia canarana,0,0,0,0,0,0,1,0,1,1,,
I06,2023-05-09,S2,Actinodaphne malabarica,Actinodaphne malabarica,0,0,0,0,3,0,2,0,0,1,,
I06,2023-05-09,S2,Aphanamixis polystachya,Aphanamixis polystachya,0,0,0,0,0,0,0,0,0,1,,
I06,2023-05-09,S2,Coffea canephora,Coffea canephora,0,0,0,0,2,0,0,0,0,0,,
I06,2023-05-09,S2,Litsea floribunda,Litsea floribunda,0,0,0,0,0,0,1,0,0,0,,
I06,2023-05-09,S2,Maesopsis eminii,Maesopsis eminii,0,0,0,0,0,0,2,0,0,0,,
I06,2023-05-09,S2,Chrysophyllum lanceolatum,Chrysophyllum lanceolatum,0,0,0,0,0,0,1,0,0,0,,
I06,2023-05-09,S2,Vateria indica,Vateria indica,0,0,0,0,0,0,2,0,0,0,,
I06,2023-05-09,S2,Leea indica,Leea indica,0,0,0,0,0,0,1,0,0,0,,
I06,2023-05-09,S2,Spathodea campanulata,Spathodea campanulata,0,0,0,0,0,0,1,0,0,0,,
I06,2023-05-09,S2,Maesa indica,Maesa indica,0,0,0,0,1,0,0,0,0,0,,
I06,2023-05-09,S2,Vernonia arborea,Vernonia arborea,0,0,0,0,1,0,0,0,0,0,,
I07,2023-05-09,S2,Euodia lunu-ankenda,Euodia lunu-ankenda,0,0,0,0,0,0,1,0,0,0,,
I07,2023-05-09,S2,Maesa indica,Maesa indica,0,0,0,0,0,0,0,1,0,0,,
I07,2023-05-09,S2,Gliricidia sepium,Gliricidia sepium,0,0,0,0,0,0,0,0,0,3,,
I07,2023-05-09,S2,Actinodaphne malabarica,Actinodaphne malabarica,0,0,0,0,2,0,1,0,0,1,,
I07,2023-05-09,S2,Litsea oleiodes,Litsea nigrescens,0,0,0,0,0,0,0,0,1,0,,
I07,2023-05-09,S2,Heynea trijuga,Heynea trijuga,0,0,0,0,1,0,0,0,0,0,,
I07,2023-05-09,S2,Chrysophyllum lanceolatum,Chrysophyllum lanceolatum,0,0,0,0,0,0,1,0,0,0,,
I07,2023-05-09,S2,Leea indica,Leea indica,0,0,0,0,1,0,1,0,0,0,,
I07,2023-05-09,S2,Diospyros nilagirica,Diospyros nilagirica,0,0,0,0,0,0,1,0,0,0,,
I07,2023-05-09,S2,Myristica dactyloides,Myristica beddomei,0,0,0,0,0,0,1,0,0,0,,
I07,2023-05-09,S2,Glochidion malabaricum,Glochidion malabaricum,0,0,0,0,0,0,1,0,0,0,,
I07,2023-05-09,S2,Lantana camara,Lantana camara,0,0,0,0,2,0,0,0,0,0,,
I07,2023-05-09,S2,Reinwardtiodendron anaimalaiense,Reinwardtiodendron anaimalaiense,0,0,0,0,0,0,1,0,0,0,,
I08,2023-05-09,S2,Diospyros sylvatica,Diospyros sylvatica,0,0,0,0,0,0,0,0,2,0,,
I09,2023-05-09,S2,Actinodaphne malabarica,Actinodaphne malabarica,0,0,0,0,0,0,0,0,0,3,,
I09,2023-05-09,S2,Aglaia canarana,Aglaia canarana,0,0,0,0,0,0,1,0,0,0,Planted,Y
I09,2023-05-09,S2,Dimocarpus longan,Dimocarpus longan,0,0,0,0,1,0,0,0,0,0,,
I09,2023-05-09,S2,Glochidion malabaricum,Glochidion malabaricum,0,0,0,0,0,0,1,0,0,0,,
I09,2023-05-09,S2,Cryptocarya wightiana,Cryptocarya wightiana,0,0,0,0,0,0,1,0,0,0,,
I09,2023-05-09,S2,Diospyros paniculata,Diospyros paniculata,0,0,0,0,1,0,0,0,0,0,,
I13,2023-07-06,S1,Leea indica,Leea indica,0,0,0,0,2,0,2,0,0,0,,
I13,2023-07-06,S1,Litsea coriacea,Litsea coriacea,0,0,0,0,1,0,0,0,0,0,,
I13,2023-07-06,S1,Antidesma menasu,Antidesma menasu,0,0,0,0,1,0,0,0,0,0,,
I13,2023-07-06,S1,Coffea canephora,Coffea canephora,0,0,0,0,7,0,1,0,1,0,,
I13,2023-07-06,S1,Actinodaphne malabarica,Actinodaphne malabarica,0,0,0,0,1,0,0,0,0,0,,
I13,2023-07-06,S1,Maesa indica,Maesa indica,0,0,0,0,1,0,0,0,0,0,,
I13,2023-07-06,S1,Glochidion malabaricum,Glochidion malabaricum,0,0,0,0,1,0,0,0,0,0,,
I17,2023-09-19,S2,Coffea canephora,Coffea canephora,0,0,0,0,14,0,5,0,0,6,,
I17,2023-09-19,S2,Leea indica,Leea indica,0,0,0,0,1,0,0,0,0,0,,
I17,2023-09-19,S2,Maesopsis eminii,Maesopsis eminii,0,0,0,0,0,0,0,0,0,0,,
I17,2023-09-19,S2,Turpinia malabarica,Turpinia malabarica,0,0,0,0,1,0,0,0,0,0,,
I17,2023-09-19,S2,Litsea coriacea,Litsea coriacea,0,0,0,0,0,0,1,0,0,0,,
I17,2023-09-19,S2,Spathodea campanulata,Spathodea campanulata,0,0,0,0,0,0,1,0,0,0,,
I17,2023-09-19,S2,Cullenia exarillata,Cullenia exarillata,0,0,0,0,0,0,1,0,0,0,,
J04,2023-05-08,S2,Vateria indica,Vateria indica,0,0,0,0,2,0,1,0,0,0,,
J04,2023-05-08,S2,Euodia lunu-ankenda,Euodia lunu-ankenda,0,0,0,0,0,0,1,0,0,0,,
J04,2023-05-08,S2,Xanthophyllum flavescens,Xanthophyllum flavescens,0,0,0,0,1,0,0,0,0,0,,
J05,2023-05-08,S2,Actinodaphne malabarica,Actinodaphne malabarica,0,0,0,0,1,0,0,0,1,1,,
J05,2023-05-08,S2,Turpinia malabarica,Turpinia malabarica,0,0,0,0,1,0,4,0,0,1,,
J05,2023-05-08,S2,Vateria indica,Vateria indica,0,0,0,0,1,0,0,0,1,1,,
J05,2023-05-08,S2,Euodia lunu-ankenda,Euodia lunu-ankenda,0,0,0,0,1,0,0,0,0,1,,
J05,2023-05-08,S2,Myristica dactyloides,Myristica beddomei,0,0,0,0,0,0,1,0,0,0,,
J05,2023-05-08,S2,Litsea oleiodes,Litsea nigrescens,0,0,0,0,0,0,1,0,0,0,,
J05,2023-05-08,S2,Leea indica,Leea indica,0,0,0,0,2,0,0,0,0,0,,
J05,2023-05-08,S2,Antidesma menasu,Antidesma menasu,0,0,0,0,0,0,1,0,0,0,,
J05,2023-05-08,S2,Garcinia gummi-gutta,Garcinia gummi-gutta,0,0,0,0,1,0,0,0,0,0,,
J05,2023-05-08,S2,Persea macrantha,Persea macrantha,0,0,0,0,1,0,0,0,0,0,,
J07,2023-05-09,S2,Beilschmiedia wightii,Beilschmiedia wightii,0,0,0,0,2,0,0,0,0,0,,
J07,2023-05-09,S2,Glochidion malabaricum,Glochidion malabaricum,0,0,0,0,1,0,0,0,0,0,,
J07,2023-05-09,S2,Diospyros sylvatica,Diospyros sylvatica,0,0,0,0,0,0,1,0,0,0,,
J07,2023-05-09,S2,Gliricidia sepium,Gliricidia sepium,0,0,0,0,0,0,0,0,0,1,,
J07,2023-05-09,S2,Actinodaphne malabarica,Actinodaphne malabarica,0,0,0,0,0,0,0,0,0,1,,
J07,2023-05-09,S2,Persea macrantha,Persea macrantha,0,0,0,0,0,0,1,0,0,0,,
J07,2023-05-09,S2,Leea indica,Leea indica,0,0,0,0,2,0,0,0,0,0,,
J08,2023-08-18,S2,Vateria indica,Vateria indica,0,0,0,0,5,0,6,0,0,0,,
J08,2023-08-18,S2,Litsea oleiodes,Litsea nigrescens,0,0,0,0,4,0,3,0,1,0,,
J08,2023-08-18,S2,Diospyros sylvatica,Diospyros sylvatica,0,0,0,0,1,0,2,0,0,0,,
J08,2023-08-18,S2,Diospyros ghatensis,Diospyros ghatensis,0,0,0,0,1,0,0,0,1,0,,
J08,2023-08-18,S2,Aglaia canarana,Aglaia canarana,0,0,0,0,1,0,2,0,2,2,,
J08,2023-08-18,S2,Turpinia malabarica,Turpinia malabarica,0,0,0,0,1,1,1,0,0,0,,
J08,2023-08-18,S2,Cinnamomum malabatrum,Cinnamomum malabatrum,0,0,0,0,0,0,1,0,3,0,,
J08,2023-08-18,S2,Actinodaphne malabarica,Actinodaphne malabarica,0,0,0,0,1,0,0,0,0,0,,
J08,2023-08-18,S2,Leea indica,Leea indica,0,0,0,0,5,0,0,0,0,0,,
J08,2023-08-18,S2,Beilschmiedia wightii,Beilschmiedia wightii,0,0,0,0,0,0,0,0,0,1,,
J08,2023-08-18,S2,Macaranga indica,Macaranga indica,0,0,0,0,1,0,0,0,0,0,,
J08,2023-08-18,S2,Artocarpus heterophyllus,Artocarpus heterophyllus,0,0,0,0,1,0,0,0,0,0,,
J08,2023-08-18,S2,Coffea canephora,Coffea canephora,0,0,0,0,5,0,0,0,0,0,,
J08,2023-08-18,S2,Prunus ceylanica,Prunus ceylanica,0,0,0,0,1,0,0,0,0,0,,
J08,2023-08-18,S2,Glochidion malabaricum,Glochidion malabaricum,0,0,0,0,0,0,2,0,0,0,,
J08,2023-08-18,S2,Dysoxylum malabaricum,Dysoxylum malabaricum,0,0,0,0,2,0,0,0,0,0,,
J08,2023-08-18,S2,Maesopsis eminii,Maesopsis eminii,0,0,0,0,1,0,0,0,0,0,,
J08,2023-08-18,S2,Symplocos rosea,Symplocos rosea,0,0,0,0,0,0,1,0,0,0,,
J08,2023-08-18,S2,Heynea trijuga,Heynea trijuga,0,0,0,0,2,0,0,0,0,0,,
J08,2023-08-18,S2,Knema attenuata,Knema attenuata,0,0,0,0,1,0,0,0,0,0,,
J08,2023-08-18,S2,Litsea floribunda,Litsea floribunda,0,0,0,0,0,0,0,0,0,2,,
J09,2023-08-18,S2,Litsea oleiodes,Litsea nigrescens,0,0,0,0,0,0,1,0,0,0,Planted,Y
J09,2023-08-18,S2,Glochidion malabaricum,Glochidion malabaricum,0,0,0,0,0,0,1,0,0,0,,
J09,2023-08-18,S2,Litsea floribunda,Litsea floribunda,0,0,0,0,0,0,0,0,1,0,,
J09,2023-08-18,S2,Leea indica,Leea indica,0,0,0,0,1,0,0,0,0,0,,
J09,2023-08-18,S2,Actinodaphne malabarica,Actinodaphne malabarica,0,0,0,0,0,0,0,0,0,1,,
J09,2023-08-18,S2,Cinnamomum malabatrum,Cinnamomum malabatrum,0,0,0,0,0,0,0,0,0,1,,
J10,2023-08-14,S2,Otonephelium stipulaceum,Otonephelium stipulaceum,0,0,0,0,0,0,1,0,0,0,Planted,Y
J10,2023-08-14,S2,Neolitsea scrobiculata,Neolitsea scrobiculata,0,0,0,0,0,0,1,0,0,0,Planted,Y
J10,2023-08-14,S2,Psidium guajava,Psidium guajava,0,0,0,0,0,0,1,0,0,0,,
J11,2023-08-21,S2,Glochidion malabaricum,Glochidion malabaricum,0,0,0,0,0,0,1,1,0,0,,
J11,2023-08-21,S2,Coffea canephora,Coffea canephora,0,0,0,0,19,0,0,0,0,1,,
J11,2023-08-21,S2,Litsea floribunda,Litsea floribunda,0,0,0,0,0,0,0,0,6,1,,
J11,2023-08-21,S2,Turpinia malabarica,Turpinia malabarica,0,0,0,0,0,0,2,0,0,0,,
J12,2023-08-21,S2,Litsea coriacea,Litsea coriacea,0,0,0,0,5,0,1,0,0,0,,
J12,2023-08-21,S2,Glochidion malabaricum,Glochidion malabaricum,0,0,0,0,3,0,1,0,0,0,,
J12,2023-08-21,S2,Olea dioica,Olea dioica,0,0,0,0,0,0,0,0,2,0,,
J12,2023-08-21,S2,Cinnamomum malabatrum,Cinnamomum malabatrum,0,0,0,0,0,1,1,0,0,0,,
J12,2023-08-21,S2,Aglaia canarana,Aglaia canarana,0,0,0,0,1,0,3,0,1,0,,
J12,2023-08-21,S2,Coffea canephora,Coffea canephora,0,0,0,0,0,0,2,0,0,0,,
J12,2023-08-21,S2,Canarium strictum,Canarium strictum,0,0,0,0,0,0,0,0,1,0,,
J12,2023-08-21,S2,Spathodea campanulata,Spathodea campanulata,0,0,0,0,0,0,0,0,1,1,,
J12,2023-08-21,S2,Actinodaphne malabarica,Actinodaphne malabarica,0,0,0,0,0,0,3,1,1,0,,
J12,2023-08-21,S2,Meiogyne pannosa,Meiogyne pannosa,0,0,0,0,0,0,1,0,0,0,,
J12,2023-08-21,S2,Myristica beddomei,Myristica beddomei,0,0,0,0,0,0,1,0,0,0,,
J12,2023-08-21,S2,Maesopsis eminii,Maesopsis eminii,0,0,0,0,0,0,0,0,1,1,,
J12,2023-08-21,S2,Leea indica,Leea indica,0,0,0,0,1,0,0,0,0,0,,
J16,2023-09-19,S2,Aporosa indoacuminata,Aporosa indoacuminata,0,0,0,0,0,0,1,0,1,0,,
J16,2023-09-19,S2,Coffea canephora,Coffea canephora,0,0,0,0,12,0,6,0,0,2,,
J16,2023-09-19,S2,Glochidion malabaricum,Glochidion malabaricum,0,0,0,0,2,0,0,0,0,0,,
J16,2023-09-19,S2,Lepisanthes deficiens,Lepisanthes deficiens,0,0,0,0,0,0,1,0,0,0,,
J16,2023-09-19,S2,Leea indica,Leea indica,0,0,0,0,0,0,2,0,0,0,,
J16,2023-09-19,S2,Maesa indica,Maesa indica,0,0,0,0,0,0,2,0,0,0,,
J16,2023-09-19,S2,Macaranga indica,Macaranga indica,0,0,0,0,1,0,0,0,0,0,,
J16,2023-09-19,S2,Syzygium cumini,Syzygium cumini,0,0,0,0,1,0,0,0,0,0,,
J16,2023-09-19,S2,Litsea floribunda,Litsea floribunda,0,0,0,0,1,0,0,0,0,0,,
J16,2023-09-19,S2,Beilschmiedia wightii,Beilschmiedia wightii,0,0,0,0,0,0,1,0,0,0,,
J16,2023-09-19,S2,Coffea arabica,Coffea arabica,0,0,0,0,0,0,1,0,0,0,,
J17,2023-09-19,S2,Coffea canephora,Coffea canephora,0,0,0,0,2,0,8,0,2,8,,
J17,2023-09-19,S2,Palaquium ellipticum,Palaquium ellipticum,0,0,0,0,0,0,1,0,1,0,Planted,Y
J17,2023-09-19,S2,Actinodaphne malabarica,Actinodaphne malabarica,0,0,0,0,1,0,0,0,0,0,,
J17,2023-09-19,S2,Glochidion malabaricum,Glochidion malabaricum,0,0,0,0,2,0,0,0,0,0,,
J17,2023-09-19,S2,Dimocarpus longan,Dimocarpus longan,0,0,0,0,0,0,1,0,0,0,,
J17,2023-09-19,S2,Litsea oleiodes,Litsea nigrescens,0,0,0,0,1,0,0,0,0,0,,
J17,2023-09-19,S2,Olea dioica,Olea dioica,0,0,0,0,0,0,0,0,1,0,,
J17,2023-09-19,S2,Leea indica,Leea indica,0,0,0,0,1,0,0,0,0,0,,
J17,2023-09-19,S2,Acronychia pedunculata,Acronychia pedunculata,0,0,0,0,0,0,1,0,0,0,,
K04,2023-05-08,S2,Olea dioica,Olea dioica,0,0,0,0,2,0,7,0,1,0,,
K04,2023-05-08,S2,Actinodaphne malabarica,Actinodaphne malabarica,0,0,0,0,2,0,2,0,0,0,,
K04,2023-05-08,S2,Vateria indica,Vateria indica,0,0,0,0,5,0,3,0,0,0,,
K04,2023-05-08,S2,Heynea trijuga,Heynea trijuga,0,0,0,0,2,0,0,0,0,0,,
K04,2023-05-08,S2,Meliosma simplicifolia,Meliosma simplicifolia,0,0,0,0,1,0,0,0,0,0,,
K04,2023-05-08,S2,Glochidion malabaricum,Glochidion malabaricum,0,0,0,0,2,0,1,0,0,0,,
K04,2023-05-08,S2,Myristica beddomei,Myristica beddomei,0,0,0,0,0,0,1,0,0,0,,
K04,2023-05-08,S2,Antidesma menasu,Antidesma menasu,0,0,0,0,0,0,1,0,0,0,,
K04,2023-05-08,S2,Clerodendrum infortunatum,Clerodendrum infortunatum,0,0,0,0,0,0,1,0,0,0,,
K04,2023-05-08,S2,Syzygium rubicundum,Syzygium rubicundum,0,0,0,0,1,0,0,0,0,0,,
K04,2023-05-08,S2,Turpinia malabarica,Turpinia malabarica,0,0,0,0,0,0,2,0,0,0,,
K04,2023-05-08,S2,Drypetes wightii,Drypetes wightii,0,0,0,0,2,0,1,0,0,0,,
K04,2023-05-08,S2,Macaranga indica,Macaranga indica,0,0,0,0,3,0,0,0,0,0,,
K04,2023-05-08,S2,Litsea coriacea,Litsea coriacea,0,0,0,0,1,0,0,0,0,0,,
K04,2023-05-08,S2,Coffea canephora,Coffea canephora,0,0,0,0,2,0,0,0,0,0,,
K04,2023-05-08,S2,Meiogyne pannosa,Meiogyne pannosa,0,0,0,0,2,0,0,0,0,0,,
K04,2023-05-08,S2,Leea indica,Leea indica,0,0,0,0,2,0,1,0,0,0,,
K04,2023-05-08,S2,Chionanthus sp.,Chionanthus sp.,0,0,0,0,1,0,1,0,0,0,,
K04,2023-05-08,S2,Wrightia arborea,Wrightia arborea,0,0,0,0,0,0,0,0,1,0,,
K05,2023-05-08,S2,Leea indica,Leea indica,0,0,0,0,6,0,1,0,0,0,,
K05,2023-05-08,S2,Vateria indica,Vateria indica,0,0,0,0,0,0,3,0,0,0,,
K05,2023-05-08,S2,Chionanthus mala-elengi,Chionanthus mala-elengi,0,0,0,0,2,0,0,0,0,0,,
K05,2023-05-08,S2,Heynea trijuga,Heynea trijuga,0,0,0,0,2,0,1,0,0,0,,
K05,2023-05-08,S2,Elaeocarpus tuberculatus,Elaeocarpus tuberculatus,0,0,0,0,1,0,0,0,0,0,,
K05,2023-05-08,S2,Glochidion malabaricum,Glochidion malabaricum,0,0,0,0,1,0,1,0,0,0,,
K05,2023-05-08,S2,Antidesma menasu,Antidesma menasu,0,0,0,0,1,0,0,0,0,0,,
K05,2023-05-08,S2,Holigarna nigra,Holigarna nigra,0,0,0,0,2,0,0,0,0,0,,
K05,2023-05-08,S2,Unidentified,Unidentified,0,0,0,0,0,0,0,0,1,0,,
K05,2023-05-08,S2,Xanthophyllum flavescens,Xanthophyllum flavescens,0,0,0,0,1,0,0,0,0,0,,
K05,2023-05-08,S2,Litsea floribunda,Litsea floribunda,0,0,0,0,0,0,1,0,0,0,,
K05,2023-05-08,S2,Persea macrantha,Persea macrantha,0,0,0,0,0,0,1,0,0,0,,
K05,2023-05-08,S2,Litsea oleiodes,Litsea nigrescens,0,0,0,0,1,0,0,0,0,0,,
K05,2023-05-08,S2,Cryptocarya wightiana,Cryptocarya wightiana,0,0,0,0,1,0,0,0,0,0,,
K07,2023-05-09,S2,Turpinia malabarica,Turpinia malabarica,0,0,0,0,0,0,5,0,0,0,,
K07,2023-05-09,S2,Coffea arabica,Coffea arabica,0,0,0,0,0,0,1,0,0,0,,
K07,2023-05-09,S2,Aglaia canarana,Aglaia canarana,0,0,0,0,0,0,2,0,0,0,,
K07,2023-05-09,S2,Paracroton pendulus,Paracroton pendulus,0,0,0,0,0,0,4,0,1,0,,
K07,2023-05-09,S2,Garcinia morella,Garcinia morella,0,0,0,0,1,0,1,0,0,0,,
K07,2023-05-09,S2,Diospyros ghatensis,Diospyros ghatensis,0,0,0,0,0,0,3,0,1,0,,
K07,2023-05-09,S2,Leea indica,Leea indica,0,0,0,0,11,0,2,0,0,0,,
K07,2023-05-09,S2,Artocarpus heterophyllus,Artocarpus heterophyllus,0,0,0,0,0,0,1,0,0,0,,
K07,2023-05-09,S2,Antidesma menasu,Antidesma menasu,0,0,0,0,1,0,0,0,0,0,,
K07,2023-05-09,S2,Litsea oleiodes,Litsea nigrescens,0,0,0,0,2,0,0,0,0,0,,
K07,2023-05-09,S2,Vateria indica,Vateria indica,0,0,0,0,1,0,0,0,0,0,,
K07,2023-05-09,S2,Macaranga peltata,Macaranga peltata,0,0,0,0,0,0,1,0,0,0,,
K07,2023-05-09,S2,Holigarna nigra,Holigarna nigra,0,0,0,0,3,1,1,0,1,0,,
K07,2023-05-09,S2,Dysoxylum malabaricum,Dysoxylum malabaricum,0,0,0,0,0,0,0,0,1,0,,
K07,2023-05-09,S2,Diospyros sylvatica,Diospyros sylvatica,0,0,0,0,1,0,0,0,0,0,,
K07,2023-05-09,S2,Actinodaphne sp.,Actinodaphne sp.,0,0,0,0,1,0,0,0,0,0,,
K07,2023-05-09,S2,Mesua ferrea,Mesua ferrea,0,0,0,0,1,0,0,0,0,0,,
K07,2023-05-09,S2,Glochidion malabaricum,Glochidion malabaricum,0,0,0,0,2,0,0,0,0,0,,
K07,2023-05-09,S2,Drypetes wightii,Drypetes wightii,0,0,0,0,0,0,1,0,0,0,,
K07,2023-05-09,S2,Diospyros paniculata,Diospyros paniculata,0,0,0,0,1,0,1,0,0,0,,
K07,2023-05-09,S2,Euodia lunu-ankenda,Euodia lunu-ankenda,0,0,0,0,0,0,1,0,0,0,,
K07,2023-05-09,S2,Myristica beddomei,Myristica beddomei,0,0,0,0,0,0,1,0,0,0,,
K08,2023-08-18,S2,Turpinia malabarica,Turpinia malabarica,0,0,0,0,4,0,4,1,3,4,,
K08,2023-08-18,S2,Olea dioica,Olea dioica,0,0,0,0,0,0,1,0,0,0,,
K08,2023-08-18,S2,Litsea coriacea,Litsea coriacea,0,0,0,0,2,0,0,0,0,0,,
K08,2023-08-18,S2,Actinodaphne sp.,Actinodaphne sp.,0,0,0,0,1,0,0,0,1,0,,
K08,2023-08-18,S2,Glochidion malabaricum,Glochidion malabaricum,0,0,0,0,2,0,0,0,2,2,,
K08,2023-08-18,S2,Diospyros sylvatica,Diospyros sylvatica,0,0,0,0,0,0,0,0,4,0,,
K08,2023-08-18,S2,Chionanthus mala-elengi,Chionanthus mala-elengi,0,0,0,0,0,0,0,1,1,0,,
K08,2023-08-18,S2,Leea indica,Leea indica,0,0,0,0,1,0,2,0,2,1,,
K08,2023-08-18,S2,Heynea trijuga,Heynea trijuga,0,0,0,0,0,0,1,0,0,0,,
K08,2023-08-18,S2,Euodia lunu-ankenda,Euodia lunu-ankenda,0,0,0,0,0,0,0,0,0,1,,
K08,2023-08-18,S2,Litsea oleiodes,Litsea nigrescens,0,0,0,0,0,0,0,0,0,2,,
K08,2023-08-18,S2,Aglaia canarana,Aglaia canarana,0,0,0,0,0,0,1,0,0,0,,
K09,2023-08-18,S2,NA,NA,0,0,0,0,0,0,0,0,0,0,,
K10,2023-08-14,S2,Xanthophyllum flavescens,Xanthophyllum flavescens,0,0,0,0,0,1,0,0,0,0,,
K10,2023-08-14,S2,Glochidion malabaricum,Glochidion malabaricum,0,0,0,0,0,0,1,0,0,0,,
K11,2023-08-21,S2,Actinodaphne malabarica,Actinodaphne malabarica,0,0,0,0,2,0,0,0,1,0,,
K11,2023-08-21,S2,Leea indica,Leea indica,0,0,0,0,2,0,0,0,1,1,,
K11,2023-08-21,S2,Glochidion malabaricum,Glochidion malabaricum,0,0,0,0,1,0,0,0,0,0,,
K11,2023-08-21,S2,Caryota urens,Caryota urens,0,0,0,0,3,0,3,0,0,0,,
K11,2023-08-21,S2,Coffea canephora,Coffea canephora,0,0,0,0,3,0,1,0,0,0,,
K11,2023-08-21,S2,Beilschmiedia dalzellii,Beilschmiedia dalzellii,0,0,0,0,0,0,1,0,0,0,,
K11,2023-08-21,S2,Litsea oleiodes,Litsea nigrescens,0,0,0,0,0,0,0,0,0,2,,
K11,2023-08-21,S2,Litsea floribunda,Litsea floribunda,0,0,0,0,1,0,0,0,0,0,,
K11,2023-08-21,S2,Knema attenuata,Knema attenuata,0,0,0,0,1,0,0,0,0,0,,
K11,2023-08-21,S2,Ficus exasperata,Ficus exasperata,0,0,0,0,1,0,0,0,0,0,,
K12,2023-08-21,S2,Lantana camara,Lantana camara,0,0,0,0,3,0,0,0,0,0,,
K12,2023-08-21,S2,Psidium guajava,Psidium guajava,0,0,0,0,0,0,1,0,0,0,,
K12,2023-08-21,S2,Coffea canephora,Coffea canephora,0,0,0,0,5,0,2,0,0,0,,
K12,2023-08-21,S2,Leea indica,Leea indica,0,0,0,0,0,0,1,0,0,0,,
K12,2023-08-21,S2,Litsea oleiodes,Litsea nigrescens,0,0,0,0,0,0,0,0,1,0,,
K12,2023-08-21,S2,Glochidion malabaricum,Glochidion malabaricum,0,0,0,0,0,0,0,1,0,0,,
K12,2023-08-21,S2,Actinodaphne malabarica,Actinodaphne malabarica,0,0,0,0,3,0,0,0,0,0,,
K12,2023-08-21,S2,Macaranga peltata,Macaranga peltata,0,0,0,0,1,0,0,0,0,0,,
K12,2023-08-21,S2,Xanthophyllum flavescens,Xanthophyllum flavescens,0,0,0,0,0,0,1,0,0,0,,
K12,2023-08-21,S2,Holigarna nigra,Holigarna nigra,0,0,0,0,5,0,0,0,0,0,,
K13,2023-08-21,S2,Glochidion malabaricum,Glochidion malabaricum,0,0,0,0,1,0,0,0,0,0,,
K13,2023-08-21,S2,Litsea coriacea,Litsea coriacea,0,0,0,0,2,0,0,0,0,0,,
K14,2023-08-21,S2,Coffea arabica,Coffea arabica,0,0,0,0,3,0,0,0,1,2,,
K14,2023-08-21,S2,Coffea canephora,Coffea canephora,0,0,0,0,3,0,0,0,1,0,,
K14,2023-08-21,S2,Litsea floribunda,Litsea floribunda,0,0,0,0,2,0,0,0,0,0,,
K14,2023-08-21,S2,Xanthophyllum flavescens,Xanthophyllum flavescens,0,0,0,0,1,0,0,0,0,0,,
K14,2023-08-21,S2,Leea indica,Leea indica,0,0,0,0,3,0,0,0,0,0,,
K15,2023-08-22,S2,Leea indica,Leea indica,0,0,0,0,0,0,4,0,1,2,,
K15,2023-08-22,S2,Persea macrantha,Persea macrantha,0,0,0,0,0,0,1,0,0,0,,
K15,2023-08-22,S2,Cinnamomum malabatrum,Cinnamomum malabatrum,0,0,0,0,0,0,0,0,0,1,,
K15,2023-08-22,S2,Litsea oleiodes,Litsea nigrescens,0,0,0,0,0,0,0,0,0,1,,
K15,2023-08-22,S2,Turpinia malabarica,Turpinia malabarica,0,0,0,0,0,0,0,0,0,1,,
K15,2023-08-22,S2,Glochidion malabaricum,Glochidion malabaricum,0,0,0,0,2,0,0,0,0,2,,
K15,2023-08-22,S2,Antidesma menasu,Antidesma menasu,0,0,0,0,1,0,0,0,0,0,,
K15,2023-08-22,S2,Xanthophyllum flavescens,Xanthophyllum flavescens,0,0,0,0,2,0,0,0,0,0,,
K15,2023-08-22,S2,Coffea canephora,Coffea canephora,0,0,0,0,2,0,0,0,0,0,,
K15,2023-08-22,S2,Ficus hispida,Ficus hispida,0,0,0,0,1,0,0,0,0,0,,
K15,2023-08-22,S2,Maesa indica,Maesa indica,0,0,0,0,1,0,0,0,0,0,,
K15,2023-08-22,S2,Actinodaphne malabarica,Actinodaphne malabarica,0,0,0,0,1,0,0,1,0,0,,
K16,2023-08-22,S2,Ormosia travancorica,Ormosia travancorica,0,0,0,0,0,0,1,0,0,0,Planted,Y
K16,2023-08-22,S2,Aporosa indoacuminata,Aporosa indoacuminata,0,0,0,0,7,0,8,0,0,0,,
K16,2023-08-22,S2,Leea indica,Leea indica,0,0,0,0,2,0,2,0,1,0,,
K16,2023-08-22,S2,Citrus sp.,Citrus sp.,0,0,0,0,0,0,0,0,0,1,,
K16,2023-08-22,S2,Maesopsis eminii,Maesopsis eminii,0,0,0,0,0,0,0,0,3,0,,
K16,2023-08-22,S2,Maesa indica,Maesa indica,0,0,0,0,2,1,0,0,0,0,,
K16,2023-08-22,S2,Aphanamixis polystachya,Aphanamixis polystachya,0,0,0,0,0,0,0,0,0,1,Planted,Y
K16,2023-08-22,S2,Toona ciliata,Toona ciliata,0,0,0,0,0,0,0,0,0,1,,
K16,2023-08-22,S2,Coffea canephora,Coffea canephora,0,0,0,0,2,0,1,0,1,0,,
K16,2023-08-22,S2,Glochidion malabaricum,Glochidion malabaricum,0,0,0,0,2,0,0,0,0,0,,
K16,2023-08-22,S2,Syzygium cumini,Syzygium cumini,0,0,0,0,0,0,1,0,0,0,,
K16,2023-08-22,S2,Litsea coriacea,Litsea coriacea,0,0,0,0,0,0,0,1,0,0,Planted,Y
K16,2023-08-22,S2,Xanthophyllum flavescens,Xanthophyllum flavescens,0,0,0,0,1,0,0,0,0,0,,
K17,2023-09-19,S2,Cinnamomum malabatrum,Cinnamomum malabatrum,0,0,0,0,1,0,2,0,0,0,,
K17,2023-09-19,S2,Coffea canephora,Coffea canephora,0,0,0,0,22,0,12,0,2,0,,
K17,2023-09-19,S2,Glochidion malabaricum,Glochidion malabaricum,0,0,0,0,0,0,0,1,0,0,,
K17,2023-09-19,S2,Nothapodytes nimmoniana,Nothapodytes nimmoniana,0,0,0,0,0,0,1,0,0,0,,
K17,2023-09-19,S2,Persea macrantha,Persea macrantha,0,0,0,0,1,0,0,0,0,0,,
K17,2023-09-19,S2,Xanthophyllum flavescens,Xanthophyllum flavescens,0,0,0,0,3,0,0,0,0,0,,
L04,2023-05-08,S2,Chionanthus mala-elengi,Chionanthus mala-elengi,0,0,0,0,18,0,3,0,5,0,,
L04,2023-05-08,S2,Glochidion malabaricum,Glochidion malabaricum,0,0,0,0,0,0,0,0,0,3,,
L04,2023-05-08,S2,Aglaia canarana,Aglaia canarana,0,0,0,0,0,0,0,0,2,0,,
L04,2023-05-08,S2,Syzygium rubicundum,Syzygium rubicundum,0,0,0,0,5,0,2,0,0,0,,
L04,2023-05-08,S2,Vernonia arborea,Vernonia arborea,0,0,0,0,3,0,3,0,0,0,,
L04,2023-05-08,S2,Heynea trijuga,Heynea trijuga,0,0,0,0,1,0,1,0,0,0,,
L04,2023-05-08,S2,Aporosa indoacuminata,Aporosa indoacuminata,0,0,0,0,0,0,1,0,1,0,,
L04,2023-05-08,S2,Euodia lunu-ankenda,Euodia lunu-ankenda,0,0,0,0,1,0,1,0,0,0,,
L04,2023-05-08,S2,Xanthophyllum flavescens,Xanthophyllum flavescens,0,0,0,0,1,0,0,0,0,0,,
L04,2023-05-08,S2,Garcinia morella,Garcinia morella,0,0,0,0,1,0,0,0,0,0,,
L04,2023-05-08,S2,Dimocarpus longan,Dimocarpus longan,0,0,0,0,1,0,0,0,0,0,,
L04,2023-05-08,S2,Canarium strictum,Canarium strictum,0,0,0,0,1,0,0,0,0,0,,
L04,2023-05-08,S2,Actinodaphne malabarica,Actinodaphne malabarica,0,0,0,0,0,0,1,0,0,0,,
L04,2023-05-08,S2,Leea indica,Leea indica,0,0,0,0,2,0,0,0,0,0,,
L04,2023-05-08,S2,Antidesma menasu,Antidesma menasu,0,0,0,0,1,0,0,0,1,0,,
L04,2023-05-08,S2,Otonephelium stipulaceum,Otonephelium stipulaceum,0,0,0,0,1,0,0,0,0,0,,
L05,2023-05-08,S2,Diospyros sylvatica,Diospyros sylvatica,0,0,0,0,0,0,0,0,10,0,,
L05,2023-05-08,S2,Chionanthus mala-elengi,Chionanthus mala-elengi,0,0,0,0,0,0,2,0,0,0,,
L05,2023-05-08,S2,Litsea coriacea,Litsea coriacea,0,0,0,0,0,0,1,0,0,0,,
L05,2023-05-08,S2,Dichapetalum gelonioides,Dichapetalum gelonioides,0,0,0,0,2,0,1,0,0,0,,
L05,2023-05-08,S2,Syzygium rubicundum,Syzygium rubicundum,0,0,0,0,0,0,5,0,0,0,,
L05,2023-05-08,S2,Glochidion malabaricum,Glochidion malabaricum,0,0,0,0,3,0,0,0,0,0,,
L05,2023-05-08,S2,Antidesma menasu,Antidesma menasu,0,0,0,0,0,0,0,0,1,0,,
L05,2023-05-08,S2,Vateria indica,Vateria indica,0,0,0,0,0,0,1,0,0,0,,
L05,2023-05-08,S2,Litsea floribunda,Litsea floribunda,0,0,0,0,0,0,1,0,1,0,,
L05,2023-05-08,S2,Turpinia malabarica,Turpinia malabarica,0,0,0,0,0,0,2,0,1,0,,
L05,2023-05-08,S2,Eugenia sp.,Eugenia sp.,0,0,0,0,0,0,0,0,1,0,,
L05,2023-05-08,S2,Maesopsis eminii,Maesopsis eminii,0,0,0,0,0,0,0,0,0,1,,
L05,2023-05-08,S2,Litsea oleiodes,Litsea nigrescens,0,0,0,0,0,0,0,0,1,0,,
L05,2023-05-08,S2,Otonephelium stipulaceum,Otonephelium stipulaceum,0,0,0,0,1,0,0,0,0,0,,
L05,2023-05-08,S2,Xanthophyllum flavescens,Xanthophyllum flavescens,0,0,0,0,3,0,0,0,0,0,,
L05,2023-05-08,S2,Prunus ceylanica,Prunus ceylanica,0,0,0,0,3,0,1,0,0,0,,
L05,2023-05-08,S2,Vernonia arborea,Vernonia arborea,0,0,0,0,2,0,0,0,0,0,,
L05,2023-05-08,S2,Symplocos racemosa,Symplocos racemosa,0,0,0,0,1,0,0,0,0,0,,
L05,2023-05-08,S2,Semecarpus travancoricus,Semecarpus travancoricus,0,0,0,0,1,0,0,0,0,0,,
L05,2023-05-08,S2,Actinodaphne malabarica,Actinodaphne malabarica,0,0,0,0,2,0,1,0,0,0,,
L05,2023-05-08,S2,Persea macrantha,Persea macrantha,0,0,0,0,0,0,1,0,0,0,,
L05,2023-05-08,S2,Pseudoglochidion anamalayanum,Pseudoglochidion anamalayanum,0,0,0,0,1,0,0,0,0,0,,
L05,2023-05-08,S2,Cinnamomum malabatrum,Cinnamomum malabatrum,0,0,0,0,1,0,0,0,0,0,,
L05,2023-05-08,S2,Holigarna nigra,Holigarna nigra,0,0,0,0,2,0,0,0,0,0,,
L05,2023-05-08,S2,Mastixia arborea,Mastixia arborea,0,0,0,0,1,0,0,0,0,0,,
L06,2023-05-09,S2,Diospyros sylvatica,Diospyros sylvatica,0,0,0,0,0,0,0,0,1,1,,
L06,2023-05-09,S2,Prunus ceylanica,Prunus ceylanica,0,0,0,0,1,0,0,0,0,0,,
L06,2023-05-09,S2,Garcinia morella,Garcinia morella,0,0,0,0,1,0,1,0,0,0,,
L06,2023-05-09,S2,Myristica beddomei,Myristica beddomei,0,0,0,0,1,0,0,0,0,0,,
L06,2023-05-09,S2,Leea indica,Leea indica,0,0,0,0,2,0,0,0,0,0,,
L06,2023-05-09,S2,Diospyros ghatensis,Diospyros ghatensis,0,0,0,0,2,0,1,0,0,0,,
L06,2023-05-09,S2,Drypetes wightii,Drypetes wightii,0,0,0,0,0,0,1,0,0,0,,
L06,2023-05-09,S2,Vateria indica,Vateria indica,0,0,0,0,2,0,2,0,3,0,,
L06,2023-05-09,S2,Heynea trijuga,Heynea trijuga,0,0,0,0,0,0,1,0,0,0,,
L06,2023-05-09,S2,Glochidion malabaricum,Glochidion malabaricum,0,0,0,0,6,1,4,0,1,0,,
L06,2023-05-09,S2,Turpinia malabarica,Turpinia malabarica,0,0,0,0,0,0,1,0,0,1,,
L06,2023-05-09,S2,Aporosa indoacuminata,Aporosa indoacuminata,0,0,0,0,0,0,0,1,0,0,,
L06,2023-05-09,S2,Actinodaphne malabarica,Actinodaphne malabarica,0,0,0,0,2,0,1,0,0,0,,
L06,2023-05-09,S2,Spathodea campanulata,Spathodea campanulata,0,0,0,0,0,0,0,0,1,0,,
L07,2023-05-09,S2,Glochidion malabaricum,Glochidion malabaricum,0,0,0,0,1,0,1,0,0,0,,
L07,2023-05-09,S2,Leea indica,Leea indica,0,0,0,0,1,0,0,0,0,0,,
L07,2023-05-09,S2,Xanthophyllum flavescens,Xanthophyllum flavescens,0,0,0,0,0,0,0,1,0,0,,
L07,2023-05-09,S2,Diospyros paniculata,Diospyros paniculata,0,0,0,0,3,0,2,0,0,0,,
L07,2023-05-09,S2,Prunus ceylanica,Prunus ceylanica,0,0,0,0,1,0,1,0,0,0,,
L07,2023-05-09,S2,Litsea coriacea,Litsea coriacea,0,0,0,0,0,0,1,0,0,0,,
L07,2023-05-09,S2,Heynea trijuga,Heynea trijuga,0,0,0,0,1,0,0,0,0,0,,
L07,2023-05-09,S2,Turpinia malabarica,Turpinia malabarica,0,0,0,0,0,0,0,0,2,0,,
L08,2023-08-18,S2,Turpinia malabarica,Turpinia malabarica,0,0,0,0,1,1,23,0,7,2,,
L08,2023-08-18,S2,Leea indica,Leea indica,0,0,0,0,5,0,5,0,1,0,,
L08,2023-08-18,S2,Clerodendrum infortunatum,Clerodendrum infortunatum,0,0,0,0,5,0,2,0,0,0,,
L08,2023-08-18,S2,Diospyros ghatensis,Diospyros ghatensis,0,0,0,0,2,0,2,0,0,0,,
L08,2023-08-18,S2,Beilschmiedia dalzellii,Beilschmiedia dalzellii,0,0,0,0,0,0,1,0,0,0,,
L08,2023-08-18,S2,Glochidion malabaricum,Glochidion malabaricum,0,0,0,0,1,0,0,0,0,0,,
L08,2023-08-18,S2,Xanthophyllum flavescens,Xanthophyllum flavescens,0,0,0,0,1,0,0,0,0,0,,
L08,2023-08-18,S2,Paracroton pendulus,Paracroton pendulus,0,0,0,0,1,0,0,0,1,1,,
L08,2023-08-18,S2,Aglaia canarana,Aglaia canarana,0,0,0,0,1,0,0,0,0,0,,
L08,2023-08-18,S2,Artocarpus heterophyllus,Artocarpus heterophyllus,0,0,0,0,2,0,0,0,0,0,,
L08,2023-08-18,S2,Myristica beddomei,Myristica beddomei,0,0,0,0,0,0,1,0,0,0,,
L08,2023-08-18,S2,Palaquium ellipticum,Palaquium ellipticum,0,0,0,0,1,0,0,0,0,0,,
L08,2023-08-18,S2,Antidesma menasu,Antidesma menasu,0,0,0,0,0,0,1,0,1,0,,
L08,2023-08-18,S2,Maesopsis eminii,Maesopsis eminii,0,0,0,0,0,0,0,0,1,0,,
L08,2023-08-18,S2,Actinodaphne malabarica,Actinodaphne malabarica,0,0,0,0,4,0,0,0,0,0,,
L08,2023-08-18,S2,Canarium strictum,Canarium strictum,0,0,0,0,3,0,0,0,0,0,,
L08,2023-08-18,S2,Cinnamomum malabatrum,Cinnamomum malabatrum,0,0,0,0,1,0,1,0,0,0,,
L08,2023-08-18,S2,Drypetes wightii,Drypetes wightii,0,0,0,0,1,0,0,0,0,0,,
L08,2023-08-18,S2,Maesa indica,Maesa indica,0,0,0,0,2,0,0,0,0,0,,
L08,2023-08-18,S2,Meiogyne pannosa,Meiogyne pannosa,0,0,0,0,1,0,0,0,0,0,,
L08,2023-08-18,S2,Persea macrantha,Persea macrantha,0,0,0,0,1,0,0,0,0,0,,
L08,2023-08-18,S2,Spathodea campanulata,Spathodea campanulata,0,0,0,0,0,0,1,0,0,0,,
L09,2023-08-18,S2,Actinodaphne malabarica,Actinodaphne malabarica,0,0,0,0,11,0,0,0,0,0,,
L09,2023-08-18,S2,Leea indica,Leea indica,0,0,0,0,4,0,0,0,0,0,,
L09,2023-08-18,S2,Glochidion malabaricum,Glochidion malabaricum,0,0,0,0,3,0,2,0,0,0,,
L09,2023-08-18,S2,Elaeocarpus tuberculatus,Elaeocarpus tuberculatus,0,0,0,0,1,0,0,0,0,0,,
L09,2023-08-18,S2,Heynea trijuga,Heynea trijuga,0,0,0,0,4,0,0,0,0,0,,
L09,2023-08-18,S2,Litsea nigrescens,Litsea nigrescens,0,0,0,0,6,0,0,0,0,0,,
L09,2023-08-18,S2,Litsea floribunda,Litsea floribunda,0,0,0,0,1,0,1,0,0,0,,
L09,2023-08-18,S2,Vernonia arborea,Vernonia arborea,0,0,0,0,2,0,0,0,0,0,,
L09,2023-08-18,S2,Canarium strictum,Canarium strictum,0,0,0,0,1,0,0,0,0,0,,
L09,2023-08-18,S2,Aporosa indoacuminata,Aporosa indoacuminata,0,0,0,0,1,0,0,0,0,0,,
L09,2023-08-18,S2,Aglaia canarana,Aglaia canarana,0,0,0,0,1,0,2,0,0,0,,
L09,2023-08-18,S2,Olea dioica,Olea dioica,0,0,0,0,1,0,0,0,0,0,,
L09,2023-08-18,S2,Turpinia malabarica,Turpinia malabarica,0,0,0,0,6,0,0,0,0,0,,
L09,2023-08-18,S2,Beilschmiedia dalzellii,Beilschmiedia dalzellii,0,0,0,0,2,0,1,0,0,0,,
L09,2023-08-18,S2,Xanthophyllum flavescens,Xanthophyllum flavescens,0,0,0,0,3,0,0,0,0,0,,
L09,2023-08-18,S2,Litsea coriacea,Litsea coriacea,0,0,0,0,2,0,0,0,0,0,,
L09,2023-08-18,S2,Diospyros sylvatica,Diospyros sylvatica,0,0,0,0,1,0,2,0,0,0,,
L09,2023-08-18,S2,Chionanthus mala-elengi,Chionanthus mala-elengi,0,0,0,0,0,0,1,0,0,0,,
L09,2023-08-18,S2,Antidesma menasu,Antidesma menasu,0,0,0,0,0,0,1,0,0,0,,
L09,2023-08-18,S2,Toona ciliata,Toona ciliata,0,0,0,0,1,0,1,0,0,0,,
L09,2023-08-18,S2,Dysoxylum malabaricum,Dysoxylum malabaricum,0,0,0,0,0,0,0,0,1,0,,
L09,2023-08-18,S2,Syzygium rubicundum,Syzygium rubicundum,0,0,0,0,1,0,0,0,0,0,,
L09,2023-08-18,S2,Cinnamomum malabatrum,Cinnamomum malabatrum,0,0,0,0,1,0,1,0,0,0,,
L09,2023-08-18,S2,Meiogyne pannosa,Meiogyne pannosa,0,0,0,0,1,0,0,0,0,0,,
L09,2023-08-18,S2,Paracroton pendulus,Paracroton pendulus,0,0,0,0,1,0,0,0,0,0,,
L09,2023-08-18,S2,Maesopsis eminii,Maesopsis eminii,0,0,0,0,0,0,0,0,0,1,,
L10,2023-08-14,S2,Xanthophyllum flavescens,Xanthophyllum flavescens,0,0,0,0,0,1,1,0,0,0,,
L10,2023-08-14,S2,Otonephelium stipulaceum,Otonephelium stipulaceum,0,0,0,0,2,0,2,0,0,0,,
L10,2023-08-14,S2,Vateria indica,Vateria indica,0,0,0,0,0,0,2,0,0,1,,
L10,2023-08-14,S2,Glochidion malabaricum,Glochidion malabaricum,0,0,0,0,1,0,4,0,0,1,,
L10,2023-08-14,S2,Leea indica,Leea indica,0,0,0,0,13,0,1,0,0,0,,
L10,2023-08-14,S2,Aglaia canarana,Aglaia canarana,0,0,0,0,3,0,5,0,0,0,,
L10,2023-08-14,S2,Coffea canephora,Coffea canephora,0,0,0,0,4,0,8,0,0,0,,
L10,2023-08-14,S2,Cinnamomum malabatrum,Cinnamomum malabatrum,0,0,0,0,0,0,1,0,0,1,,
L10,2023-08-14,S2,Olea dioica,Olea dioica,0,0,0,0,0,0,0,0,0,0,,
L10,2023-08-14,S2,Wrightia arborea,Wrightia arborea,0,0,0,0,0,0,0,0,0,0,,
L10,2023-08-14,S2,Diospyros sylvatica,Diospyros sylvatica,0,0,0,0,0,0,1,0,0,0,,
L10,2023-08-14,S2,Dimocarpus longan,Dimocarpus longan,0,0,0,0,0,0,1,0,0,0,,
L10,2023-08-14,S2,Antidesma menasu,Antidesma menasu,0,0,0,0,1,0,2,0,0,0,,
L10,2023-08-14,S2,Persea macrantha,Persea macrantha,0,0,0,0,0,0,1,0,0,0,,
L10,2023-08-14,S2,Litsea coriacea,Litsea coriacea,0,0,0,0,1,0,0,0,0,0,,
L10,2023-08-14,S2,Litsea nigrescens,Litsea nigrescens,0,0,0,0,0,0,1,0,0,0,,
L10,2023-08-14,S2,Elaeocarpus tuberculatus,Elaeocarpus tuberculatus,0,0,0,0,1,0,0,0,0,0,,
L10,2023-08-14,S2,Heynea trijuga,Heynea trijuga,0,0,0,0,1,0,1,0,0,0,,
L11,2023-08-21,S2,Coffea canephora,Coffea canephora,0,0,0,0,3,0,11,0,15,1,,
L11,2023-08-21,S2,Coffea arabica,Coffea arabica,0,0,0,0,1,0,2,0,0,0,,
L11,2023-08-21,S2,Leea indica,Leea indica,0,0,0,0,0,0,2,0,1,1,,
L11,2023-08-21,S2,Vateria indica,Vateria indica,0,0,0,0,2,0,4,0,1,0,,
L11,2023-08-21,S2,Paracroton pendulus,Paracroton pendulus,0,0,0,0,1,0,0,0,0,0,,
L11,2023-08-21,S2,Olea dioica,Olea dioica,0,0,0,0,1,0,1,0,2,0,,
L11,2023-08-21,S2,Syzygium rubicundum,Syzygium rubicundum,0,0,0,0,2,0,0,0,0,0,,
L11,2023-08-21,S2,Dysoxylum malabaricum,Dysoxylum malabaricum,0,0,0,0,0,0,0,0,1,0,,
L11,2023-08-21,S2,Caryota urens,Caryota urens,0,0,0,0,0,0,1,0,0,0,,
L11,2023-08-21,S2,Glochidion malabaricum,Glochidion malabaricum,0,0,0,0,1,0,0,0,1,0,,
L11,2023-08-21,S2,Maesopsis eminii,Maesopsis eminii,0,0,0,0,0,0,0,0,0,2,,
L11,2023-08-21,S2,Xanthophyllum flavescens,Xanthophyllum flavescens,0,0,0,0,0,0,1,0,1,0,,
L11,2023-08-21,S2,Myristica beddomei,Myristica beddomei,0,0,0,0,1,0,0,0,0,0,,
L11,2023-08-21,S2,Cinnamomum malabatrum,Cinnamomum malabatrum,0,0,0,0,0,0,1,0,0,0,,
L11,2023-08-21,S2,Syzygium densiflorum,Syzygium densiflorum,0,0,0,0,1,0,0,0,0,0,,
L11,2023-08-21,S2,Poeciloneuron indicum,Poeciloneuron indicum,0,0,0,0,1,0,0,0,0,0,,
L11,2023-08-21,S2,Litsea coriacea,Litsea coriacea,0,0,0,0,1,0,0,0,0,0,,
L11,2023-08-21,S2,Wrightia arborea,Wrightia arborea,0,0,0,0,0,0,1,0,0,0,,
L15,2023-08-22,S2,Heritiera papilio,Heritiera papilio,0,0,0,0,0,0,1,0,0,0,,
L15,2023-08-22,S2,Maesa indica,Maesa indica,0,0,0,0,5,0,3,0,2,1,,
L15,2023-08-22,S2,Maesopsis eminii,Maesopsis eminii,0,0,0,0,0,0,1,0,0,2,,
L15,2023-08-22,S2,Cinnamomum malabatrum,Cinnamomum malabatrum,0,0,0,0,4,1,8,0,0,0,,
L15,2023-08-22,S2,Aporosa indoacuminata,Aporosa indoacuminata,0,0,0,0,0,0,1,0,0,0,,
L15,2023-08-22,S2,Citrus sp.,Citrus sp.,0,0,0,0,1,0,0,0,0,0,,
L15,2023-08-22,S2,Leea indica,Leea indica,0,0,0,0,0,0,2,0,0,0,,
L15,2023-08-22,S2,Myristica beddomei,Myristica beddomei,0,0,0,0,0,0,1,0,0,0,MYR MAL check,
L15,2023-08-22,S2,Actinodaphne malabarica,Actinodaphne malabarica,0,0,0,0,1,0,1,0,0,0,,
L15,2023-08-22,S2,Coffea canephora,Coffea canephora,0,0,0,0,1,0,2,1,0,0,,
L15,2023-08-22,S2,Glochidion malabaricum,Glochidion malabaricum,0,0,0,0,4,0,0,0,0,0,,
L16,2023-08-22,S2,Cinnamomum malabatrum,Cinnamomum malabatrum,0,0,0,0,8,0,4,0,0,0,,
L16,2023-08-22,S2,Litsea coriacea,Litsea coriacea,0,0,0,0,1,0,0,0,0,0,,
L16,2023-08-22,S2,Leea indica,Leea indica,0,0,0,0,3,0,2,0,0,2,,
L16,2023-08-22,S2,Olea dioica,Olea dioica,0,0,0,0,2,0,0,0,0,1,,
L16,2023-08-22,S2,Maesa indica,Maesa indica,0,0,0,0,15,0,1,0,0,0,,
L16,2023-08-22,S2,Palaquium ellipticum,Palaquium ellipticum,0,0,0,0,1,0,1,0,0,0,,
L16,2023-08-22,S2,Diospyros ghatensis,Diospyros ghatensis,0,0,0,0,1,0,0,0,0,0,,
L16,2023-08-22,S2,Maesopsis eminii,Maesopsis eminii,0,0,0,0,0,0,0,0,1,0,,
L16,2023-08-22,S2,Dysoxylum malabaricum,Dysoxylum malabaricum,0,0,0,0,0,0,1,0,0,0,,
L16,2023-08-22,S2,Xanthophyllum flavescens,Xanthophyllum flavescens,0,0,0,0,3,0,0,0,1,0,,
L16,2023-08-22,S2,Wrightia arborea,Wrightia arborea,0,0,0,0,1,0,0,0,0,0,,
L16,2023-08-22,S2,Syzygium cumini,Syzygium cumini,0,0,0,0,1,0,0,0,0,0,,
L16,2023-08-22,S2,Litsea oleiodes,Litsea nigrescens,0,0,0,0,1,0,0,0,0,0,,
L16,2023-08-22,S2,Acronychia pedunculata,Acronychia pedunculata,0,0,0,0,0,0,0,0,1,0,,
L16,2023-08-22,S2,Cryptocarya wightiana,Cryptocarya wightiana,0,0,0,0,0,0,1,0,0,0,,
L16,2023-08-22,S2,Meiogyne pannosa,Meiogyne pannosa,0,0,0,0,1,0,2,0,0,0,,
L16,2023-08-22,S2,Vernonia arborea,Vernonia arborea,0,0,0,0,1,0,0,0,0,0,,
L17,2023-08-22,S2,Otonephelium stipulaceum,Otonephelium stipulaceum,0,0,0,0,16,0,0,0,0,0,,
L17,2023-08-22,S2,Cinnamomum malabatrum,Cinnamomum malabatrum,0,0,0,0,1,0,0,0,0,0,,
L17,2023-08-22,S2,Acronychia pedunculata,Acronychia pedunculata,0,0,0,0,0,1,0,0,0,0,,
L17,2023-08-22,S2,Diospyros sylvatica,Diospyros sylvatica,0,0,0,0,0,1,1,0,0,0,,
L17,2023-08-22,S2,Leea indica,Leea indica,0,0,0,0,2,0,2,0,0,0,,
L17,2023-08-22,S2,Maesa indica,Maesa indica,0,0,0,0,1,0,4,0,0,0,,
L17,2023-08-22,S2,Xanthophyllum flavescens,Xanthophyllum flavescens,0,0,0,0,3,0,0,0,0,0,,
L17,2023-08-22,S2,Aporosa indoacuminata,Aporosa indoacuminata,0,0,0,0,2,0,2,0,0,0,,
L17,2023-08-22,S2,Aglaia canarana,Aglaia canarana,0,0,0,0,0,0,1,0,0,0,,
L17,2023-08-22,S2,Palaquium ellipticum,Palaquium ellipticum,0,0,0,0,0,0,1,0,0,0,,
L17,2023-08-22,S2,Semecarpus travancoricus,Semecarpus travancoricus,0,0,0,0,0,0,0,0,1,0,,
L17,2023-08-22,S2,Maesopsis eminii,Maesopsis eminii,0,0,0,0,1,0,2,0,1,0,,
L17,2023-08-22,S2,Turpinia malabarica,Turpinia malabarica,0,0,0,0,1,0,0,0,0,0,,
L17,2023-08-22,S2,Coffea canephora,Coffea canephora,0,0,0,0,1,0,3,0,0,0,,
M07,2023-05-09,S2,Actinodaphne malabarica,Actinodaphne malabarica,0,0,0,0,0,0,0,0,2,0,,
M07,2023-05-09,S2,Vateria indica,Vateria indica,0,0,0,0,0,0,1,0,0,0,,
M07,2023-05-09,S2,Diospyros ghatensis,Diospyros ghatensis,0,0,0,0,0,0,2,0,1,0,,
M07,2023-05-09,S2,Drypetes wightii,Drypetes wightii,0,0,0,0,0,0,1,0,0,0,,
M07,2023-05-09,S2,Otonephelium stipulaceum,Otonephelium stipulaceum,0,0,0,0,1,0,0,0,0,0,,
M07,2023-05-09,S2,Canarium strictum,Canarium strictum,0,0,0,0,1,0,0,0,0,0,,
M07,2023-05-09,S2,Coffea canephora,Coffea canephora,0,0,0,0,3,0,1,0,0,0,,
M07,2023-05-09,S2,Elaeocarpus tuberculatus,Elaeocarpus tuberculatus,0,0,0,0,0,0,1,0,0,1,,
M07,2023-05-09,S2,Glochidion malabaricum,Glochidion malabaricum,0,0,0,0,3,0,1,0,0,0,,
M07,2023-05-09,S2,Leea indica,Leea indica,0,0,0,0,4,0,0,0,0,0,,
M07,2023-05-09,S2,Heynea trijuga,Heynea trijuga,0,0,0,0,1,0,0,0,0,0,,
M08,2023-08-14,S2,Leea indica,Leea indica,0,0,0,0,2,0,2,0,0,0,,
M08,2023-08-14,S2,Beilschmiedia dalzellii,Beilschmiedia dalzellii,0,0,0,0,0,0,2,0,1,0,,
M08,2023-08-14,S2,Actinodaphne malabarica,Actinodaphne malabarica,0,0,0,0,1,0,0,0,0,1,,
M08,2023-08-14,S2,Aglaia canarana,Aglaia canarana,0,0,0,0,0,0,2,0,0,0,,
M08,2023-08-14,S2,Epiprinus mallotiformis,Epiprinus mallotiformis,0,0,0,0,0,0,1,0,0,0,,
M08,2023-08-14,S2,Dysoxylum malabaricum,Dysoxylum malabaricum,0,0,0,0,0,0,0,0,0,1,,
M08,2023-08-14,S2,Otonephelium stipulaceum,Otonephelium stipulaceum,0,0,0,0,0,0,1,0,0,0,,
M08,2023-08-14,S2,Paracroton pendulus,Paracroton pendulus,0,0,0,0,0,0,1,0,0,0,,
M08,2023-08-14,S2,Turpinia malabarica,Turpinia malabarica,0,0,0,0,1,0,0,0,0,0,,
M08,2023-08-14,S2,Glochidion malabaricum,Glochidion malabaricum,0,0,0,0,6,0,0,0,0,0,,
M08,2023-08-14,S2,Drypetes wightii,Drypetes wightii,0,0,0,0,2,0,0,0,0,0,,
M08,2023-08-14,S2,Antidesma menasu,Antidesma menasu,0,0,0,0,1,0,0,0,0,0,,
M09,2023-08-18,S2,Glochidion malabaricum,Glochidion malabaricum,0,0,0,0,18,0,0,0,0,0,,
M09,2023-08-18,S2,Olea dioica,Olea dioica,0,0,0,0,0,0,1,0,0,0,,
M09,2023-08-18,S2,Leea indica,Leea indica,0,0,0,0,0,0,3,0,0,0,,
M09,2023-08-18,S2,Maesopsis eminii,Maesopsis eminii,0,0,0,0,0,0,2,0,0,0,,
M09,2023-08-18,S2,Otonephelium stipulaceum,Otonephelium stipulaceum,0,0,0,0,1,0,0,0,0,0,,
M10,2023-08-14,S2,Otonephelium stipulaceum,Otonephelium stipulaceum,0,0,0,0,11,0,15,0,0,0,,
M10,2023-08-14,S2,Coffea canephora,Coffea canephora,0,0,0,0,4,0,23,0,1,0,,
M10,2023-08-14,S2,Paracroton pendulus,Paracroton pendulus,0,0,0,0,0,0,0,0,1,1,,
M10,2023-08-14,S2,Drypetes wightii,Drypetes wightii,0,0,0,0,3,0,0,0,0,0,,
M10,2023-08-14,S2,Caryota urens,Caryota urens,0,0,0,0,0,0,1,0,0,0,,
M10,2023-08-14,S2,Vernonia arborea,Vernonia arborea,0,0,0,0,1,0,0,0,0,0,,
M10,2023-08-14,S2,Actinodaphne tadulingamii,Actinodaphne tadulingamii,0,0,0,0,1,0,0,0,0,0,,
M10,2023-08-14,S2,Leea indica,Leea indica,0,0,0,0,1,0,0,0,0,0,,
M10,2023-08-14,S2,Garcinia morella,Garcinia morella,0,0,0,0,0,1,0,0,0,0,,
M10,2023-08-14,S2,Turpinia malabarica,Turpinia malabarica,0,0,0,0,1,0,1,0,0,0,,
M10,2023-08-14,S2,Xanthophyllum flavescens,Xanthophyllum flavescens,0,0,0,0,1,0,0,0,0,0,,
M10,2023-08-14,S2,Dysoxylum malabaricum,Dysoxylum malabaricum,0,0,0,0,2,0,0,0,0,0,,
M11,2023-08-21,S2,Glochidion malabaricum,Glochidion malabaricum,0,0,0,0,0,0,2,0,0,2,,
M11,2023-08-21,S2,Erythrina variegata,Erythrina variegata,0,0,0,0,0,0,1,0,0,0,,
M11,2023-08-21,S2,Turpinia malabarica,Turpinia malabarica,0,0,0,0,7,2,2,0,0,3,,
M11,2023-08-21,S2,Leea indica,Leea indica,0,0,0,0,0,0,1,0,0,0,,
M11,2023-08-21,S2,Aporosa indoacuminata,Aporosa indoacuminata,0,0,0,0,1,0,1,0,0,0,,
M11,2023-08-21,S2,Myristica beddomei,Myristica beddomei,0,0,0,0,3,0,2,0,0,0,,
M11,2023-08-21,S2,Coffea canephora,Coffea canephora,0,0,0,0,40,0,3,0,0,2,,
M11,2023-08-21,S2,Otonephelium stipulaceum,Otonephelium stipulaceum,0,0,0,0,0,0,2,0,0,0,,
M11,2023-08-21,S2,Symplocos rosea,Symplocos rosea,0,0,0,0,0,0,0,0,1,0,,
M11,2023-08-21,S2,Elaeocarpus tuberculatus,Elaeocarpus tuberculatus,0,0,0,0,2,0,0,0,0,0,,
M11,2023-08-21,S2,Drypetes malabarica,Drypetes malabarica,0,0,0,0,2,0,0,0,0,0,,
M11,2023-08-21,S2,Artocarpus hirsutus,Artocarpus hirsutus,0,0,0,0,1,0,1,0,0,0,,
M11,2023-08-21,S2,Syzygium rubicundum,Syzygium rubicundum,0,0,0,0,0,0,1,0,0,0,,
M15,2023-08-22,S2,Beilschmiedia dalzellii,Beilschmiedia dalzellii,0,0,0,0,0,0,1,0,0,0,Planted,Y
M15,2023-08-22,S2,Glochidion malabaricum,Glochidion malabaricum,0,0,0,0,1,0,0,0,0,0,,
M15,2023-08-22,S2,Coffea canephora,Coffea canephora,0,0,0,0,55,0,26,0,0,0,,
M15,2023-08-22,S2,Aporosa indoacuminata,Aporosa indoacuminata,0,0,0,0,1,0,2,0,0,0,,
M15,2023-08-22,S2,Leea indica,Leea indica,0,0,0,0,1,0,0,0,1,1,,
M15,2023-08-22,S2,Holigarna nigra,Holigarna nigra,0,0,0,0,1,0,0,0,0,0,,
M15,2023-08-22,S2,Maesopsis eminii,Maesopsis eminii,0,0,0,0,0,0,1,0,0,0,,
M15,2023-08-22,S2,Ormosia travancorica,Ormosia travancorica,0,0,0,0,0,0,0,0,1,0,,
M15,2023-08-22,S2,Maesa indica,Maesa indica,0,0,0,0,0,0,1,0,0,0,,
M15,2023-08-22,S2,Litsea floribunda,Litsea floribunda,0,0,0,0,0,0,0,0,0,1,,
M15,2023-08-22,S2,Persea macrantha,Persea macrantha,0,0,0,0,0,0,0,0,1,0,Planted,Y
M15,2023-08-22,S2,Aphanamixis polystachya,Aphanamixis polystachya,0,0,0,0,0,0,1,0,0,0,Planted,Y
M15,2023-08-22,S2,Xanthophyllum flavescens,Xanthophyllum flavescens,0,0,0,0,0,0,1,0,0,0,,
M15,2023-08-22,S2,Elaeocarpus tuberculatus,Elaeocarpus tuberculatus,0,0,0,0,0,0,1,0,0,0,,
M15,2023-08-22,S2,Turpinia malabarica,Turpinia malabarica,0,0,0,0,1,0,0,0,0,0,,
M15,2023-08-22,S2,Nothopegia racemosa,Nothopegia racemosa,0,0,0,0,0,0,1,0,0,0,Planted,Y
M16,2023-08-22,S2,Coffea canephora,Coffea canephora,0,0,0,0,7,0,5,0,2,0,,
M16,2023-08-22,S2,Dichapetalum gelonioides,Dichapetalum gelonioides,0,0,0,0,0,0,1,0,0,0,,
M16,2023-08-22,S2,Litsea coriacea,Litsea coriacea,0,0,0,0,1,0,0,0,0,0,,
M16,2023-08-22,S2,Semecarpus travancoricus,Semecarpus travancoricus,0,0,0,0,0,0,1,0,0,0,,
M16,2023-08-22,S2,Dimocarpus longan,Dimocarpus longan,0,0,0,0,0,0,1,0,0,1,,
M16,2023-08-22,S2,Ficus nervosa,Ficus nervosa,0,0,0,0,0,0,0,1,0,0,,
M16,2023-08-22,S2,Chionanthus mala-elengi,Chionanthus mala-elengi,0,0,0,0,0,0,1,0,1,0,,
M16,2023-08-22,S2,Atalantia racemosa,Atalantia racemosa,0,0,0,0,1,0,0,0,0,0,,
M16,2023-08-22,S2,Holigarna nigra,Holigarna nigra,0,0,0,0,0,0,1,0,0,0,,
M16,2023-08-22,S2,Syzygium cumini,Syzygium cumini,0,0,0,0,0,0,1,0,0,0,Planted,Y
M16,2023-08-22,S2,Xanthophyllum flavescens,Xanthophyllum flavescens,0,0,0,0,1,0,0,0,0,0,,
M17,2023-08-22,S2,Coffea canephora,Coffea canephora,0,0,0,0,7,0,15,0,0,3,,
M17,2023-08-22,S2,Otonephelium stipulaceum,Otonephelium stipulaceum,0,0,0,0,8,0,3,0,0,0,,
M17,2023-08-22,S2,Cinnamomum malabatrum,Cinnamomum malabatrum,0,0,0,0,1,0,1,0,0,0,,
M17,2023-08-22,S2,Leea indica,Leea indica,0,0,0,0,4,0,0,0,0,0,,
M17,2023-08-22,S2,Antidesma menasu,Antidesma menasu,0,0,0,0,1,0,0,0,0,0,,
M17,2023-08-22,S2,Aporosa indoacuminata,Aporosa indoacuminata,0,0,0,0,4,0,0,0,0,0,,
M17,2023-08-22,S2,Atalantia racemosa,Atalantia racemosa,0,0,0,0,1,0,0,0,0,0,,
M17,2023-08-22,S2,Cryptocarya wightiana,Cryptocarya wightiana,0,0,0,0,1,0,0,0,0,0,,
M17,2023-08-22,S2,Maesopsis eminii,Maesopsis eminii,0,0,0,0,1,0,0,0,0,1,,
M17,2023-08-22,S2,Gliricidia sepium,Gliricidia sepium,0,0,0,0,0,0,0,0,0,1,,
M17,2023-08-22,S2,Litsea floribunda,Litsea floribunda,0,0,0,0,1,0,0,0,0,0,,
N08,2023-08-14,S2,Otonephelium stipulaceum,Otonephelium stipulaceum,0,0,0,0,5,0,26,0,2,2,,
N08,2023-08-14,S2,Turpinia malabarica,Turpinia malabarica,0,0,0,0,0,0,1,0,0,1,,
N08,2023-08-14,S2,Dysoxylum malabaricum,Dysoxylum malabaricum,0,0,0,0,1,0,1,0,0,0,,
N08,2023-08-14,S2,Glochidion malabaricum,Glochidion malabaricum,0,0,0,0,1,0,5,0,0,0,,
N08,2023-08-14,S2,Litsea floribunda,Litsea floribunda,0,0,0,0,0,0,1,0,0,0,,
N08,2023-08-14,S2,Drypetes wightii,Drypetes wightii,0,0,0,0,2,0,2,0,0,0,,
N08,2023-08-14,S2,Leea indica,Leea indica,0,0,0,0,1,0,0,0,0,2,,
N08,2023-08-14,S2,Myristica beddomei,Myristica beddomei,0,0,0,0,0,0,2,0,0,0,,
N08,2023-08-14,S2,Euodia lunu-ankenda,Euodia lunu-ankenda,0,0,0,0,0,0,0,0,0,1,,
N08,2023-08-14,S2,Diospyros ghatensis,Diospyros ghatensis,0,0,0,0,0,0,1,0,0,0,,
N08,2023-08-14,S2,Calophyllum polyanthum,Calophyllum polyanthum,0,0,0,0,1,0,1,1,0,0,,
N08,2023-08-14,S2,Garcinia morella,Garcinia morella,0,0,0,0,1,1,0,0,0,0,,
N08,2023-08-14,S2,Litsea oleiodes,Litsea nigrescens,0,0,0,0,1,0,0,0,0,0,,
N08,2023-08-14,S2,Elaeocarpus tuberculatus,Elaeocarpus tuberculatus,0,0,0,0,0,0,0,0,0,1,,
N08,2023-08-14,S2,Meiogyne pannosa,Meiogyne pannosa,0,0,0,0,0,0,0,0,1,0,,
N08,2023-08-14,S2,Litsea coriacea,Litsea coriacea,0,0,0,0,1,0,0,0,0,0,,
N09,2023-08-14,S2,Vateria indica,Vateria indica,0,0,0,0,0,0,4,0,0,0,,
N09,2023-08-14,S2,Syzygium densiflorum,Syzygium densiflorum,0,0,0,0,0,0,1,0,0,0,,
N09,2023-08-14,S2,Cryptocarya anamalayana,Cryptocarya anamalayana,0,0,0,0,0,0,0,0,1,0,,
N09,2023-08-14,S2,Otonephelium stipulaceum,Otonephelium stipulaceum,0,0,0,0,15,0,0,0,0,0,,
N09,2023-08-14,S2,Dendrocnide sinuata,Dendrocnide sinuata,0,0,0,0,1,0,1,0,0,0,,
N09,2023-08-14,S2,Glochidion malabaricum,Glochidion malabaricum,0,0,0,0,2,0,1,0,0,0,,
N09,2023-08-14,S2,Leea indica,Leea indica,0,0,0,0,0,0,1,0,0,0,,
N09,2023-08-14,S2,Drypetes wightii,Drypetes wightii,0,0,0,0,1,0,1,0,0,0,,
N09,2023-08-14,S2,Actinodaphne tadulingamii,Actinodaphne tadulingamii,0,0,0,0,1,0,0,0,0,0,,
N09,2023-08-14,S2,Aporosa indoacuminata,Aporosa indoacuminata,0,0,0,0,1,0,1,0,1,0,,
N09,2023-08-14,S2,Spathodea campanulata,Spathodea campanulata,0,0,0,0,0,0,0,0,1,0,,
N09,2023-08-14,S2,Actinodaphne malabarica,Actinodaphne malabarica,0,0,0,0,3,0,0,0,0,0,,
N09,2023-08-14,S2,Epiprinus mallotiformis,Epiprinus mallotiformis,0,0,0,0,1,0,0,0,0,0,,
N09,2023-08-14,S2,Beilschmiedia dalzellii,Beilschmiedia dalzellii,0,0,0,0,1,0,1,0,1,0,,
N09,2023-08-14,S2,Chionanthus sp.,Chionanthus sp.,0,0,0,0,0,0,2,0,1,0,,
N09,2023-08-14,S2,Holigarna nigra,Holigarna nigra,0,0,0,0,1,0,0,0,0,0,,
N09,2023-08-14,S2,Coffea canephora,Coffea canephora,0,0,0,0,0,0,1,0,0,0,,
N09,2023-08-14,S2,Villebrunea integrifolia,Villebrunea integrifolia,0,0,0,0,1,0,0,0,0,0,,
N09,2023-08-14,S2,Maesopsis eminii,Maesopsis eminii,0,0,0,0,0,0,1,0,0,0,,
N09,2023-08-14,S2,Paracroton pendulus,Paracroton pendulus,0,0,0,0,1,0,1,0,0,0,,
N09,2023-08-14,S2,Semecarpus travancoricus,Semecarpus travancoricus,0,0,0,0,1,0,0,0,0,0,,
N09,2023-08-14,S2,Litsea floribunda,Litsea floribunda,0,0,0,0,1,0,0,0,0,0,,
N09,2023-08-14,S2,Litsea oleiodes,Litsea nigrescens,0,0,0,0,1,0,0,0,0,0,,
N09,2023-08-14,S2,Heynea trijuga,Heynea trijuga,0,0,0,0,1,0,0,0,0,0,,
N10,2023-08-14,S2,Actinodaphne malabarica,Actinodaphne malabarica,0,0,0,0,0,0,1,0,0,0,,
N10,2023-08-14,S2,Leea indica,Leea indica,0,0,0,0,0,0,2,0,3,1,,
N10,2023-08-14,S2,Glochidion malabaricum,Glochidion malabaricum,0,0,0,0,1,0,0,0,1,0,,
N11,2023-08-21,S2,Otonephelium stipulaceum,Otonephelium stipulaceum,0,0,0,0,0,0,1,0,0,0,,
N11,2023-08-21,S2,Leea indica,Leea indica,0,0,0,0,2,0,1,0,1,0,,
N11,2023-08-21,S2,Euodia lunu-ankenda,Euodia lunu-ankenda,0,0,0,0,0,0,1,0,0,0,,
N11,2023-08-21,S2,Xanthophyllum flavescens,Xanthophyllum flavescens,0,0,0,0,0,0,1,0,0,0,,
N15,2023-08-22,S2,Coffea canephora,Coffea canephora,0,0,0,0,44,0,31,0,0,3,,
N15,2023-08-22,S2,Turpinia malabarica,Turpinia malabarica,0,0,0,0,2,0,2,0,0,0,,
N15,2023-08-22,S2,Palaquium ellipticum,Palaquium ellipticum,0,0,0,0,4,0,3,0,0,0,,
N15,2023-08-22,S2,Leea indica,Leea indica,0,0,0,0,1,0,0,0,0,0,,
N15,2023-08-22,S2,Elaeocarpus tuberculatus,Elaeocarpus tuberculatus,0,0,0,0,1,0,0,0,0,0,,
N15,2023-08-22,S2,Litsea floribunda,Litsea floribunda,0,0,0,0,3,0,0,0,0,0,,
N15,2023-08-22,S2,Xanthophyllum flavescens,Xanthophyllum flavescens,0,0,0,0,3,0,2,0,0,1,,
N15,2023-08-22,S2,Litsea oleiodes,Litsea nigrescens,0,0,0,0,2,0,2,0,0,0,,
N15,2023-08-22,S2,Holigarna nigra,Holigarna nigra,0,0,0,0,1,0,0,0,0,0,,
N15,2023-08-22,S2,Otonephelium stipulaceum,Otonephelium stipulaceum,0,0,0,0,1,0,1,0,0,1,,
N15,2023-08-22,S2,Aphanamixis polystachya,Aphanamixis polystachya,0,0,0,0,0,0,0,0,1,0,,
N15,2023-08-22,S2,Diospyros sylvatica,Diospyros sylvatica,0,0,0,0,0,0,1,0,0,0,,
N15,2023-08-22,S2,Meiogyne pannosa,Meiogyne pannosa,0,0,0,0,0,0,1,0,0,0,,
N15,2023-08-22,S2,Drypetes wightii,Drypetes wightii,0,0,0,0,0,0,2,0,0,0,,
N15,2023-08-22,S2,Paracroton pendulus,Paracroton pendulus,0,0,0,0,0,0,1,0,1,0,,
N15,2023-08-22,S2,Aglaia canarana,Aglaia canarana,0,0,0,0,1,0,2,0,0,0,,
N15,2023-08-22,S2,Caryota urens,Caryota urens,0,0,0,0,1,0,0,0,0,0,,
N15,2023-08-22,S2,Persea macrantha,Persea macrantha,0,0,0,0,1,0,0,0,0,0,,
N15,2023-08-22,S2,Diospyros paniculata,Diospyros paniculata,0,0,0,0,0,0,2,0,0,0,,
N15,2023-08-22,S2,Dimocarpus longan,Dimocarpus longan,0,0,0,0,0,0,1,0,0,0,,
N15,2023-08-22,S2,Garcinia gummi-gutta,Garcinia gummi-gutta,0,0,0,0,2,0,0,0,0,0,,
N15,2023-08-22,S2,Actinodaphne malabarica,Actinodaphne malabarica,0,0,0,0,3,0,0,0,0,0,,
N16,2023-08-22,S2,Coffea canephora,Coffea canephora,0,0,0,0,5,0,4,0,0,2,,
N16,2023-08-22,S2,Actinodaphne malabarica,Actinodaphne malabarica,0,0,0,0,0,0,0,0,0,0,,
N16,2023-08-22,S2,Maesa indica,Maesa indica,0,0,0,0,1,0,5,0,0,0,,
N16,2023-08-22,S2,Xanthophyllum flavescens,Xanthophyllum flavescens,0,0,0,0,1,0,1,0,1,0,,
N16,2023-08-22,S2,Aporosa indoacuminata,Aporosa indoacuminata,0,0,0,0,0,0,0,0,1,0,,
N16,2023-08-22,S2,Litsea coriacea,Litsea coriacea,0,0,0,0,1,0,1,0,0,0,,
N16,2023-08-22,S2,Aglaia canarana,Aglaia canarana,0,0,0,0,0,0,1,0,1,0,,
N16,2023-08-22,S2,Poeciloneuron indicum,Poeciloneuron indicum,0,0,0,0,1,0,0,0,0,0,,
N16,2023-08-22,S2,Beilschmiedia dalzellii,Beilschmiedia dalzellii,0,0,0,0,2,0,0,0,0,0,,
N16,2023-08-22,S2,Glochidion malabaricum,Glochidion malabaricum,0,0,0,0,1,0,0,0,1,0,,
N16,2023-08-22,S2,Diospyros sylvatica,Diospyros sylvatica,0,0,0,0,1,0,0,0,1,0,,
N16,2023-08-22,S2,Leea indica,Leea indica,0,0,0,0,2,0,2,0,1,0,,
N16,2023-08-22,S2,Drypetes wightii,Drypetes wightii,0,0,0,0,0,0,1,0,0,0,,
N16,2023-08-22,S2,Lantana camara,Lantana camara,0,0,0,0,1,0,0,0,0,0,,
O08,2023-08-14,S2,Maesopsis eminii,Maesopsis eminii,0,0,0,0,0,0,0,0,0,1,,
O08,2023-08-14,S2,Leea indica,Leea indica,0,0,0,0,0,0,2,0,1,1,,
O08,2023-08-14,S2,Glochidion malabaricum,Glochidion malabaricum,0,0,0,0,4,0,1,0,0,0,,
O08,2023-08-14,S2,Actinodaphne malabarica,Actinodaphne malabarica,0,0,0,0,0,0,0,0,0,1,,
O08,2023-08-14,S2,Otonephelium stipulaceum,Otonephelium stipulaceum,0,0,0,0,7,0,1,0,0,0,,
O08,2023-08-14,S2,Prunus ceylanica,Prunus ceylanica,0,0,0,0,0,0,1,0,0,0,,
O08,2023-08-14,S2,Turpinia malabarica,Turpinia malabarica,0,0,0,0,0,0,1,0,1,0,,
O08,2023-08-14,S2,Xanthophyllum flavescens,Xanthophyllum flavescens,0,0,0,0,1,0,0,0,0,0,,
O08,2023-08-14,S2,Litsea coriacea,Litsea coriacea,0,0,0,0,3,0,0,0,0,0,,
O08,2023-08-14,S2,Aporosa indoacuminata,Aporosa indoacuminata,0,0,0,0,1,0,0,0,0,0,,
O08,2023-08-14,S2,Drypetes wightii,Drypetes wightii,0,0,0,0,1,0,0,0,0,0,,
O08,2023-08-14,S2,Euodia lunu-ankenda,Euodia lunu-ankenda,0,0,0,0,2,0,1,0,0,0,,
O08,2023-08-14,S2,Maesopsis eminii,Maesopsis eminii,0,0,0,0,2,0,0,0,0,0,,
O08,2023-08-14,S2,Heynea trijuga,Heynea trijuga,0,0,0,0,1,0,0,0,0,0,,
P08,2023-08-14,S1,Heynea trijuga,Heynea trijuga,0,0,0,0,1,0,1,0,0,0,,
P08,2023-08-14,S1,Actinodaphne malabarica,Actinodaphne malabarica,0,0,0,0,2,0,0,0,0,0,,
P08,2023-08-14,S1,Leea indica,Leea indica,0,0,0,0,0,0,1,0,0,0,,
P08,2023-08-14,S1,Glochidion malabaricum,Glochidion malabaricum,0,0,0,0,2,0,0,0,0,0,,
P08,2023-08-14,S1,Aporosa indoacuminata,Aporosa indoacuminata,0,0,0,0,0,0,1,0,0,0,,
P08,2023-08-14,S1,Aglaia canarana,Aglaia canarana,0,0,0,0,1,0,1,0,1,0,,
P08,2023-08-14,S1,Antidesma menasu,Antidesma menasu,0,0,0,0,0,0,1,0,0,0,,
P08,2023-08-14,S1,Drypetes wightii,Drypetes wightii,0,0,0,0,0,0,1,0,0,0,,
E15,2023-10-26,S1,Lantana camara,Lantana camara,0,0,0,0,1,0,0,0,0,0,,
E15,2023-10-26,S1,Olea dioica,Olea dioica,0,0,0,0,0,0,1,0,0,0,,
F14,2023-10-26,S1,Maesa indica,Maesa indica,0,0,0,0,1,0,0,0,7,2,,
F14,2023-10-26,S1,Olea dioica,Olea dioica,0,0,0,0,0,0,2,0,0,0,,
F14,2023-10-26,S1,Actinodaphne malabarica,Actinodaphne malabarica,0,0,0,0,1,0,0,0,0,0,,
F15,2023-10-26,S1,Diospyros paniculata,Diospyros paniculata,0,0,0,0,0,0,1,0,0,0,,
F16,2023-10-26,S1,Elaeocarpus tuberculatus,Elaeocarpus tuberculatus,0,0,0,0,2,0,0,0,0,0,,
G13,2023-10-26,S1,Coffea canephora,Coffea canephora,0,0,0,0,1,0,0,0,1,0,,
G13,2023-10-26,S1,Turpinia malabarica,Turpinia malabarica,0,0,0,0,1,0,0,0,0,0,,
G13,2023-10-26,S1,Leea indica,Leea indica,0,0,0,0,4,0,3,0,2,0,,
G13,2023-10-26,S1,Maesa indica,Maesa indica,0,0,0,0,0,0,2,0,0,0,,
G13,2023-10-26,S1,Macaranga indica,Macaranga indica,0,0,0,0,1,0,0,0,0,0,,
G13,2023-10-26,S1,Bombax ceiba,Bombax ceiba,0,0,0,0,1,0,0,0,0,0,,
G13,2023-10-26,S1,Litsea coriacea,Litsea coriacea,0,0,0,0,0,0,1,0,0,0,,
G13,2023-10-26,S1,Xanthophyllum flavescens,Xanthophyllum flavescens,0,0,0,0,0,0,1,0,0,0,,
G13,2023-10-26,S1,Heynea trijuga,Heynea trijuga,0,0,0,0,2,0,0,0,0,0,,
G14,2023-10-26,S1,Maesopsis eminii,Maesopsis eminii,0,0,0,0,1,0,1,0,2,2,,
G14,2023-10-26,S1,Heynea trijuga,Heynea trijuga,0,0,0,0,1,0,0,0,0,0,,
G14,2023-10-26,S1,Euodia lunu-ankenda,Euodia lunu-ankenda,0,0,0,0,1,0,0,0,0,0,,
G14,2023-10-26,S1,Litsea coriacea,Litsea coriacea,0,0,0,0,0,0,1,0,0,0,,
G14,2023-10-26,S1,Actinodaphne malabarica,Actinodaphne malabarica,0,0,0,0,1,0,0,0,0,0,,
G14,2023-10-26,S1,Leea indica,Leea indica,0,0,0,0,2,0,0,0,0,0,,
G15,2023-10-26,S1,Diospyros paniculata,Diospyros paniculata,0,0,0,0,0,0,2,0,0,0,,
G16,2023-10-26,S1,NA,NA,0,0,0,0,0,0,0,0,0,0,,
H13,2023-10-26,S1,Coffea canephora,Coffea canephora,0,0,0,0,4,0,3,0,2,0,,
H13,2023-10-26,S1,Heynea trijuga,Heynea trijuga,0,0,0,0,1,0,0,0,0,0,,
H13,2023-10-26,S1,Litsea coriacea,Litsea coriacea,0,0,0,0,1,0,0,0,0,0,,
H13,2023-10-26,S1,Aglaia canarana,Aglaia canarana,0,0,0,0,0,0,1,0,0,0,,
H13,2023-10-26,S1,Clausena indica,Clausena indica,0,0,0,0,0,0,2,0,0,0,,
H13,2023-10-26,S1,Ficus exasperata,Ficus exasperata,0,0,0,0,0,0,1,0,0,0,,
H13,2023-10-26,S1,Maesa indica,Maesa indica,0,0,0,0,3,0,0,0,1,0,,
H13,2023-10-26,S1,Euodia lunu-ankenda,Euodia lunu-ankenda,0,0,0,0,1,0,0,0,0,0,,
H14,2023-10-26,S1,Leea indica,Leea indica,0,0,0,0,2,0,0,0,0,0,,
H14,2023-10-26,S1,Glochidion malabaricum,Glochidion malabaricum,0,0,0,0,2,0,0,0,0,0,,
H14,2023-10-26,S1,Maesa indica,Maesa indica,0,0,0,0,0,0,0,0,1,0,,
H14,2023-10-26,S1,Litsea coriacea,Litsea coriacea,0,0,0,0,0,0,1,0,0,0,,
H14,2023-10-26,S1,Coffea canephora,Coffea canephora,0,0,0,0,2,0,1,0,1,0,,
H15,2023-10-26,S1,Litsea coriacea,Litsea coriacea,0,0,0,0,1,0,0,0,0,0,,
H16,2023-10-26,S1,Coffea canephora,Coffea canephora,0,0,0,0,0,0,0,0,1,0,,
H17,2023-10-26,S1,Diospyros paniculata,Diospyros paniculata,0,0,0,0,0,0,1,0,0,0,,
H17,2023-10-26,S1,Maesopsis eminii,Maesopsis eminii,0,0,0,0,0,0,0,0,1,0,,
I14,2023-10-26,S1,Coffea canephora,Coffea canephora,0,0,0,0,5,0,4,0,3,1,,
I14,2023-10-26,S1,Clausena indica,Clausena indica,0,0,0,0,0,0,1,0,0,0,,
I14,2023-10-26,S1,Litsea coriacea,Litsea coriacea,0,0,0,0,2,0,3,0,0,0,,
I14,2023-10-26,S1,Litsea floribunda,Litsea floribunda,0,0,0,0,0,0,2,0,2,0,,
I14,2023-10-26,S1,Maesa indica,Maesa indica,0,0,0,0,1,0,1,0,3,0,,
I14,2023-10-26,S1,Artocarpus heterophyllus,Artocarpus heterophyllus,0,0,0,0,1,0,0,0,0,0,,
I15,2023-10-26,S1,Persea macrantha,Persea macrantha,0,0,0,0,0,0,2,1,7,1,,
I15,2023-10-26,S1,Leea indica,Leea indica,0,0,0,0,2,0,0,0,0,0,,
I15,2023-10-26,S1,Maesa indica,Maesa indica,0,0,0,0,2,0,1,0,1,0,,
I15,2023-10-26,S1,Macaranga peltata,Macaranga peltata,0,0,0,0,1,0,0,0,0,0,,
I15,2023-10-26,S1,Litsea coriacea,Litsea coriacea,0,0,0,0,0,0,0,1,0,0,,
I15,2023-10-26,S1,Actinodaphne malabarica,Actinodaphne malabarica,0,0,0,0,1,0,1,0,0,0,,
I15,2023-10-26,S1,Ficus exasperata,Ficus exasperata,0,0,0,0,1,0,0,0,0,0,,
I15,2023-10-26,S1,Olea dioica,Olea dioica,0,0,0,0,0,0,0,0,1,0,,
I15,2023-10-26,S1,Flacourtia montana,Flacourtia montana,0,0,0,0,1,0,0,0,0,0,,
I16,2023-10-26,S1,Actinodaphne malabarica,Actinodaphne malabarica,0,0,0,0,2,0,0,0,0,0,,
I16,2023-10-26,S1,Heynea trijuga,Heynea trijuga,0,0,0,0,2,0,0,0,0,0,,
I16,2023-10-26,S1,Litsea coriacea,Litsea coriacea,0,0,0,0,0,0,1,0,0,0,,
I16,2023-10-26,S1,Olea dioica,Olea dioica,0,0,0,0,0,0,0,0,1,0,,
I16,2023-10-26,S1,Leea indica,Leea indica,0,0,0,0,1,0,1,0,3,0,,
J13,2023-10-26,S1,Olea dioica,Olea dioica,0,0,0,0,1,0,1,0,1,2,,
J13,2023-10-26,S1,Turpinia malabarica,Turpinia malabarica,0,0,0,0,9,0,0,0,0,0,,
J13,2023-10-26,S1,Litsea coriacea,Litsea coriacea,0,0,0,0,2,0,1,0,0,0,,
J13,2023-10-26,S1,Actinodaphne malabarica,Actinodaphne malabarica,0,0,0,0,3,0,0,0,0,0,,
J13,2023-10-26,S1,Leea indica,Leea indica,0,0,0,0,3,0,1,0,1,0,,
J13,2023-10-26,S1,Coffea canephora,Coffea canephora,0,0,0,0,1,0,0,0,2,0,,
J13,2023-10-26,S1,Elaeocarpus tuberculatus,Elaeocarpus tuberculatus,0,0,0,0,0,1,0,0,0,0,,
J13,2023-10-26,S1,Xanthophyllum flavescens,Xanthophyllum flavescens,0,0,0,0,1,0,0,0,0,0,,
J13,2023-10-26,S1,Antidesma menasu,Antidesma menasu,0,0,0,0,1,0,0,0,0,0,,
J14,2023-10-26,S1,Litsea coriacea,Litsea coriacea,0,0,0,0,5,0,1,0,0,0,,
J14,2023-10-26,S1,Actinodaphne malabarica,Actinodaphne malabarica,0,0,0,0,0,0,0,0,0,3,,
J14,2023-10-26,S1,Coffea canephora,Coffea canephora,0,0,0,0,15,0,27,0,2,0,,
J14,2023-10-26,S1,Xanthophyllum flavescens,Xanthophyllum flavescens,0,0,0,0,1,0,0,0,0,0,,
J14,2023-10-26,S1,Turpinia malabarica,Turpinia malabarica,0,0,0,0,1,0,0,0,0,0,,
J14,2023-10-26,S1,Leea indica,Leea indica,0,0,0,0,1,0,0,0,0,0,,
J14,2023-10-26,S1,Maesa indica,Maesa indica,0,0,0,0,1,0,0,0,0,0,,
J14,2023-10-26,S1,Litsea floribunda,Litsea floribunda,0,0,0,0,1,0,0,0,0,0,,
J15,2023-10-26,S1,Coffea canephora,Coffea canephora,0,0,0,0,148,0,51,1,12,1,,
L12,2023-10-27,S2,Leea indica,Leea indica,0,0,0,0,3,0,1,0,1,0,,
L12,2023-10-27,S2,Coffea canephora,Coffea canephora,0,0,0,0,19,0,2,0,0,0,,
L12,2023-10-27,S2,Semecarpus travancoricus,Semecarpus travancoricus,0,0,0,0,20,0,0,0,0,0,,
L12,2023-10-27,S2,Myristica beddomei,Myristica beddomei,0,0,0,0,1,0,0,0,1,0,,
L12,2023-10-27,S2,Clerodendrum infortunatum,Clerodendrum infortunatum,0,0,0,0,3,0,1,0,0,0,,
L12,2023-10-27,S2,Aglaia canarana,Aglaia canarana,0,0,0,0,0,0,2,0,0,0,,
L12,2023-10-27,S2,Palaquium ellipticum,Palaquium ellipticum,0,0,0,0,1,0,0,0,0,0,,
L12,2023-10-27,S2,Coffea arabica,Coffea arabica,0,0,0,0,1,0,0,0,0,0,,
L12,2023-10-27,S2,Diospyros sylvatica,Diospyros sylvatica,0,0,0,0,0,0,0,0,0,1,,
L12,2023-10-27,S2,Xanthophyllum flavescens,Xanthophyllum flavescens,0,0,0,0,0,0,0,0,0,1,,
L13,2023-10-27,S2,Coffea canephora,Coffea canephora,0,0,0,0,2,0,4,0,0,0,,
L13,2023-10-27,S2,Glochidion malabaricum,Glochidion malabaricum,0,0,0,0,0,0,1,0,0,0,,
L13,2023-10-27,S2,Actinodaphne malabarica,Actinodaphne malabarica,0,0,0,0,0,0,2,0,0,0,,
L13,2023-10-27,S2,Maesopsis eminii,Maesopsis eminii,0,0,0,0,0,0,2,0,3,4,,
L13,2023-10-27,S2,Cinnamomum malabatrum,Cinnamomum malabatrum,0,0,0,0,0,0,0,0,0,1,,
L13,2023-10-27,S2,Leea indica,Leea indica,0,0,0,0,1,0,0,0,0,1,,
L13,2023-10-27,S2,Olea dioica,Olea dioica,0,0,0,0,0,0,1,0,0,1,,
L14,2023-10-27,S2,Olea dioica,Olea dioica,0,0,0,0,0,0,2,0,2,1,,
L14,2023-10-27,S2,Actinodaphne malabarica,Actinodaphne malabarica,0,0,0,0,2,0,0,0,0,1,,
L14,2023-10-27,S2,Cinnamomum malabatrum,Cinnamomum malabatrum,0,0,0,0,0,0,1,0,1,0,,
L14,2023-10-27,S2,Litsea coriacea,Litsea coriacea,0,0,0,0,0,0,0,0,1,0,,
L14,2023-10-27,S2,Leea indica,Leea indica,0,0,0,0,2,0,2,0,0,0,,
L14,2023-10-27,S2,Glochidion malabaricum,Glochidion malabaricum,0,0,0,0,0,0,0,2,0,0,,
L14,2023-10-27,S2,Euodia lunu-ankenda,Euodia lunu-ankenda,0,0,0,0,0,0,0,1,0,0,,
M12-SE(3),2023-10-27,S1,Turpinia malabarica,Turpinia malabarica,0,0,0,0,30,0,10,0,0,0,,
M12-SE(3),2023-10-27,S1,Otonephelium stipulaceum,Otonephelium stipulaceum,0,0,0,0,4,0,4,0,0,0,,
M12-SE(3),2023-10-27,S1,Vateria indica,Vateria indica,0,0,0,0,1,0,4,0,0,1,,
M12-SE(3),2023-10-27,S1,Villebrunea integrifolia,Villebrunea integrifolia,0,0,0,0,2,0,2,0,0,0,,
M12-SE(3),2023-10-27,S1,Coffea canephora,Coffea canephora,0,0,0,0,3,1,0,0,0,0,,
M12-SE(3),2023-10-27,S1,Dimocarpus longan,Dimocarpus longan,0,0,0,0,2,0,0,0,0,0,,
M12-SE(3),2023-10-27,S1,Artocarpus heterophyllus,Artocarpus heterophyllus,0,0,0,0,6,0,0,0,0,0,,
M12-SE(3),2023-10-27,S1,Holigarna nigra,Holigarna nigra,0,0,0,0,13,0,0,0,0,0,,
M12-SE(3),2023-10-27,S1,Elaeocarpus tuberculatus,Elaeocarpus tuberculatus,0,0,0,0,3,0,0,0,0,0,,
M12-SE(3),2023-10-27,S1,Xanthophyllum flavescens,Xanthophyllum flavescens,0,0,0,0,2,0,0,0,0,0,,
M12-SE(3),2023-10-27,S1,Actinodaphne tadulingamii,Actinodaphne tadulingamii,0,0,0,0,1,0,0,0,0,0,,
M12-SE(3),2023-10-27,S1,Maesopsis eminii,Maesopsis eminii,0,0,0,0,1,0,0,0,0,0,,
M12-SE(3),2023-10-27,S1,Leea indica,Leea indica,0,0,0,0,3,0,0,0,0,0,,
M12-SE(3),2023-10-27,S1,Aporosa indoacuminata,Aporosa indoacuminata,0,0,0,0,1,0,0,0,0,0,,
M12-SE(3),2023-10-27,S1,Aglaia canarana,Aglaia canarana,0,0,0,0,1,0,0,0,1,0,,
M12-SE(3),2023-10-27,S1,Canarium strictum,Canarium strictum,0,0,0,0,1,0,0,0,0,0,,
M12-SE(3),2023-10-27,S1,Litsea coriacea,Litsea coriacea,0,0,0,0,1,0,1,0,0,0,,
M12-SE(3),2023-10-27,S1,Diospyros sylvatica,Diospyros sylvatica,0,0,0,0,0,0,2,0,0,0,,
M12-SE(3),2023-10-27,S1,Paracroton pendulus,Paracroton pendulus,0,0,0,0,0,0,1,0,0,0,,
M12-SE(3),2023-10-27,S1,Semecarpus travancoricus,Semecarpus travancoricus,0,0,0,0,1,0,0,0,0,0,,
M12-SE(3),2023-10-27,S1,Actinodaphne malabarica,Actinodaphne malabarica,0,0,0,0,1,0,0,0,0,0,,
M12-SE(3),2023-10-27,S1,Macaranga peltata,Macaranga peltata,0,0,0,0,1,0,0,0,0,0,,
M12-SE(3),2023-10-27,S1,Epiprinus mallotiformis,Epiprinus mallotiformis,0,0,0,0,0,1,0,0,0,0,,
M12-SE(3),2023-10-27,S1,Litsea oleiodes,Litsea nigrescens,0,0,0,0,5,2,0,0,0,0,,
M13-NE(4),2023-10-27,S1,Leea indica,Leea indica,0,0,0,0,3,0,2,1,0,3,,
M13-NE(4),2023-10-27,S1,Coffea canephora,Coffea canephora,0,0,0,0,2,4,1,3,0,0,,
M13-NE(4),2023-10-27,S1,Litsea coriacea,Litsea coriacea,0,0,0,0,4,0,0,0,0,0,,
M13-NE(4),2023-10-27,S1,Actinodaphne malabarica,Actinodaphne malabarica,0,0,0,0,1,0,0,0,0,0,,
M13-NE(4),2023-10-27,S1,Chionanthus mala-elengi,Chionanthus mala-elengi,0,0,0,0,1,0,1,0,0,0,,
M13-NE(4),2023-10-27,S1,Euodia lunu-ankenda,Euodia lunu-ankenda,0,0,0,0,0,1,0,0,0,0,,
M13-NE(4),2023-10-27,S1,Caryota urens,Caryota urens,0,0,0,0,3,0,0,0,0,0,,
M13-NE(4),2023-10-27,S1,Ficus exasperata,Ficus exasperata,0,0,0,0,1,0,0,0,0,0,,
M13-NE(4),2023-10-27,S1,Diospyros paniculata,Diospyros paniculata,0,0,0,0,1,0,0,0,0,0,,
M13-NE(4),2023-10-27,S1,Persea macrantha,Persea macrantha,0,0,0,0,1,0,0,0,0,0,,
M13-NE(4),2023-10-27,S1,Turpinia malabarica,Turpinia malabarica,0,0,0,0,6,0,0,0,0,0,,
M13-NE(4),2023-10-27,S1,Glochidion malabaricum,Glochidion malabaricum,0,0,0,0,4,0,0,0,0,0,,
M13-NE(4),2023-10-27,S1,Xanthophyllum flavescens,Xanthophyllum flavescens,0,0,0,0,1,0,0,0,0,0,,
M13-NE(4),2023-10-27,S1,Artocarpus heterophyllus,Artocarpus heterophyllus,0,0,0,0,1,0,0,0,0,0,,
M14-SE(1),2023-10-27,S1,Maesa indica,Maesa indica,0,0,0,0,0,0,4,0,0,0,,
M14-SE(1),2023-10-27,S1,Leea indica,Leea indica,0,0,0,0,0,0,0,0,3,0,,
M14-SE(1),2023-10-27,S1,Actinodaphne malabarica,Actinodaphne malabarica,0,0,0,0,1,0,0,0,0,0,,
M14-SE(1),2023-10-27,S1,Aglaia canarana,Aglaia canarana,0,0,0,0,0,0,1,0,0,0,,
M14-SE(1),2023-10-27,S1,Aporosa indoacuminata,Aporosa indoacuminata,0,0,0,0,2,0,0,0,0,0,,
M14-SE(1),2023-10-27,S1,Coffea canephora,Coffea canephora,0,0,0,0,10,0,0,0,0,0,,
M14-SE(1),2023-10-27,S1,Turpinia malabarica,Turpinia malabarica,0,0,0,0,3,0,0,0,0,0,,
M14-SE(1),2023-10-27,S1,Clerodendrum infortunatum,Clerodendrum infortunatum,0,0,0,0,1,0,0,0,0,0,,
M14-SE(1),2023-10-27,S1,Persea macrantha,Persea macrantha,0,0,0,0,0,0,1,0,0,0,,
N12-SE(2),2023-10-27,S1,Aporosa indoacuminata,Aporosa indoacuminata,0,0,0,0,3,0,2,0,1,0,,
N12-SE(2),2023-10-27,S1,Litsea floribunda,Litsea floribunda,0,0,0,0,5,0,0,0,0,0,,
N12-SE(2),2023-10-27,S1,Palaquium ellipticum,Palaquium ellipticum,0,0,0,0,1,0,0,0,0,0,,
N12-SE(2),2023-10-27,S1,Caryota urens,Caryota urens,0,0,0,0,1,0,0,0,0,0,,
N12-SE(2),2023-10-27,S1,Dysoxylum malabaricum,Dysoxylum malabaricum,0,0,0,0,1,0,0,0,0,0,,
N12-SE(2),2023-10-27,S1,Phoebe lanceolata,Phoebe lanceolata,0,0,0,0,2,0,1,0,0,0,,
N12-SE(2),2023-10-27,S1,Villebrunea integrifolia,Villebrunea integrifolia,0,0,0,0,0,0,0,1,0,0,,
N12-SE(2),2023-10-27,S1,Litsea coriacea,Litsea coriacea,0,0,0,0,1,0,0,0,0,0,,
N12-SE(2),2023-10-27,S1,Otonephelium stipulaceum,Otonephelium stipulaceum,0,0,0,0,2,0,0,0,0,0,,
N12-SE(2),2023-10-27,S1,Turpinia malabarica,Turpinia malabarica,0,0,0,0,3,0,0,0,0,0,,
N12-SE(2),2023-10-27,S1,Persea macrantha,Persea macrantha,0,0,0,0,1,0,1,0,0,0,,
N12-SE(2),2023-10-27,S1,Vateria indica,Vateria indica,0,0,0,0,0,0,1,0,0,0,,
N12-SE(2),2023-10-27,S1,Litsea oleiodes,Litsea nigrescens,0,0,0,0,2,0,0,0,0,0,,
N12-SE(2),2023-10-27,S1,Coffea canephora,Coffea canephora,0,0,0,0,4,1,0,0,0,0,,
N12-SE(2),2023-10-27,S1,Drypetes wightii,Drypetes wightii,0,0,0,0,1,0,0,0,0,0,,
N12-SE(2),2023-10-27,S1,Symplocos rosea,Symplocos rosea,0,0,0,0,0,0,1,0,0,0,,
N12-SE(2),2023-10-27,S1,Cullenia exarillata,Cullenia exarillata,0,0,0,0,1,0,0,0,0,0,,
N12-SE(2),2023-10-27,S1,Xanthophyllum flavescens,Xanthophyllum flavescens,0,0,0,0,3,0,0,0,0,0,,
N12-SE(2),2023-10-27,S1,Caryota urens,Caryota urens,0,0,0,0,2,0,0,0,0,0,,
N12-SE(2),2023-10-27,S1,Antidesma menasu,Antidesma menasu,0,0,0,0,1,0,0,0,0,0,,
N12-SE(2),2023-10-27,S1,Holigarna nigra,Holigarna nigra,0,0,0,0,6,0,0,0,0,0,,
N12-SE(2),2023-10-27,S1,Litsea floribunda,Litsea floribunda,0,0,0,0,0,0,1,0,0,0,,
N12-SE(2),2023-10-27,S1,Meiogyne pannosa,Meiogyne pannosa,0,0,0,0,1,0,0,0,0,0,,
N13-SE(1),2023-10-27,S1,Glochidion malabaricum,Glochidion malabaricum,0,0,0,0,10,0,0,0,0,0,,
N13-SE(1),2023-10-27,S1,Xanthophyllum flavescens,Xanthophyllum flavescens,0,0,0,0,7,0,2,0,0,0,,
N13-SE(1),2023-10-27,S1,Diospyros sylvatica,Diospyros sylvatica,0,0,0,0,0,0,2,0,1,0,,
N13-SE(1),2023-10-27,S1,Coffea canephora,Coffea canephora,0,0,0,0,0,0,0,1,0,0,,
N13-SE(1),2023-10-27,S1,Leea indica,Leea indica,0,0,0,0,2,0,1,0,1,1,,
N13-SE(1),2023-10-27,S1,Knema attenuata,Knema attenuata,0,0,0,0,1,0,1,0,0,0,,
N13-SE(1),2023-10-27,S1,Toona ciliata,Toona ciliata,0,0,0,0,2,0,2,0,0,0,,
N13-SE(1),2023-10-27,S1,Actinodaphne malabarica,Actinodaphne malabarica,0,0,0,0,2,0,1,0,0,0,,
N13-SE(1),2023-10-27,S1,Aporosa indoacuminata,Aporosa indoacuminata,0,0,0,0,4,0,0,0,0,0,,
N13-SE(1),2023-10-27,S1,Aglaia canarana,Aglaia canarana,0,0,0,0,1,0,1,0,0,0,,
N13-SE(1),2023-10-27,S1,Turpinia malabarica,Turpinia malabarica,0,0,0,0,4,0,0,0,0,0,,
N13-SE(1),2023-10-27,S1,Cinnamomum malabatrum,Cinnamomum malabatrum,0,0,0,0,1,0,0,0,0,0,,
N13-SE(1),2023-10-27,S1,Litsea floribunda,Litsea floribunda,0,0,0,0,1,0,0,0,0,0,,
N13-SE(1),2023-10-27,S1,Otonephelium stipulaceum,Otonephelium stipulaceum,0,0,0,0,2,0,0,0,0,0,,
N13-SE(1),2023-10-27,S1,Litsea oleiodes,Litsea nigrescens,0,0,0,0,1,0,0,0,0,0,,
N14-NE(1),2023-10-27,S1,Mesua ferrea,Mesua ferrea,0,0,0,0,1,0,0,0,0,0,,
N14-NE(1),2023-10-27,S1,Bombax ceiba,Bombax ceiba,0,0,0,0,1,0,0,0,0,0,,
N14-NE(1),2023-10-27,S1,Aglaia canarana,Aglaia canarana,0,0,0,0,1,0,0,0,0,0,,
N14-NE(1),2023-10-27,S1,Maesa indica,Maesa indica,0,0,0,0,1,0,0,0,0,0,,
N14-NE(1),2023-10-27,S1,Xanthophyllum flavescens,Xanthophyllum flavescens,0,0,0,0,1,0,0,0,0,0,,
N14-NE(1),2023-10-27,S1,Glochidion malabaricum,Glochidion malabaricum,0,0,0,0,2,0,0,0,0,0,,
N14-NE(1),2023-10-27,S1,Litsea coriacea,Litsea coriacea,0,0,0,0,1,0,0,0,0,0,,
N14-NE(1),2023-10-27,S1,Actinodaphne malabarica,Actinodaphne malabarica,0,0,0,0,0,0,0,0,0,1,,
N14-NE(1),2023-10-27,S1,Coffea canephora,Coffea canephora,0,0,0,0,6,0,10,0,2,3,,
N14-NE(1),2023-10-27,S1,Cullenia exarillata,Cullenia exarillata,0,0,0,0,1,0,1,0,0,0,,
N14-NE(1),2023-10-27,S1,Turpinia malabarica,Turpinia malabarica,0,0,0,0,3,0,0,0,0,0,,
N14-NE(1),2023-10-27,S1,Clerodendrum infortunatum,Clerodendrum infortunatum,0,0,0,0,1,0,0,0,0,0,,
N14-NE(1),2023-10-27,S1,Elaeocarpus tuberculatus,Elaeocarpus tuberculatus,0,0,0,0,1,0,0,0,0,0,,
N14-NE(1),2023-10-27,S1,Myristica beddomei,Myristica beddomei,0,0,0,0,1,0,0,0,0,0,,
N14-NE(1),2023-10-27,S1,Heynea trijuga,Heynea trijuga,0,0,0,0,1,0,0,0,0,0,,
N14-NE(1),2023-10-27,S1,Ficus exasperata,Ficus exasperata,0,0,0,0,1,0,0,0,0,0,,
N14-NE(1),2023-10-27,S1,Otonephelium stipulaceum,Otonephelium stipulaceum,0,0,0,0,1,0,1,0,0,0,,
N14-NE(1),2023-10-27,S1,Litsea coriacea,Litsea coriacea,0,0,0,0,0,0,1,0,0,0,,
RK-24 R01,2024-01-24,S1,Lantana camara,Lantana camara,0,0,0,0,2,0,4,0,0,0,,
RK-24 R01,2024-01-24,S1,Clerodendrum infortunatum,Clerodendrum infortunatum,0,0,0,0,3,0,1,0,0,0,,
RK-24 R02,2024-01-24,S1,Lantana camara,Lantana camara,0,0,0,0,4,0,3,0,0,0,,
RK-24 R02,2024-01-24,S1,Clerodendrum infortunatum,Clerodendrum infortunatum,0,0,0,0,4,0,4,0,0,0,,
RK-24 R02,2024-01-24,S1,Maesa indica,Maesa indica,0,0,0,0,2,0,0,0,0,0,,
IYP2024R1,2024-04-22,S1,Litsea floribunda,Litsea floribunda,0,0,0,0,2,0,0,0,0,0,,
IYP2024R1,2024-04-22,S1,Nothapodytes nimmoniana,Nothapodytes nimmoniana,0,0,0,0,4,0,0,0,0,0,,
IYP2024R1,2024-04-22,S1,Canarium strictum,Canarium strictum,0,0,0,0,1,0,0,0,0,0,,
IYP2024R1,2024-04-22,S1,Clerodendrum infortunatum,Clerodendrum infortunatum,0,0,0,0,0,0,1,0,0,1,,
IYP2024R1,2024-04-22,S1,Syzygium rubicundum,Syzygium rubicundum,0,0,0,0,1,0,0,0,0,0,,
IYP2024R1,2024-04-22,S1,Atalantia racemosa,Atalantia racemosa,0,0,0,0,2,0,1,0,0,0,,
IYP2024R1,2024-04-22,S1,Litsea stocksii,Litsea stocksii,0,0,0,0,0,0,0,0,1,0,,
IYP2024R1,2024-04-22,S1,Ficus hispida,Ficus hispida,0,0,0,0,1,0,0,0,0,0,,
IYP2024R1,2024-04-22,S1,Cinnamomum malabatrum,Cinnamomum malabatrum,0,0,0,0,3,0,0,0,0,1,,
IYP2024R1,2024-04-22,S1,Actinodaphne bourdillonii,Actinodaphne bourdillonii,0,0,0,0,0,0,1,0,0,0,,
IYP2024R1,2024-04-22,S1,Litsea bourdillonii,Litsea bourdillonii,0,0,0,0,1,0,0,0,0,0,,
IYP2024R1,2024-04-22,S1,Persea macrantha,Persea macrantha,0,0,0,0,1,0,0,0,0,0,,
IYP2024R2,2024-04-22,S1,Clerodendrum infortunatum,Clerodendrum infortunatum,0,0,0,0,0,0,0,0,3,1,,
IYP2024R2,2024-04-22,S1,Litsea stocksii,Litsea stocksii,0,0,0,0,0,0,0,0,1,0,,
IYP2024R2,2024-04-22,S1,Nothapodytes nimmoniana,Nothapodytes nimmoniana,0,0,0,0,1,0,0,0,0,0,,
IYP2024R2,2024-04-22,S1,Maesa indica,Maesa indica,0,0,0,0,4,1,0,0,2,0,,
IYP2024R2,2024-04-22,S1,Lantana camara,Lantana camara,0,0,0,0,1,0,0,0,0,0,,
IYP2024R2,2024-04-22,S1,Ficus hispida,Ficus hispida,0,0,0,0,1,0,1,0,0,0,,
IYP2024R2,2024-04-22,S1,Atalantia racemosa,Atalantia racemosa,0,0,0,0,0,0,3,0,0,0,,
IYP2024R2,2024-04-22,S1,Persea macrantha,Persea macrantha,0,0,0,0,1,0,1,0,0,0,,
IYP2024R2,2024-04-22,S1,Dichapetalum gelonioides,Dichapetalum gelonioides,0,0,0,0,1,0,0,0,2,0,,
IYP2024R2,2024-04-22,S1,Cinnamomum sp.,Cinnamomum sp.,0,0,0,0,1,0,1,0,0,0,,
IYP2024R2,2024-04-22,S1,Microtropis wallichiana,Microtropis wallichiana,0,0,0,0,0,0,1,0,0,0,,
IyH-24 R01,2024-10-21,S1,Coffea canephora,Coffea canephora,0,0,0,0,0,0,0,3,0,0,,
IyH-24 R01,2024-10-21,S1,Lantana camara,Lantana camara,0,0,0,0,3,0,0,0,0,0,,
G13,2025-12-17,S2,Leea indica,Leea indica,2,2,0,0,0,0,0,0,0,0,,
G13,2025-12-17,S2,Litsea coriacea,Litsea coriacea,2,0,0,0,0,0,0,0,0,0,,
G13,2025-12-17,S2,Coffea canephora,Coffea canephora,2,0,0,0,0,0,0,0,0,0,,
G13,2025-12-17,S2,Glochidion malabaricum,Glochidion malabaricum,1,0,0,0,0,0,0,0,0,0,,
G13,2025-12-17,S2,Lantana camara,Lantana camara,1,0,0,0,0,0,0,0,0,0,,
G14,2025-12-17,S2,Coffea canephora,Coffea canephora,0,0,1,0,0,0,0,0,0,0,,
G14,2025-12-17,S2,Lantana camara,Lantana camara,1,0,0,0,0,0,0,0,0,0,,
H14,2025-12-17,S2,Coffea canephora,Coffea canephora,3,0,7,0,0,0,0,0,0,0,,
H14,2025-12-17,S2,Litsea coriacea,Litsea coriacea,1,0,0,0,0,0,0,0,0,0,,
H14,2025-12-17,S2,Maesa indica,Maesa indica,1,1,0,0,0,0,0,0,0,0,,
H14,2025-12-17,S2,Rauwolfia densiflora,Rauwolfia densiflora,1,0,0,0,0,0,0,0,0,0,,
H14,2025-12-17,S2,Leea indica,Leea indica,1,0,0,0,0,0,0,0,0,0,,
H14,2025-12-17,S2,Aglaia canarana,Aglaia canarana,0,1,0,0,0,0,0,0,0,0,,
TANTEA_CIN_03R,2025-12-18,S1,Maesa indica,Maesa indica,4,0,0,0,0,0,0,0,0,0,,
TANTEA_CIN_03R,2025-12-18,S1,Mallotus philippensis,Mallotus philippensis,0,1,0,0,0,0,0,0,0,0,,
TANTEA_CIN_03R,2025-12-18,S1,Citrus sp.,Citrus sp.,0,2,0,0,0,0,0,0,0,0,,
TANTEA_CIN_03R,2025-12-18,S1,Clerodendrum infortunatum,Clerodendrum infortunatum,0,0,0,0,0,0,0,0,0,0,,
TANTEA_CIN_03R,2025-12-18,S1,Lantana camara,Lantana camara,1,0,0,0,0,0,0,0,0,0,,
TANTEA_CIN_04R,2025-12-18,S1,Clerodendrum infortunatum,Clerodendrum infortunatum,1,0,0,0,0,0,0,0,0,0,,
TANTEA_CIN_04R,2025-12-18,S1,Glochidion malabaricum,Glochidion malabaricum,2,0,0,0,0,0,0,0,0,0,,
TANTEA_CIN_04R,2025-12-18,S1,Nothapodytes nimmoniana,Nothapodytes nimmoniana,1,0,0,0,0,0,0,0,0,0,,
TANTEA_CIN_04R,2025-12-18,S1,Symplocos cochinchinensis,Symplocos cochinchinensis,1,0,0,0,0,0,0,0,0,0,,
TANTEA_CIN_04R,2025-12-18,S1,Litsea bourdillonii,Litsea bourdillonii,0,1,0,0,0,0,0,0,0,0,,
TANTEA_CIN_04R,2025-12-18,S1,Litsea floribunda,Litsea floribunda,3,0,0,0,0,0,0,0,0,0,,
TANTEA_CIN_04R,2025-12-18,S1,Mallotus philippensis,Mallotus philippensis,1,0,0,0,0,0,0,0,0,0,,
TANTEA_CIN_04R,2025-12-18,S1,Citrus sp.,Citrus sp.,0,1,0,0,0,0,0,0,0,0,,
RK-25 R,2025-12-18,S1,Clerodendrum infortunatum,Clerodendrum infortunatum,3,16,0,0,0,0,0,0,0,0,,
RK-25 R,2025-12-18,S1,Coffea canephora,Coffea canephora,1,0,0,0,0,0,0,0,0,0,,
RK-25 R,2025-12-18,S1,Maesa indica,Maesa indica,1,1,0,0,0,0,0,0,0,0,,
RK-25 R,2025-12-18,S1,Atalantia racemosa,Atalantia racemosa,6,0,0,0,0,0,0,0,0,0,,
RK-25 R,2025-12-18,S1,Lantana camara,Lantana camara,2,4,0,0,0,0,0,0,0,0,,
IyT-GLI-25 R,2025-12-18,S1,Clerodendrum infortunatum,Clerodendrum infortunatum,5,0,0,0,0,0,0,0,0,0,,
IyT-GLI-25 R,2025-12-18,S1,Calamus sp.,Calamus sp.,1,0,0,0,0,0,0,0,0,0,,
IyT-GLI-25 R,2025-12-18,S1,Ficus nervosa,Ficus nervosa,1,0,0,0,0,0,0,0,0,0,,
IyT-GLI-25 R,2025-12-18,S1,Clausena indica,Clausena indica,1,0,0,0,0,0,0,0,0,0,,
IyT-GLI-25 R,2025-12-18,S1,Litsea floribunda,Litsea floribunda,1,0,0,0,0,0,0,0,0,0,,
IyT-GLI-25 R,2025-12-18,S1,Gliricidia sepium,Gliricidia sepium,5,0,0,0,0,0,0,0,0,0,,
